// <auto-generated>
//   Generated by tools/QRInteropFixtures: dotnet run --project tools/QRInteropFixtures -- generate-kanji-table
//   Source data: tools/QRInteropFixtures/kanji-sweep.tsv (probe-kanji-sweep).
//   Do not edit by hand; regenerate instead. See .github/docs/specs/qrcode-symbologies.md.
// </auto-generated>

using System.Buffers.Binary;
using System.Runtime.CompilerServices;

namespace FeatherQR.Internals;

/// <summary>
/// JIS X 0208 to Unicode for ISO/IEC 18004 Kanji mode, shared by all three
/// symbologies. Indexed by the 13-bit compacted value (8.4.5), so a lookup is a
/// single load with no arithmetic.
/// </summary>
/// <remarks>
/// <para>
/// The mapping is JIS X 0208, not Microsoft CP932; the two disagree, and the
/// cells CP932 adds stay unmapped here, so a symbol carrying them is reported
/// as QRCodeDecodeStatus.UnmappedCharacter rather than silently rewritten. The
/// canonical statement of
/// the divergence set and the reasoning is the scope decision in
/// .github/docs/specs/qrcode-symbologies.md; keep the counts out of this file
/// so a regeneration cannot reintroduce a stale copy (they were wrong in four
/// places once already).
/// </para>
/// <para>
/// Unmapped cells hold 0, which is never a legitimate JIS X 0208 mapping. The
/// caller separates the two reasons a cell can be unmapped with
/// <see cref="IsStructurallyValid"/>: a value no Shift_JIS pair can express is a
/// corrupt bitstream (QRCodeDecodeStatus.InvalidBitstream), a well-formed value
/// outside the repertoire is a character this mapping has no reading for
/// (QRCodeDecodeStatus.UnmappedCharacter).
/// </para>
/// </remarks>
internal static class ShiftJisKanjiTable
{
    /// <summary>Size of the index space: the compacted value is exactly 13 bits.</summary>
    public const int IndexCount = 8192;

    /// <summary>Cells the JIS X 0208 repertoire assigns (6,355 kanji + 524 non-kanji).</summary>
    public const int AssignedCellCount = 6879;

    /// <summary>Highest low byte a Shift_JIS trail byte can produce after the range subtraction.</summary>
    private const int MaxLowByte = 0xBC;

    /// <summary>Low byte that would require trail byte 0x7F, which Shift_JIS never uses.</summary>
    private const int ReservedLowByte = 0x3F;

    /// <summary>
    /// Maps a 13-bit Kanji-mode value to its JIS X 0208 character, or
    /// <c>'\0'</c> when the cell is not in the repertoire.
    /// </summary>
    [MethodImpl(MethodImplOptions.AggressiveInlining)]
    public static char Lookup(int index13)
        => (char)BinaryPrimitives.ReadUInt16LittleEndian(Table.Slice(index13 * 2, 2));

    /// <summary>
    /// True when some Shift_JIS pair in the Kanji-mode ranges can produce this
    /// value. False means the bitstream is corrupt, not merely unmapped: the two
    /// get different statuses, InvalidBitstream and UnmappedCharacter.
    /// </summary>
    [MethodImpl(MethodImplOptions.AggressiveInlining)]
    public static bool IsStructurallyValid(int index13)
    {
        if ((uint)index13 >= IndexCount) return false;
        var low = index13 % 0xC0;
        return low <= MaxLowByte && low != ReservedLowByte;
    }

    // Little-endian UTF-16 code units, one per index. Emitted as bytes because
    // only byte-typed span literals become RVA data (no allocation, no static
    // constructor); 8192 entries x 2 bytes = 16,384 bytes.
    private static ReadOnlySpan<byte> Table =>
    [
        0x00, 0x30, 0x01, 0x30, 0x02, 0x30, 0x0C, 0xFF, 0x0E, 0xFF, 0xFB, 0x30, 0x1A, 0xFF, 0x1B, 0xFF,
        0x1F, 0xFF, 0x01, 0xFF, 0x9B, 0x30, 0x9C, 0x30, 0xB4, 0x00, 0x40, 0xFF, 0xA8, 0x00, 0x3E, 0xFF,
        0xE3, 0xFF, 0x3F, 0xFF, 0xFD, 0x30, 0xFE, 0x30, 0x9D, 0x30, 0x9E, 0x30, 0x03, 0x30, 0xDD, 0x4E,
        0x05, 0x30, 0x06, 0x30, 0x07, 0x30, 0xFC, 0x30, 0x15, 0x20, 0x10, 0x20, 0x0F, 0xFF, 0x5C, 0x00,
        0x1C, 0x30, 0x16, 0x20, 0x5C, 0xFF, 0x26, 0x20, 0x25, 0x20, 0x18, 0x20, 0x19, 0x20, 0x1C, 0x20,
        0x1D, 0x20, 0x08, 0xFF, 0x09, 0xFF, 0x14, 0x30, 0x15, 0x30, 0x3B, 0xFF, 0x3D, 0xFF, 0x5B, 0xFF,
        0x5D, 0xFF, 0x08, 0x30, 0x09, 0x30, 0x0A, 0x30, 0x0B, 0x30, 0x0C, 0x30, 0x0D, 0x30, 0x0E, 0x30,
        0x0F, 0x30, 0x10, 0x30, 0x11, 0x30, 0x0B, 0xFF, 0x12, 0x22, 0xB1, 0x00, 0xD7, 0x00, 0x00, 0x00,
        0xF7, 0x00, 0x1D, 0xFF, 0x60, 0x22, 0x1C, 0xFF, 0x1E, 0xFF, 0x66, 0x22, 0x67, 0x22, 0x1E, 0x22,
        0x34, 0x22, 0x42, 0x26, 0x40, 0x26, 0xB0, 0x00, 0x32, 0x20, 0x33, 0x20, 0x03, 0x21, 0xE5, 0xFF,
        0x04, 0xFF, 0xA2, 0x00, 0xA3, 0x00, 0x05, 0xFF, 0x03, 0xFF, 0x06, 0xFF, 0x0A, 0xFF, 0x20, 0xFF,
        0xA7, 0x00, 0x06, 0x26, 0x05, 0x26, 0xCB, 0x25, 0xCF, 0x25, 0xCE, 0x25, 0xC7, 0x25, 0xC6, 0x25,
        0xA1, 0x25, 0xA0, 0x25, 0xB3, 0x25, 0xB2, 0x25, 0xBD, 0x25, 0xBC, 0x25, 0x3B, 0x20, 0x12, 0x30,
        0x92, 0x21, 0x90, 0x21, 0x91, 0x21, 0x93, 0x21, 0x13, 0x30, 0x00, 0x00, 0x00, 0x00, 0x00, 0x00,
        0x00, 0x00, 0x00, 0x00, 0x00, 0x00, 0x00, 0x00, 0x00, 0x00, 0x00, 0x00, 0x00, 0x00, 0x00, 0x00,
        0x08, 0x22, 0x0B, 0x22, 0x86, 0x22, 0x87, 0x22, 0x82, 0x22, 0x83, 0x22, 0x2A, 0x22, 0x29, 0x22,
        0x00, 0x00, 0x00, 0x00, 0x00, 0x00, 0x00, 0x00, 0x00, 0x00, 0x00, 0x00, 0x00, 0x00, 0x00, 0x00,
        0x27, 0x22, 0x28, 0x22, 0xAC, 0x00, 0xD2, 0x21, 0xD4, 0x21, 0x00, 0x22, 0x03, 0x22, 0x00, 0x00,
        0x00, 0x00, 0x00, 0x00, 0x00, 0x00, 0x00, 0x00, 0x00, 0x00, 0x00, 0x00, 0x00, 0x00, 0x00, 0x00,
        0x00, 0x00, 0x00, 0x00, 0x20, 0x22, 0xA5, 0x22, 0x12, 0x23, 0x02, 0x22, 0x07, 0x22, 0x61, 0x22,
        0x52, 0x22, 0x6A, 0x22, 0x6B, 0x22, 0x1A, 0x22, 0x3D, 0x22, 0x1D, 0x22, 0x35, 0x22, 0x2B, 0x22,
        0x2C, 0x22, 0x00, 0x00, 0x00, 0x00, 0x00, 0x00, 0x00, 0x00, 0x00, 0x00, 0x00, 0x00, 0x00, 0x00,
        0x2B, 0x21, 0x30, 0x20, 0x6F, 0x26, 0x6D, 0x26, 0x6A, 0x26, 0x20, 0x20, 0x21, 0x20, 0xB6, 0x00,
        0x00, 0x00, 0x00, 0x00, 0x00, 0x00, 0x00, 0x00, 0xEF, 0x25, 0x00, 0x00, 0x00, 0x00, 0x00, 0x00,
        0x00, 0x00, 0x00, 0x00, 0x00, 0x00, 0x00, 0x00, 0x00, 0x00, 0x00, 0x00, 0x00, 0x00, 0x00, 0x00,
        0x00, 0x00, 0x00, 0x00, 0x00, 0x00, 0x00, 0x00, 0x00, 0x00, 0x00, 0x00, 0x00, 0x00, 0x10, 0xFF,
        0x11, 0xFF, 0x12, 0xFF, 0x13, 0xFF, 0x14, 0xFF, 0x15, 0xFF, 0x16, 0xFF, 0x17, 0xFF, 0x18, 0xFF,
        0x19, 0xFF, 0x00, 0x00, 0x00, 0x00, 0x00, 0x00, 0x00, 0x00, 0x00, 0x00, 0x00, 0x00, 0x00, 0x00,
        0x21, 0xFF, 0x22, 0xFF, 0x23, 0xFF, 0x24, 0xFF, 0x25, 0xFF, 0x26, 0xFF, 0x27, 0xFF, 0x28, 0xFF,
        0x29, 0xFF, 0x2A, 0xFF, 0x2B, 0xFF, 0x2C, 0xFF, 0x2D, 0xFF, 0x2E, 0xFF, 0x2F, 0xFF, 0x30, 0xFF,
        0x31, 0xFF, 0x32, 0xFF, 0x33, 0xFF, 0x34, 0xFF, 0x35, 0xFF, 0x36, 0xFF, 0x37, 0xFF, 0x38, 0xFF,
        0x39, 0xFF, 0x3A, 0xFF, 0x00, 0x00, 0x00, 0x00, 0x00, 0x00, 0x00, 0x00, 0x00, 0x00, 0x00, 0x00,
        0x00, 0x00, 0x41, 0xFF, 0x42, 0xFF, 0x43, 0xFF, 0x44, 0xFF, 0x45, 0xFF, 0x46, 0xFF, 0x47, 0xFF,
        0x48, 0xFF, 0x49, 0xFF, 0x4A, 0xFF, 0x4B, 0xFF, 0x4C, 0xFF, 0x4D, 0xFF, 0x4E, 0xFF, 0x4F, 0xFF,
        0x50, 0xFF, 0x51, 0xFF, 0x52, 0xFF, 0x53, 0xFF, 0x54, 0xFF, 0x55, 0xFF, 0x56, 0xFF, 0x57, 0xFF,
        0x58, 0xFF, 0x59, 0xFF, 0x5A, 0xFF, 0x00, 0x00, 0x00, 0x00, 0x00, 0x00, 0x00, 0x00, 0x41, 0x30,
        0x42, 0x30, 0x43, 0x30, 0x44, 0x30, 0x45, 0x30, 0x46, 0x30, 0x47, 0x30, 0x48, 0x30, 0x49, 0x30,
        0x4A, 0x30, 0x4B, 0x30, 0x4C, 0x30, 0x4D, 0x30, 0x4E, 0x30, 0x4F, 0x30, 0x50, 0x30, 0x51, 0x30,
        0x52, 0x30, 0x53, 0x30, 0x54, 0x30, 0x55, 0x30, 0x56, 0x30, 0x57, 0x30, 0x58, 0x30, 0x59, 0x30,
        0x5A, 0x30, 0x5B, 0x30, 0x5C, 0x30, 0x5D, 0x30, 0x5E, 0x30, 0x5F, 0x30, 0x60, 0x30, 0x61, 0x30,
        0x62, 0x30, 0x63, 0x30, 0x64, 0x30, 0x65, 0x30, 0x66, 0x30, 0x67, 0x30, 0x68, 0x30, 0x69, 0x30,
        0x6A, 0x30, 0x6B, 0x30, 0x6C, 0x30, 0x6D, 0x30, 0x6E, 0x30, 0x6F, 0x30, 0x70, 0x30, 0x71, 0x30,
        0x72, 0x30, 0x73, 0x30, 0x74, 0x30, 0x75, 0x30, 0x76, 0x30, 0x77, 0x30, 0x78, 0x30, 0x79, 0x30,
        0x7A, 0x30, 0x7B, 0x30, 0x7C, 0x30, 0x7D, 0x30, 0x7E, 0x30, 0x7F, 0x30, 0x80, 0x30, 0x81, 0x30,
        0x82, 0x30, 0x83, 0x30, 0x84, 0x30, 0x85, 0x30, 0x86, 0x30, 0x87, 0x30, 0x88, 0x30, 0x89, 0x30,
        0x8A, 0x30, 0x8B, 0x30, 0x8C, 0x30, 0x8D, 0x30, 0x8E, 0x30, 0x8F, 0x30, 0x90, 0x30, 0x91, 0x30,
        0x92, 0x30, 0x93, 0x30, 0x00, 0x00, 0x00, 0x00, 0x00, 0x00, 0x00, 0x00, 0x00, 0x00, 0x00, 0x00,
        0x00, 0x00, 0x00, 0x00, 0x00, 0x00, 0x00, 0x00, 0x00, 0x00, 0x00, 0x00, 0x00, 0x00, 0x00, 0x00,
        0xA1, 0x30, 0xA2, 0x30, 0xA3, 0x30, 0xA4, 0x30, 0xA5, 0x30, 0xA6, 0x30, 0xA7, 0x30, 0xA8, 0x30,
        0xA9, 0x30, 0xAA, 0x30, 0xAB, 0x30, 0xAC, 0x30, 0xAD, 0x30, 0xAE, 0x30, 0xAF, 0x30, 0xB0, 0x30,
        0xB1, 0x30, 0xB2, 0x30, 0xB3, 0x30, 0xB4, 0x30, 0xB5, 0x30, 0xB6, 0x30, 0xB7, 0x30, 0xB8, 0x30,
        0xB9, 0x30, 0xBA, 0x30, 0xBB, 0x30, 0xBC, 0x30, 0xBD, 0x30, 0xBE, 0x30, 0xBF, 0x30, 0xC0, 0x30,
        0xC1, 0x30, 0xC2, 0x30, 0xC3, 0x30, 0xC4, 0x30, 0xC5, 0x30, 0xC6, 0x30, 0xC7, 0x30, 0xC8, 0x30,
        0xC9, 0x30, 0xCA, 0x30, 0xCB, 0x30, 0xCC, 0x30, 0xCD, 0x30, 0xCE, 0x30, 0xCF, 0x30, 0xD0, 0x30,
        0xD1, 0x30, 0xD2, 0x30, 0xD3, 0x30, 0xD4, 0x30, 0xD5, 0x30, 0xD6, 0x30, 0xD7, 0x30, 0xD8, 0x30,
        0xD9, 0x30, 0xDA, 0x30, 0xDB, 0x30, 0xDC, 0x30, 0xDD, 0x30, 0xDE, 0x30, 0xDF, 0x30, 0x00, 0x00,
        0xE0, 0x30, 0xE1, 0x30, 0xE2, 0x30, 0xE3, 0x30, 0xE4, 0x30, 0xE5, 0x30, 0xE6, 0x30, 0xE7, 0x30,
        0xE8, 0x30, 0xE9, 0x30, 0xEA, 0x30, 0xEB, 0x30, 0xEC, 0x30, 0xED, 0x30, 0xEE, 0x30, 0xEF, 0x30,
        0xF0, 0x30, 0xF1, 0x30, 0xF2, 0x30, 0xF3, 0x30, 0xF4, 0x30, 0xF5, 0x30, 0xF6, 0x30, 0x00, 0x00,
        0x00, 0x00, 0x00, 0x00, 0x00, 0x00, 0x00, 0x00, 0x00, 0x00, 0x00, 0x00, 0x00, 0x00, 0x91, 0x03,
        0x92, 0x03, 0x93, 0x03, 0x94, 0x03, 0x95, 0x03, 0x96, 0x03, 0x97, 0x03, 0x98, 0x03, 0x99, 0x03,
        0x9A, 0x03, 0x9B, 0x03, 0x9C, 0x03, 0x9D, 0x03, 0x9E, 0x03, 0x9F, 0x03, 0xA0, 0x03, 0xA1, 0x03,
        0xA3, 0x03, 0xA4, 0x03, 0xA5, 0x03, 0xA6, 0x03, 0xA7, 0x03, 0xA8, 0x03, 0xA9, 0x03, 0x00, 0x00,
        0x00, 0x00, 0x00, 0x00, 0x00, 0x00, 0x00, 0x00, 0x00, 0x00, 0x00, 0x00, 0x00, 0x00, 0xB1, 0x03,
        0xB2, 0x03, 0xB3, 0x03, 0xB4, 0x03, 0xB5, 0x03, 0xB6, 0x03, 0xB7, 0x03, 0xB8, 0x03, 0xB9, 0x03,
        0xBA, 0x03, 0xBB, 0x03, 0xBC, 0x03, 0xBD, 0x03, 0xBE, 0x03, 0xBF, 0x03, 0xC0, 0x03, 0xC1, 0x03,
        0xC3, 0x03, 0xC4, 0x03, 0xC5, 0x03, 0xC6, 0x03, 0xC7, 0x03, 0xC8, 0x03, 0xC9, 0x03, 0x00, 0x00,
        0x00, 0x00, 0x00, 0x00, 0x00, 0x00, 0x00, 0x00, 0x00, 0x00, 0x00, 0x00, 0x00, 0x00, 0x00, 0x00,
        0x00, 0x00, 0x00, 0x00, 0x00, 0x00, 0x00, 0x00, 0x00, 0x00, 0x00, 0x00, 0x00, 0x00, 0x00, 0x00,
        0x00, 0x00, 0x00, 0x00, 0x00, 0x00, 0x00, 0x00, 0x00, 0x00, 0x00, 0x00, 0x00, 0x00, 0x00, 0x00,
        0x00, 0x00, 0x00, 0x00, 0x00, 0x00, 0x00, 0x00, 0x00, 0x00, 0x00, 0x00, 0x00, 0x00, 0x00, 0x00,
        0x00, 0x00, 0x00, 0x00, 0x00, 0x00, 0x00, 0x00, 0x00, 0x00, 0x00, 0x00, 0x00, 0x00, 0x00, 0x00,
        0x10, 0x04, 0x11, 0x04, 0x12, 0x04, 0x13, 0x04, 0x14, 0x04, 0x15, 0x04, 0x01, 0x04, 0x16, 0x04,
        0x17, 0x04, 0x18, 0x04, 0x19, 0x04, 0x1A, 0x04, 0x1B, 0x04, 0x1C, 0x04, 0x1D, 0x04, 0x1E, 0x04,
        0x1F, 0x04, 0x20, 0x04, 0x21, 0x04, 0x22, 0x04, 0x23, 0x04, 0x24, 0x04, 0x25, 0x04, 0x26, 0x04,
        0x27, 0x04, 0x28, 0x04, 0x29, 0x04, 0x2A, 0x04, 0x2B, 0x04, 0x2C, 0x04, 0x2D, 0x04, 0x2E, 0x04,
        0x2F, 0x04, 0x00, 0x00, 0x00, 0x00, 0x00, 0x00, 0x00, 0x00, 0x00, 0x00, 0x00, 0x00, 0x00, 0x00,
        0x00, 0x00, 0x00, 0x00, 0x00, 0x00, 0x00, 0x00, 0x00, 0x00, 0x00, 0x00, 0x00, 0x00, 0x00, 0x00,
        0x30, 0x04, 0x31, 0x04, 0x32, 0x04, 0x33, 0x04, 0x34, 0x04, 0x35, 0x04, 0x51, 0x04, 0x36, 0x04,
        0x37, 0x04, 0x38, 0x04, 0x39, 0x04, 0x3A, 0x04, 0x3B, 0x04, 0x3C, 0x04, 0x3D, 0x04, 0x00, 0x00,
        0x3E, 0x04, 0x3F, 0x04, 0x40, 0x04, 0x41, 0x04, 0x42, 0x04, 0x43, 0x04, 0x44, 0x04, 0x45, 0x04,
        0x46, 0x04, 0x47, 0x04, 0x48, 0x04, 0x49, 0x04, 0x4A, 0x04, 0x4B, 0x04, 0x4C, 0x04, 0x4D, 0x04,
        0x4E, 0x04, 0x4F, 0x04, 0x00, 0x00, 0x00, 0x00, 0x00, 0x00, 0x00, 0x00, 0x00, 0x00, 0x00, 0x00,
        0x00, 0x00, 0x00, 0x00, 0x00, 0x00, 0x00, 0x00, 0x00, 0x00, 0x00, 0x00, 0x00, 0x00, 0x00, 0x25,
        0x02, 0x25, 0x0C, 0x25, 0x10, 0x25, 0x18, 0x25, 0x14, 0x25, 0x1C, 0x25, 0x2C, 0x25, 0x24, 0x25,
        0x34, 0x25, 0x3C, 0x25, 0x01, 0x25, 0x03, 0x25, 0x0F, 0x25, 0x13, 0x25, 0x1B, 0x25, 0x17, 0x25,
        0x23, 0x25, 0x33, 0x25, 0x2B, 0x25, 0x3B, 0x25, 0x4B, 0x25, 0x20, 0x25, 0x2F, 0x25, 0x28, 0x25,
        0x37, 0x25, 0x3F, 0x25, 0x1D, 0x25, 0x30, 0x25, 0x25, 0x25, 0x38, 0x25, 0x42, 0x25, 0x00, 0x00,
        0x00, 0x00, 0x00, 0x00, 0x00, 0x00, 0x00, 0x00, 0x00, 0x00, 0x00, 0x00, 0x00, 0x00, 0x00, 0x00,
        0x00, 0x00, 0x00, 0x00, 0x00, 0x00, 0x00, 0x00, 0x00, 0x00, 0x00, 0x00, 0x00, 0x00, 0x00, 0x00,
        0x00, 0x00, 0x00, 0x00, 0x00, 0x00, 0x00, 0x00, 0x00, 0x00, 0x00, 0x00, 0x00, 0x00, 0x00, 0x00,
        0x00, 0x00, 0x00, 0x00, 0x00, 0x00, 0x00, 0x00, 0x00, 0x00, 0x00, 0x00, 0x00, 0x00, 0x00, 0x00,
        0x00, 0x00, 0x00, 0x00, 0x00, 0x00, 0x00, 0x00, 0x00, 0x00, 0x00, 0x00, 0x00, 0x00, 0x00, 0x00,
        0x00, 0x00, 0x00, 0x00, 0x00, 0x00, 0x00, 0x00, 0x00, 0x00, 0x00, 0x00, 0x00, 0x00, 0x00, 0x00,
        0x00, 0x00, 0x00, 0x00, 0x00, 0x00, 0x00, 0x00, 0x00, 0x00, 0x00, 0x00, 0x00, 0x00, 0x00, 0x00,
        0x00, 0x00, 0x00, 0x00, 0x00, 0x00, 0x00, 0x00, 0x00, 0x00, 0x00, 0x00, 0x00, 0x00, 0x00, 0x00,
        0x00, 0x00, 0x00, 0x00, 0x00, 0x00, 0x00, 0x00, 0x00, 0x00, 0x00, 0x00, 0x00, 0x00, 0x00, 0x00,
        0x00, 0x00, 0x00, 0x00, 0x00, 0x00, 0x00, 0x00, 0x00, 0x00, 0x00, 0x00, 0x00, 0x00, 0x00, 0x00,
        0x00, 0x00, 0x00, 0x00, 0x00, 0x00, 0x00, 0x00, 0x00, 0x00, 0x00, 0x00, 0x00, 0x00, 0x00, 0x00,
        0x00, 0x00, 0x00, 0x00, 0x00, 0x00, 0x00, 0x00, 0x00, 0x00, 0x00, 0x00, 0x00, 0x00, 0x00, 0x00,
        0x00, 0x00, 0x00, 0x00, 0x00, 0x00, 0x00, 0x00, 0x00, 0x00, 0x00, 0x00, 0x00, 0x00, 0x00, 0x00,
        0x00, 0x00, 0x00, 0x00, 0x00, 0x00, 0x00, 0x00, 0x00, 0x00, 0x00, 0x00, 0x00, 0x00, 0x00, 0x00,
        0x00, 0x00, 0x00, 0x00, 0x00, 0x00, 0x00, 0x00, 0x00, 0x00, 0x00, 0x00, 0x00, 0x00, 0x00, 0x00,
        0x00, 0x00, 0x00, 0x00, 0x00, 0x00, 0x00, 0x00, 0x00, 0x00, 0x00, 0x00, 0x00, 0x00, 0x00, 0x00,
        0x00, 0x00, 0x00, 0x00, 0x00, 0x00, 0x00, 0x00, 0x00, 0x00, 0x00, 0x00, 0x00, 0x00, 0x00, 0x00,
        0x00, 0x00, 0x00, 0x00, 0x00, 0x00, 0x00, 0x00, 0x00, 0x00, 0x00, 0x00, 0x00, 0x00, 0x00, 0x00,
        0x00, 0x00, 0x00, 0x00, 0x00, 0x00, 0x00, 0x00, 0x00, 0x00, 0x00, 0x00, 0x00, 0x00, 0x00, 0x00,
        0x00, 0x00, 0x00, 0x00, 0x00, 0x00, 0x00, 0x00, 0x00, 0x00, 0x00, 0x00, 0x00, 0x00, 0x00, 0x00,
        0x00, 0x00, 0x00, 0x00, 0x00, 0x00, 0x00, 0x00, 0x00, 0x00, 0x00, 0x00, 0x00, 0x00, 0x00, 0x00,
        0x00, 0x00, 0x00, 0x00, 0x00, 0x00, 0x00, 0x00, 0x00, 0x00, 0x00, 0x00, 0x00, 0x00, 0x00, 0x00,
        0x00, 0x00, 0x00, 0x00, 0x00, 0x00, 0x00, 0x00, 0x00, 0x00, 0x00, 0x00, 0x00, 0x00, 0x00, 0x00,
        0x00, 0x00, 0x00, 0x00, 0x00, 0x00, 0x00, 0x00, 0x00, 0x00, 0x00, 0x00, 0x00, 0x00, 0x00, 0x00,
        0x00, 0x00, 0x00, 0x00, 0x00, 0x00, 0x00, 0x00, 0x00, 0x00, 0x00, 0x00, 0x00, 0x00, 0x00, 0x00,
        0x00, 0x00, 0x00, 0x00, 0x00, 0x00, 0x00, 0x00, 0x00, 0x00, 0x00, 0x00, 0x00, 0x00, 0x00, 0x00,
        0x00, 0x00, 0x00, 0x00, 0x00, 0x00, 0x00, 0x00, 0x00, 0x00, 0x00, 0x00, 0x00, 0x00, 0x00, 0x00,
        0x00, 0x00, 0x00, 0x00, 0x00, 0x00, 0x00, 0x00, 0x00, 0x00, 0x00, 0x00, 0x00, 0x00, 0x00, 0x00,
        0x00, 0x00, 0x00, 0x00, 0x00, 0x00, 0x00, 0x00, 0x00, 0x00, 0x00, 0x00, 0x00, 0x00, 0x00, 0x00,
        0x00, 0x00, 0x00, 0x00, 0x00, 0x00, 0x00, 0x00, 0x00, 0x00, 0x00, 0x00, 0x00, 0x00, 0x00, 0x00,
        0x00, 0x00, 0x00, 0x00, 0x00, 0x00, 0x00, 0x00, 0x00, 0x00, 0x00, 0x00, 0x00, 0x00, 0x00, 0x00,
        0x00, 0x00, 0x00, 0x00, 0x00, 0x00, 0x00, 0x00, 0x00, 0x00, 0x00, 0x00, 0x00, 0x00, 0x00, 0x00,
        0x00, 0x00, 0x00, 0x00, 0x00, 0x00, 0x00, 0x00, 0x00, 0x00, 0x00, 0x00, 0x00, 0x00, 0x00, 0x00,
        0x00, 0x00, 0x00, 0x00, 0x00, 0x00, 0x00, 0x00, 0x00, 0x00, 0x00, 0x00, 0x00, 0x00, 0x00, 0x00,
        0x00, 0x00, 0x00, 0x00, 0x00, 0x00, 0x00, 0x00, 0x00, 0x00, 0x00, 0x00, 0x00, 0x00, 0x00, 0x00,
        0x00, 0x00, 0x00, 0x00, 0x00, 0x00, 0x00, 0x00, 0x00, 0x00, 0x00, 0x00, 0x00, 0x00, 0x00, 0x00,
        0x00, 0x00, 0x00, 0x00, 0x00, 0x00, 0x00, 0x00, 0x00, 0x00, 0x00, 0x00, 0x00, 0x00, 0x00, 0x00,
        0x00, 0x00, 0x00, 0x00, 0x00, 0x00, 0x00, 0x00, 0x00, 0x00, 0x00, 0x00, 0x00, 0x00, 0x00, 0x00,
        0x00, 0x00, 0x00, 0x00, 0x00, 0x00, 0x00, 0x00, 0x00, 0x00, 0x00, 0x00, 0x00, 0x00, 0x00, 0x00,
        0x00, 0x00, 0x00, 0x00, 0x00, 0x00, 0x00, 0x00, 0x00, 0x00, 0x00, 0x00, 0x00, 0x00, 0x00, 0x00,
        0x00, 0x00, 0x00, 0x00, 0x00, 0x00, 0x00, 0x00, 0x00, 0x00, 0x00, 0x00, 0x00, 0x00, 0x00, 0x00,
        0x00, 0x00, 0x00, 0x00, 0x00, 0x00, 0x00, 0x00, 0x00, 0x00, 0x00, 0x00, 0x00, 0x00, 0x00, 0x00,
        0x00, 0x00, 0x00, 0x00, 0x00, 0x00, 0x00, 0x00, 0x00, 0x00, 0x00, 0x00, 0x00, 0x00, 0x00, 0x00,
        0x00, 0x00, 0x00, 0x00, 0x00, 0x00, 0x00, 0x00, 0x00, 0x00, 0x00, 0x00, 0x00, 0x00, 0x00, 0x00,
        0x00, 0x00, 0x00, 0x00, 0x00, 0x00, 0x00, 0x00, 0x00, 0x00, 0x00, 0x00, 0x00, 0x00, 0x00, 0x00,
        0x00, 0x00, 0x00, 0x00, 0x00, 0x00, 0x00, 0x00, 0x00, 0x00, 0x00, 0x00, 0x00, 0x00, 0x00, 0x00,
        0x00, 0x00, 0x00, 0x00, 0x00, 0x00, 0x00, 0x00, 0x00, 0x00, 0x00, 0x00, 0x00, 0x00, 0x00, 0x00,
        0x00, 0x00, 0x00, 0x00, 0x00, 0x00, 0x00, 0x00, 0x00, 0x00, 0x00, 0x00, 0x00, 0x00, 0x00, 0x00,
        0x00, 0x00, 0x00, 0x00, 0x00, 0x00, 0x00, 0x00, 0x00, 0x00, 0x00, 0x00, 0x00, 0x00, 0x00, 0x00,
        0x00, 0x00, 0x00, 0x00, 0x00, 0x00, 0x00, 0x00, 0x00, 0x00, 0x00, 0x00, 0x00, 0x00, 0x00, 0x00,
        0x00, 0x00, 0x00, 0x00, 0x00, 0x00, 0x00, 0x00, 0x00, 0x00, 0x00, 0x00, 0x00, 0x00, 0x00, 0x00,
        0x00, 0x00, 0x00, 0x00, 0x00, 0x00, 0x00, 0x00, 0x00, 0x00, 0x00, 0x00, 0x00, 0x00, 0x00, 0x00,
        0x00, 0x00, 0x00, 0x00, 0x00, 0x00, 0x00, 0x00, 0x00, 0x00, 0x00, 0x00, 0x00, 0x00, 0x00, 0x00,
        0x00, 0x00, 0x00, 0x00, 0x00, 0x00, 0x00, 0x00, 0x00, 0x00, 0x00, 0x00, 0x00, 0x00, 0x00, 0x00,
        0x00, 0x00, 0x00, 0x00, 0x00, 0x00, 0x00, 0x00, 0x00, 0x00, 0x00, 0x00, 0x00, 0x00, 0x00, 0x00,
        0x00, 0x00, 0x00, 0x00, 0x00, 0x00, 0x00, 0x00, 0x00, 0x00, 0x00, 0x00, 0x00, 0x00, 0x00, 0x00,
        0x00, 0x00, 0x00, 0x00, 0x00, 0x00, 0x00, 0x00, 0x00, 0x00, 0x00, 0x00, 0x00, 0x00, 0x00, 0x00,
        0x00, 0x00, 0x00, 0x00, 0x00, 0x00, 0x00, 0x00, 0x00, 0x00, 0x00, 0x00, 0x00, 0x00, 0x00, 0x00,
        0x00, 0x00, 0x00, 0x00, 0x00, 0x00, 0x00, 0x00, 0x00, 0x00, 0x00, 0x00, 0x00, 0x00, 0x00, 0x00,
        0x00, 0x00, 0x00, 0x00, 0x00, 0x00, 0x00, 0x00, 0x00, 0x00, 0x00, 0x00, 0x00, 0x00, 0x00, 0x00,
        0x00, 0x00, 0x00, 0x00, 0x00, 0x00, 0x00, 0x00, 0x00, 0x00, 0x00, 0x00, 0x00, 0x00, 0x00, 0x00,
        0x00, 0x00, 0x00, 0x00, 0x00, 0x00, 0x00, 0x00, 0x00, 0x00, 0x00, 0x00, 0x00, 0x00, 0x00, 0x00,
        0x00, 0x00, 0x00, 0x00, 0x00, 0x00, 0x00, 0x00, 0x00, 0x00, 0x00, 0x00, 0x00, 0x00, 0x00, 0x00,
        0x00, 0x00, 0x00, 0x00, 0x00, 0x00, 0x00, 0x00, 0x00, 0x00, 0x00, 0x00, 0x00, 0x00, 0x00, 0x00,
        0x00, 0x00, 0x00, 0x00, 0x00, 0x00, 0x00, 0x00, 0x00, 0x00, 0x00, 0x00, 0x00, 0x00, 0x00, 0x00,
        0x00, 0x00, 0x00, 0x00, 0x00, 0x00, 0x00, 0x00, 0x00, 0x00, 0x00, 0x00, 0x00, 0x00, 0x00, 0x00,
        0x00, 0x00, 0x00, 0x00, 0x00, 0x00, 0x00, 0x00, 0x00, 0x00, 0x00, 0x00, 0x00, 0x00, 0x00, 0x00,
        0x00, 0x00, 0x00, 0x00, 0x00, 0x00, 0x00, 0x00, 0x00, 0x00, 0x00, 0x00, 0x00, 0x00, 0x00, 0x00,
        0x00, 0x00, 0x00, 0x00, 0x00, 0x00, 0x00, 0x00, 0x00, 0x00, 0x00, 0x00, 0x00, 0x00, 0x00, 0x00,
        0x00, 0x00, 0x00, 0x00, 0x00, 0x00, 0x00, 0x00, 0x00, 0x00, 0x00, 0x00, 0x00, 0x00, 0x00, 0x00,
        0x00, 0x00, 0x00, 0x00, 0x00, 0x00, 0x00, 0x00, 0x00, 0x00, 0x00, 0x00, 0x00, 0x00, 0x00, 0x00,
        0x00, 0x00, 0x00, 0x00, 0x00, 0x00, 0x00, 0x00, 0x00, 0x00, 0x00, 0x00, 0x00, 0x00, 0x00, 0x00,
        0x00, 0x00, 0x00, 0x00, 0x00, 0x00, 0x00, 0x00, 0x00, 0x00, 0x00, 0x00, 0x00, 0x00, 0x00, 0x00,
        0x00, 0x00, 0x00, 0x00, 0x00, 0x00, 0x00, 0x00, 0x00, 0x00, 0x00, 0x00, 0x00, 0x00, 0x00, 0x00,
        0x00, 0x00, 0x00, 0x00, 0x00, 0x00, 0x00, 0x00, 0x00, 0x00, 0x00, 0x00, 0x00, 0x00, 0x00, 0x00,
        0x00, 0x00, 0x00, 0x00, 0x00, 0x00, 0x00, 0x00, 0x00, 0x00, 0x00, 0x00, 0x00, 0x00, 0x00, 0x00,
        0x00, 0x00, 0x00, 0x00, 0x00, 0x00, 0x00, 0x00, 0x00, 0x00, 0x00, 0x00, 0x00, 0x00, 0x00, 0x00,
        0x00, 0x00, 0x00, 0x00, 0x00, 0x00, 0x00, 0x00, 0x00, 0x00, 0x00, 0x00, 0x00, 0x00, 0x00, 0x00,
        0x00, 0x00, 0x00, 0x00, 0x00, 0x00, 0x00, 0x00, 0x00, 0x00, 0x00, 0x00, 0x00, 0x00, 0x00, 0x00,
        0x00, 0x00, 0x00, 0x00, 0x00, 0x00, 0x00, 0x00, 0x00, 0x00, 0x00, 0x00, 0x00, 0x00, 0x00, 0x00,
        0x00, 0x00, 0x00, 0x00, 0x00, 0x00, 0x00, 0x00, 0x00, 0x00, 0x00, 0x00, 0x00, 0x00, 0x00, 0x00,
        0x00, 0x00, 0x00, 0x00, 0x00, 0x00, 0x00, 0x00, 0x00, 0x00, 0x00, 0x00, 0x00, 0x00, 0x00, 0x00,
        0x00, 0x00, 0x00, 0x00, 0x00, 0x00, 0x00, 0x00, 0x00, 0x00, 0x00, 0x00, 0x00, 0x00, 0x00, 0x00,
        0x00, 0x00, 0x00, 0x00, 0x00, 0x00, 0x00, 0x00, 0x00, 0x00, 0x00, 0x00, 0x00, 0x00, 0x00, 0x00,
        0x00, 0x00, 0x00, 0x00, 0x00, 0x00, 0x00, 0x00, 0x00, 0x00, 0x00, 0x00, 0x00, 0x00, 0x00, 0x00,
        0x00, 0x00, 0x00, 0x00, 0x00, 0x00, 0x00, 0x00, 0x00, 0x00, 0x00, 0x00, 0x00, 0x00, 0x00, 0x00,
        0x00, 0x00, 0x00, 0x00, 0x00, 0x00, 0x00, 0x00, 0x00, 0x00, 0x00, 0x00, 0x00, 0x00, 0x00, 0x00,
        0x00, 0x00, 0x00, 0x00, 0x00, 0x00, 0x00, 0x00, 0x00, 0x00, 0x00, 0x00, 0x00, 0x00, 0x00, 0x00,
        0x00, 0x00, 0x00, 0x00, 0x00, 0x00, 0x00, 0x00, 0x00, 0x00, 0x00, 0x00, 0x00, 0x00, 0x00, 0x00,
        0x00, 0x00, 0x00, 0x00, 0x00, 0x00, 0x00, 0x00, 0x00, 0x00, 0x00, 0x00, 0x00, 0x00, 0x00, 0x00,
        0x00, 0x00, 0x00, 0x00, 0x00, 0x00, 0x00, 0x00, 0x00, 0x00, 0x00, 0x00, 0x00, 0x00, 0x00, 0x00,
        0x00, 0x00, 0x00, 0x00, 0x00, 0x00, 0x00, 0x00, 0x00, 0x00, 0x00, 0x00, 0x00, 0x00, 0x9C, 0x4E,
        0x16, 0x55, 0x03, 0x5A, 0x3F, 0x96, 0xC0, 0x54, 0x1B, 0x61, 0x28, 0x63, 0xF6, 0x59, 0x22, 0x90,
        0x75, 0x84, 0x1C, 0x83, 0x50, 0x7A, 0xAA, 0x60, 0xE1, 0x63, 0x25, 0x6E, 0xED, 0x65, 0x66, 0x84,
        0xA6, 0x82, 0xF5, 0x9B, 0x93, 0x68, 0x27, 0x57, 0xA1, 0x65, 0x71, 0x62, 0x9B, 0x5B, 0xD0, 0x59,
        0x7B, 0x86, 0xF4, 0x98, 0x62, 0x7D, 0xBE, 0x7D, 0x8E, 0x9B, 0x16, 0x62, 0x9F, 0x7C, 0xB7, 0x88,
        0x89, 0x5B, 0xB5, 0x5E, 0x09, 0x63, 0x97, 0x66, 0x48, 0x68, 0xC7, 0x95, 0x8D, 0x97, 0x4F, 0x67,
        0xE5, 0x4E, 0x0A, 0x4F, 0x4D, 0x4F, 0x9D, 0x4F, 0x49, 0x50, 0xF2, 0x56, 0x37, 0x59, 0xD4, 0x59,
        0x01, 0x5A, 0x09, 0x5C, 0xDF, 0x60, 0x0F, 0x61, 0x70, 0x61, 0x13, 0x66, 0x05, 0x69, 0xBA, 0x70,
        0x4F, 0x75, 0x70, 0x75, 0xFB, 0x79, 0xAD, 0x7D, 0xEF, 0x7D, 0xC3, 0x80, 0x0E, 0x84, 0x63, 0x88,
        0x02, 0x8B, 0x55, 0x90, 0x7A, 0x90, 0x3B, 0x53, 0x95, 0x4E, 0xA5, 0x4E, 0xDF, 0x57, 0xB2, 0x80,
        0xC1, 0x90, 0xEF, 0x78, 0x00, 0x4E, 0xF1, 0x58, 0xA2, 0x6E, 0x38, 0x90, 0x32, 0x7A, 0x28, 0x83,
        0x8B, 0x82, 0x2F, 0x9C, 0x41, 0x51, 0x70, 0x53, 0xBD, 0x54, 0xE1, 0x54, 0xE0, 0x56, 0xFB, 0x59,
        0x15, 0x5F, 0xF2, 0x98, 0xEB, 0x6D, 0xE4, 0x80, 0x2D, 0x85, 0x00, 0x00, 0x00, 0x00, 0x00, 0x00,
        0x62, 0x96, 0x70, 0x96, 0xA0, 0x96, 0xFB, 0x97, 0x0B, 0x54, 0xF3, 0x53, 0x87, 0x5B, 0xCF, 0x70,
        0xBD, 0x7F, 0xC2, 0x8F, 0xE8, 0x96, 0x6F, 0x53, 0x5C, 0x9D, 0xBA, 0x7A, 0x11, 0x4E, 0x93, 0x78,
        0xFC, 0x81, 0x26, 0x6E, 0x18, 0x56, 0x04, 0x55, 0x1D, 0x6B, 0x1A, 0x85, 0x3B, 0x9C, 0xE5, 0x59,
        0xA9, 0x53, 0x66, 0x6D, 0xDC, 0x74, 0x8F, 0x95, 0x42, 0x56, 0x91, 0x4E, 0x4B, 0x90, 0xF2, 0x96,
        0x4F, 0x83, 0x0C, 0x99, 0xE1, 0x53, 0xB6, 0x55, 0x30, 0x5B, 0x71, 0x5F, 0x20, 0x66, 0xF3, 0x66,
        0x04, 0x68, 0x38, 0x6C, 0xF3, 0x6C, 0x29, 0x6D, 0x5B, 0x74, 0xC8, 0x76, 0x4E, 0x7A, 0x34, 0x98,
        0xF1, 0x82, 0x5B, 0x88, 0x60, 0x8A, 0xED, 0x92, 0xB2, 0x6D, 0xAB, 0x75, 0xCA, 0x76, 0xC5, 0x99,
        0xA6, 0x60, 0x01, 0x8B, 0x8A, 0x8D, 0xB2, 0x95, 0x8E, 0x69, 0xAD, 0x53, 0x86, 0x51, 0x00, 0x00,
        0x12, 0x57, 0x30, 0x58, 0x44, 0x59, 0xB4, 0x5B, 0xF6, 0x5E, 0x28, 0x60, 0xA9, 0x63, 0xF4, 0x63,
        0xBF, 0x6C, 0x14, 0x6F, 0x8E, 0x70, 0x14, 0x71, 0x59, 0x71, 0xD5, 0x71, 0x3F, 0x73, 0x01, 0x7E,
        0x76, 0x82, 0xD1, 0x82, 0x97, 0x85, 0x60, 0x90, 0x5B, 0x92, 0x1B, 0x9D, 0x69, 0x58, 0xBC, 0x65,
        0x5A, 0x6C, 0x25, 0x75, 0xF9, 0x51, 0x2E, 0x59, 0x65, 0x59, 0x80, 0x5F, 0xDC, 0x5F, 0xBC, 0x62,
        0xFA, 0x65, 0x2A, 0x6A, 0x27, 0x6B, 0xB4, 0x6B, 0x8B, 0x73, 0xC1, 0x7F, 0x56, 0x89, 0x2C, 0x9D,
        0x0E, 0x9D, 0xC4, 0x9E, 0xA1, 0x5C, 0x96, 0x6C, 0x7B, 0x83, 0x04, 0x51, 0x4B, 0x5C, 0xB6, 0x61,
        0xC6, 0x81, 0x76, 0x68, 0x61, 0x72, 0x59, 0x4E, 0xFA, 0x4F, 0x78, 0x53, 0x69, 0x60, 0x29, 0x6E,
        0x4F, 0x7A, 0xF3, 0x97, 0x0B, 0x4E, 0x16, 0x53, 0xEE, 0x4E, 0x55, 0x4F, 0x3D, 0x4F, 0xA1, 0x4F,
        0x73, 0x4F, 0xA0, 0x52, 0xEF, 0x53, 0x09, 0x56, 0x0F, 0x59, 0xC1, 0x5A, 0xB6, 0x5B, 0xE1, 0x5B,
        0xD1, 0x79, 0x87, 0x66, 0x9C, 0x67, 0xB6, 0x67, 0x4C, 0x6B, 0xB3, 0x6C, 0x6B, 0x70, 0xC2, 0x73,
        0x8D, 0x79, 0xBE, 0x79, 0x3C, 0x7A, 0x87, 0x7B, 0xB1, 0x82, 0xDB, 0x82, 0x04, 0x83, 0x77, 0x83,
        0xEF, 0x83, 0xD3, 0x83, 0x66, 0x87, 0xB2, 0x8A, 0x29, 0x56, 0xA8, 0x8C, 0xE6, 0x8F, 0x4E, 0x90,
        0x1E, 0x97, 0x8A, 0x86, 0xC4, 0x4F, 0xE8, 0x5C, 0x11, 0x62, 0x59, 0x72, 0x3B, 0x75, 0xE5, 0x81,
        0xBD, 0x82, 0xFE, 0x86, 0xC0, 0x8C, 0xC5, 0x96, 0x13, 0x99, 0xD5, 0x99, 0xCB, 0x4E, 0x1A, 0x4F,
        0xE3, 0x89, 0xDE, 0x56, 0x4A, 0x58, 0xCA, 0x58, 0xFB, 0x5E, 0xEB, 0x5F, 0x2A, 0x60, 0x94, 0x60,
        0x62, 0x60, 0xD0, 0x61, 0x12, 0x62, 0xD0, 0x62, 0x39, 0x65, 0x00, 0x00, 0x00, 0x00, 0x00, 0x00,
        0x41, 0x9B, 0x66, 0x66, 0xB0, 0x68, 0x77, 0x6D, 0x70, 0x70, 0x4C, 0x75, 0x86, 0x76, 0x75, 0x7D,
        0xA5, 0x82, 0xF9, 0x87, 0x8B, 0x95, 0x8E, 0x96, 0x9D, 0x8C, 0xF1, 0x51, 0xBE, 0x52, 0x16, 0x59,
        0xB3, 0x54, 0xB3, 0x5B, 0x16, 0x5D, 0x68, 0x61, 0x82, 0x69, 0xAF, 0x6D, 0x8D, 0x78, 0xCB, 0x84,
        0x57, 0x88, 0x72, 0x8A, 0xA7, 0x93, 0xB8, 0x9A, 0x6C, 0x6D, 0xA8, 0x99, 0xD9, 0x86, 0xA3, 0x57,
        0xFF, 0x67, 0xCE, 0x86, 0x0E, 0x92, 0x83, 0x52, 0x87, 0x56, 0x04, 0x54, 0xD3, 0x5E, 0xE1, 0x62,
        0xB9, 0x64, 0x3C, 0x68, 0x38, 0x68, 0xBB, 0x6B, 0x72, 0x73, 0xBA, 0x78, 0x6B, 0x7A, 0x9A, 0x89,
        0xD2, 0x89, 0x6B, 0x8D, 0x03, 0x8F, 0xED, 0x90, 0xA3, 0x95, 0x94, 0x96, 0x69, 0x97, 0x66, 0x5B,
        0xB3, 0x5C, 0x7D, 0x69, 0x4D, 0x98, 0x4E, 0x98, 0x9B, 0x63, 0x20, 0x7B, 0x2B, 0x6A, 0x00, 0x00,
        0x7F, 0x6A, 0xB6, 0x68, 0x0D, 0x9C, 0x5F, 0x6F, 0x72, 0x52, 0x9D, 0x55, 0x70, 0x60, 0xEC, 0x62,
        0x3B, 0x6D, 0x07, 0x6E, 0xD1, 0x6E, 0x5B, 0x84, 0x10, 0x89, 0x44, 0x8F, 0x14, 0x4E, 0x39, 0x9C,
        0xF6, 0x53, 0x1B, 0x69, 0x3A, 0x6A, 0x84, 0x97, 0x2A, 0x68, 0x5C, 0x51, 0xC3, 0x7A, 0xB2, 0x84,
        0xDC, 0x91, 0x8C, 0x93, 0x5B, 0x56, 0x28, 0x9D, 0x22, 0x68, 0x05, 0x83, 0x31, 0x84, 0xA5, 0x7C,
        0x08, 0x52, 0xC5, 0x82, 0xE6, 0x74, 0x7E, 0x4E, 0x83, 0x4F, 0xA0, 0x51, 0xD2, 0x5B, 0x0A, 0x52,
        0xD8, 0x52, 0xE7, 0x52, 0xFB, 0x5D, 0x9A, 0x55, 0x2A, 0x58, 0xE6, 0x59, 0x8C, 0x5B, 0x98, 0x5B,
        0xDB, 0x5B, 0x72, 0x5E, 0x79, 0x5E, 0xA3, 0x60, 0x1F, 0x61, 0x63, 0x61, 0xBE, 0x61, 0xDB, 0x63,
        0x62, 0x65, 0xD1, 0x67, 0x53, 0x68, 0xFA, 0x68, 0x3E, 0x6B, 0x53, 0x6B, 0x57, 0x6C, 0x22, 0x6F,
        0x97, 0x6F, 0x45, 0x6F, 0xB0, 0x74, 0x18, 0x75, 0xE3, 0x76, 0x0B, 0x77, 0xFF, 0x7A, 0xA1, 0x7B,
        0x21, 0x7C, 0xE9, 0x7D, 0x36, 0x7F, 0xF0, 0x7F, 0x9D, 0x80, 0x66, 0x82, 0x9E, 0x83, 0xB3, 0x89,
        0xCC, 0x8A, 0xAB, 0x8C, 0x84, 0x90, 0x51, 0x94, 0x93, 0x95, 0x91, 0x95, 0xA2, 0x95, 0x65, 0x96,
        0xD3, 0x97, 0x28, 0x99, 0x18, 0x82, 0x38, 0x4E, 0x2B, 0x54, 0xB8, 0x5C, 0xCC, 0x5D, 0xA9, 0x73,
        0x4C, 0x76, 0x3C, 0x77, 0xA9, 0x5C, 0xEB, 0x7F, 0x0B, 0x8D, 0xC1, 0x96, 0x11, 0x98, 0x54, 0x98,
        0x58, 0x98, 0x01, 0x4F, 0x0E, 0x4F, 0x71, 0x53, 0x9C, 0x55, 0x68, 0x56, 0xFA, 0x57, 0x47, 0x59,
        0x09, 0x5B, 0xC4, 0x5B, 0x90, 0x5C, 0x0C, 0x5E, 0x7E, 0x5E, 0xCC, 0x5F, 0xEE, 0x63, 0x3A, 0x67,
        0xD7, 0x65, 0xE2, 0x65, 0x1F, 0x67, 0xCB, 0x68, 0xC4, 0x68, 0x00, 0x00, 0x00, 0x00, 0x00, 0x00,
        0x5F, 0x6A, 0x30, 0x5E, 0xC5, 0x6B, 0x17, 0x6C, 0x7D, 0x6C, 0x7F, 0x75, 0x48, 0x79, 0x63, 0x5B,
        0x00, 0x7A, 0x00, 0x7D, 0xBD, 0x5F, 0x8F, 0x89, 0x18, 0x8A, 0xB4, 0x8C, 0x77, 0x8D, 0xCC, 0x8E,
        0x1D, 0x8F, 0xE2, 0x98, 0x0E, 0x9A, 0x3C, 0x9B, 0x80, 0x4E, 0x7D, 0x50, 0x00, 0x51, 0x93, 0x59,
        0x9C, 0x5B, 0x2F, 0x62, 0x80, 0x62, 0xEC, 0x64, 0x3A, 0x6B, 0xA0, 0x72, 0x91, 0x75, 0x47, 0x79,
        0xA9, 0x7F, 0xFB, 0x87, 0xBC, 0x8A, 0x70, 0x8B, 0xAC, 0x63, 0xCA, 0x83, 0xA0, 0x97, 0x09, 0x54,
        0x03, 0x54, 0xAB, 0x55, 0x54, 0x68, 0x58, 0x6A, 0x70, 0x8A, 0x27, 0x78, 0x75, 0x67, 0xCD, 0x9E,
        0x74, 0x53, 0xA2, 0x5B, 0x1A, 0x81, 0x50, 0x86, 0x06, 0x90, 0x18, 0x4E, 0x45, 0x4E, 0xC7, 0x4E,
        0x11, 0x4F, 0xCA, 0x53, 0x38, 0x54, 0xAE, 0x5B, 0x13, 0x5F, 0x25, 0x60, 0x51, 0x65, 0x00, 0x00,
        0x3D, 0x67, 0x42, 0x6C, 0x72, 0x6C, 0xE3, 0x6C, 0x78, 0x70, 0x03, 0x74, 0x76, 0x7A, 0xAE, 0x7A,
        0x08, 0x7B, 0x1A, 0x7D, 0xFE, 0x7C, 0x66, 0x7D, 0xE7, 0x65, 0x5B, 0x72, 0xBB, 0x53, 0x45, 0x5C,
        0xE8, 0x5D, 0xD2, 0x62, 0xE0, 0x62, 0x19, 0x63, 0x20, 0x6E, 0x5A, 0x86, 0x31, 0x8A, 0xDD, 0x8D,
        0xF8, 0x92, 0x01, 0x6F, 0xA6, 0x79, 0x5A, 0x9B, 0xA8, 0x4E, 0xAB, 0x4E, 0xAC, 0x4E, 0x9B, 0x4F,
        0xA0, 0x4F, 0xD1, 0x50, 0x47, 0x51, 0xF6, 0x7A, 0x71, 0x51, 0xF6, 0x51, 0x54, 0x53, 0x21, 0x53,
        0x7F, 0x53, 0xEB, 0x53, 0xAC, 0x55, 0x83, 0x58, 0xE1, 0x5C, 0x37, 0x5F, 0x4A, 0x5F, 0x2F, 0x60,
        0x50, 0x60, 0x6D, 0x60, 0x1F, 0x63, 0x59, 0x65, 0x4B, 0x6A, 0xC1, 0x6C, 0xC2, 0x72, 0xED, 0x72,
        0xEF, 0x77, 0xF8, 0x80, 0x05, 0x81, 0x08, 0x82, 0x4E, 0x85, 0xF7, 0x90, 0xE1, 0x93, 0xFF, 0x97,
        0x57, 0x99, 0x5A, 0x9A, 0xF0, 0x4E, 0xDD, 0x51, 0x2D, 0x5C, 0x81, 0x66, 0x6D, 0x69, 0x40, 0x5C,
        0xF2, 0x66, 0x75, 0x69, 0x89, 0x73, 0x50, 0x68, 0x81, 0x7C, 0xC5, 0x50, 0xE4, 0x52, 0x47, 0x57,
        0xFE, 0x5D, 0x26, 0x93, 0xA4, 0x65, 0x23, 0x6B, 0x3D, 0x6B, 0x34, 0x74, 0x81, 0x79, 0xBD, 0x79,
        0x4B, 0x7B, 0xCA, 0x7D, 0xB9, 0x82, 0xCC, 0x83, 0x7F, 0x88, 0x5F, 0x89, 0x39, 0x8B, 0xD1, 0x8F,
        0xD1, 0x91, 0x1F, 0x54, 0x80, 0x92, 0x5D, 0x4E, 0x36, 0x50, 0xE5, 0x53, 0x3A, 0x53, 0xD7, 0x72,
        0x96, 0x73, 0xE9, 0x77, 0xE6, 0x82, 0xAF, 0x8E, 0xC6, 0x99, 0xC8, 0x99, 0xD2, 0x99, 0x77, 0x51,
        0x1A, 0x61, 0x5E, 0x86, 0xB0, 0x55, 0x7A, 0x7A, 0x76, 0x50, 0xD3, 0x5B, 0x47, 0x90, 0x85, 0x96,
        0x32, 0x4E, 0xDB, 0x6A, 0xE7, 0x91, 0x51, 0x5C, 0x48, 0x5C, 0x00, 0x00, 0x00, 0x00, 0x00, 0x00,
        0x98, 0x63, 0x9F, 0x7A, 0x93, 0x6C, 0x74, 0x97, 0x61, 0x8F, 0xAA, 0x7A, 0x8A, 0x71, 0x88, 0x96,
        0x82, 0x7C, 0x17, 0x68, 0x70, 0x7E, 0x51, 0x68, 0x6C, 0x93, 0xF2, 0x52, 0x1B, 0x54, 0xAB, 0x85,
        0x13, 0x8A, 0xA4, 0x7F, 0xCD, 0x8E, 0xE1, 0x90, 0x66, 0x53, 0x88, 0x88, 0x41, 0x79, 0xC2, 0x4F,
        0xBE, 0x50, 0x11, 0x52, 0x44, 0x51, 0x53, 0x55, 0x2D, 0x57, 0xEA, 0x73, 0x8B, 0x57, 0x51, 0x59,
        0x62, 0x5F, 0x84, 0x5F, 0x75, 0x60, 0x76, 0x61, 0x67, 0x61, 0xA9, 0x61, 0xB2, 0x63, 0x3A, 0x64,
        0x6C, 0x65, 0x6F, 0x66, 0x42, 0x68, 0x13, 0x6E, 0x66, 0x75, 0x3D, 0x7A, 0xFB, 0x7C, 0x4C, 0x7D,
        0x99, 0x7D, 0x4B, 0x7E, 0x6B, 0x7F, 0x0E, 0x83, 0x4A, 0x83, 0xCD, 0x86, 0x08, 0x8A, 0x63, 0x8A,
        0x66, 0x8B, 0xFD, 0x8E, 0x1A, 0x98, 0x8F, 0x9D, 0xB8, 0x82, 0xCE, 0x8F, 0xE8, 0x9B, 0x00, 0x00,
        0x87, 0x52, 0x1F, 0x62, 0x83, 0x64, 0xC0, 0x6F, 0x99, 0x96, 0x41, 0x68, 0x91, 0x50, 0x20, 0x6B,
        0x7A, 0x6C, 0x54, 0x6F, 0x74, 0x7A, 0x50, 0x7D, 0x40, 0x88, 0x23, 0x8A, 0x08, 0x67, 0xF6, 0x4E,
        0x39, 0x50, 0x26, 0x50, 0x65, 0x50, 0x7C, 0x51, 0x38, 0x52, 0x63, 0x52, 0xA7, 0x55, 0x0F, 0x57,
        0x05, 0x58, 0xCC, 0x5A, 0xFA, 0x5E, 0xB2, 0x61, 0xF8, 0x61, 0xF3, 0x62, 0x72, 0x63, 0x1C, 0x69,
        0x29, 0x6A, 0x7D, 0x72, 0xAC, 0x72, 0x2E, 0x73, 0x14, 0x78, 0x6F, 0x78, 0x79, 0x7D, 0x0C, 0x77,
        0xA9, 0x80, 0x8B, 0x89, 0x19, 0x8B, 0xE2, 0x8C, 0xD2, 0x8E, 0x63, 0x90, 0x75, 0x93, 0x7A, 0x96,
        0x55, 0x98, 0x13, 0x9A, 0x78, 0x9E, 0x43, 0x51, 0x9F, 0x53, 0xB3, 0x53, 0x7B, 0x5E, 0x26, 0x5F,
        0x1B, 0x6E, 0x90, 0x6E, 0x84, 0x73, 0xFE, 0x73, 0x43, 0x7D, 0x37, 0x82, 0x00, 0x8A, 0xFA, 0x8A,
        0x50, 0x96, 0x4E, 0x4E, 0x0B, 0x50, 0xE4, 0x53, 0x7C, 0x54, 0xFA, 0x56, 0xD1, 0x59, 0x64, 0x5B,
        0xF1, 0x5D, 0xAB, 0x5E, 0x27, 0x5F, 0x38, 0x62, 0x45, 0x65, 0xAF, 0x67, 0x56, 0x6E, 0xD0, 0x72,
        0xCA, 0x7C, 0xB4, 0x88, 0xA1, 0x80, 0xE1, 0x80, 0xF0, 0x83, 0x4E, 0x86, 0x87, 0x8A, 0xE8, 0x8D,
        0x37, 0x92, 0xC7, 0x96, 0x67, 0x98, 0x13, 0x9F, 0x94, 0x4E, 0x92, 0x4E, 0x0D, 0x4F, 0x48, 0x53,
        0x49, 0x54, 0x3E, 0x54, 0x2F, 0x5A, 0x8C, 0x5F, 0xA1, 0x5F, 0x9F, 0x60, 0xA7, 0x68, 0x8E, 0x6A,
        0x5A, 0x74, 0x81, 0x78, 0x9E, 0x8A, 0xA4, 0x8A, 0x77, 0x8B, 0x90, 0x91, 0x5E, 0x4E, 0xC9, 0x9B,
        0xA4, 0x4E, 0x7C, 0x4F, 0xAF, 0x4F, 0x19, 0x50, 0x16, 0x50, 0x49, 0x51, 0x6C, 0x51, 0x9F, 0x52,
        0xB9, 0x52, 0xFE, 0x52, 0x9A, 0x53, 0xE3, 0x53, 0x11, 0x54, 0x00, 0x00, 0x00, 0x00, 0x00, 0x00,
        0x0E, 0x54, 0x89, 0x55, 0x51, 0x57, 0xA2, 0x57, 0x7D, 0x59, 0x54, 0x5B, 0x5D, 0x5B, 0x8F, 0x5B,
        0xE5, 0x5D, 0xE7, 0x5D, 0xF7, 0x5D, 0x78, 0x5E, 0x83, 0x5E, 0x9A, 0x5E, 0xB7, 0x5E, 0x18, 0x5F,
        0x52, 0x60, 0x4C, 0x61, 0x97, 0x62, 0xD8, 0x62, 0xA7, 0x63, 0x3B, 0x65, 0x02, 0x66, 0x43, 0x66,
        0xF4, 0x66, 0x6D, 0x67, 0x21, 0x68, 0x97, 0x68, 0xCB, 0x69, 0x5F, 0x6C, 0x2A, 0x6D, 0x69, 0x6D,
        0x2F, 0x6E, 0x9D, 0x6E, 0x32, 0x75, 0x87, 0x76, 0x6C, 0x78, 0x3F, 0x7A, 0xE0, 0x7C, 0x05, 0x7D,
        0x18, 0x7D, 0x5E, 0x7D, 0xB1, 0x7D, 0x15, 0x80, 0x03, 0x80, 0xAF, 0x80, 0xB1, 0x80, 0x54, 0x81,
        0x8F, 0x81, 0x2A, 0x82, 0x52, 0x83, 0x4C, 0x88, 0x61, 0x88, 0x1B, 0x8B, 0xA2, 0x8C, 0xFC, 0x8C,
        0xCA, 0x90, 0x75, 0x91, 0x71, 0x92, 0x3F, 0x78, 0xFC, 0x92, 0xA4, 0x95, 0x4D, 0x96, 0x00, 0x00,
        0x05, 0x98, 0x99, 0x99, 0xD8, 0x9A, 0x3B, 0x9D, 0x5B, 0x52, 0xAB, 0x52, 0xF7, 0x53, 0x08, 0x54,
        0xD5, 0x58, 0xF7, 0x62, 0xE0, 0x6F, 0x6A, 0x8C, 0x5F, 0x8F, 0xB9, 0x9E, 0x4B, 0x51, 0x3B, 0x52,
        0x4A, 0x54, 0xFD, 0x56, 0x40, 0x7A, 0x77, 0x91, 0x60, 0x9D, 0xD2, 0x9E, 0x44, 0x73, 0x09, 0x6F,
        0x70, 0x81, 0x11, 0x75, 0xFD, 0x5F, 0xDA, 0x60, 0xA8, 0x9A, 0xDB, 0x72, 0xBC, 0x8F, 0x64, 0x6B,
        0x03, 0x98, 0xCA, 0x4E, 0xF0, 0x56, 0x64, 0x57, 0xBE, 0x58, 0x5A, 0x5A, 0x68, 0x60, 0xC7, 0x61,
        0x0F, 0x66, 0x06, 0x66, 0x39, 0x68, 0xB1, 0x68, 0xF7, 0x6D, 0xD5, 0x75, 0x3A, 0x7D, 0x6E, 0x82,
        0x42, 0x9B, 0x9B, 0x4E, 0x50, 0x4F, 0xC9, 0x53, 0x06, 0x55, 0x6F, 0x5D, 0xE6, 0x5D, 0xEE, 0x5D,
        0xFB, 0x67, 0x99, 0x6C, 0x73, 0x74, 0x02, 0x78, 0x50, 0x8A, 0x96, 0x93, 0xDF, 0x88, 0x50, 0x57,
        0xA7, 0x5E, 0x2B, 0x63, 0xB5, 0x50, 0xAC, 0x50, 0x8D, 0x51, 0x00, 0x67, 0xC9, 0x54, 0x5E, 0x58,
        0xBB, 0x59, 0xB0, 0x5B, 0x69, 0x5F, 0x4D, 0x62, 0xA1, 0x63, 0x3D, 0x68, 0x73, 0x6B, 0x08, 0x6E,
        0x7D, 0x70, 0xC7, 0x91, 0x80, 0x72, 0x15, 0x78, 0x26, 0x78, 0x6D, 0x79, 0x8E, 0x65, 0x30, 0x7D,
        0xDC, 0x83, 0xC1, 0x88, 0x09, 0x8F, 0x9B, 0x96, 0x64, 0x52, 0x28, 0x57, 0x50, 0x67, 0x6A, 0x7F,
        0xA1, 0x8C, 0xB4, 0x51, 0x42, 0x57, 0x2A, 0x96, 0x3A, 0x58, 0x8A, 0x69, 0xB4, 0x80, 0xB2, 0x54,
        0x0E, 0x5D, 0xFC, 0x57, 0x95, 0x78, 0xFA, 0x9D, 0x5C, 0x4F, 0x4A, 0x52, 0x8B, 0x54, 0x3E, 0x64,
        0x28, 0x66, 0x14, 0x67, 0xF5, 0x67, 0x84, 0x7A, 0x56, 0x7B, 0x22, 0x7D, 0x2F, 0x93, 0x5C, 0x68,
        0xAD, 0x9B, 0x39, 0x7B, 0x19, 0x53, 0x8A, 0x51, 0x37, 0x52, 0x00, 0x00, 0x00, 0x00, 0x00, 0x00,
        0xDF, 0x5B, 0xF6, 0x62, 0xAE, 0x64, 0xE6, 0x64, 0x2D, 0x67, 0xBA, 0x6B, 0xA9, 0x85, 0xD1, 0x96,
        0x90, 0x76, 0xD6, 0x9B, 0x4C, 0x63, 0x06, 0x93, 0xAB, 0x9B, 0xBF, 0x76, 0x52, 0x66, 0x09, 0x4E,
        0x98, 0x50, 0xC2, 0x53, 0x71, 0x5C, 0xE8, 0x60, 0x92, 0x64, 0x63, 0x65, 0x5F, 0x68, 0xE6, 0x71,
        0xCA, 0x73, 0x23, 0x75, 0x97, 0x7B, 0x82, 0x7E, 0x95, 0x86, 0x83, 0x8B, 0xDB, 0x8C, 0x78, 0x91,
        0x10, 0x99, 0xAC, 0x65, 0xAB, 0x66, 0x8B, 0x6B, 0xD5, 0x4E, 0xD4, 0x4E, 0x3A, 0x4F, 0x7F, 0x4F,
        0x3A, 0x52, 0xF8, 0x53, 0xF2, 0x53, 0xE3, 0x55, 0xDB, 0x56, 0xEB, 0x58, 0xCB, 0x59, 0xC9, 0x59,
        0xFF, 0x59, 0x50, 0x5B, 0x4D, 0x5C, 0x02, 0x5E, 0x2B, 0x5E, 0xD7, 0x5F, 0x1D, 0x60, 0x07, 0x63,
        0x2F, 0x65, 0x5C, 0x5B, 0xAF, 0x65, 0xBD, 0x65, 0xE8, 0x65, 0x9D, 0x67, 0x62, 0x6B, 0x00, 0x00,
        0x7B, 0x6B, 0x0F, 0x6C, 0x45, 0x73, 0x49, 0x79, 0xC1, 0x79, 0xF8, 0x7C, 0x19, 0x7D, 0x2B, 0x7D,
        0xA2, 0x80, 0x02, 0x81, 0xF3, 0x81, 0x96, 0x89, 0x5E, 0x8A, 0x69, 0x8A, 0x66, 0x8A, 0x8C, 0x8A,
        0xEE, 0x8A, 0xC7, 0x8C, 0xDC, 0x8C, 0xCC, 0x96, 0xFC, 0x98, 0x6F, 0x6B, 0x8B, 0x4E, 0x3C, 0x4F,
        0x8D, 0x4F, 0x50, 0x51, 0x57, 0x5B, 0xFA, 0x5B, 0x48, 0x61, 0x01, 0x63, 0x42, 0x66, 0x21, 0x6B,
        0xCB, 0x6E, 0xBB, 0x6C, 0x3E, 0x72, 0xBD, 0x74, 0xD4, 0x75, 0xC1, 0x78, 0x3A, 0x79, 0x0C, 0x80,
        0x33, 0x80, 0xEA, 0x81, 0x94, 0x84, 0x9E, 0x8F, 0x50, 0x6C, 0x7F, 0x9E, 0x0F, 0x5F, 0x58, 0x8B,
        0x2B, 0x9D, 0xFA, 0x7A, 0xF8, 0x8E, 0x8D, 0x5B, 0xEB, 0x96, 0x03, 0x4E, 0xF1, 0x53, 0xF7, 0x57,
        0x31, 0x59, 0xC9, 0x5A, 0xA4, 0x5B, 0x89, 0x60, 0x7F, 0x6E, 0x06, 0x6F, 0xBE, 0x75, 0xEA, 0x8C,
        0x9F, 0x5B, 0x00, 0x85, 0xE0, 0x7B, 0x72, 0x50, 0xF4, 0x67, 0x9D, 0x82, 0x61, 0x5C, 0x4A, 0x85,
        0x1E, 0x7E, 0x0E, 0x82, 0x99, 0x51, 0x04, 0x5C, 0x68, 0x63, 0x66, 0x8D, 0x9C, 0x65, 0x6E, 0x71,
        0x3E, 0x79, 0x17, 0x7D, 0x05, 0x80, 0x1D, 0x8B, 0xCA, 0x8E, 0x6E, 0x90, 0xC7, 0x86, 0xAA, 0x90,
        0x1F, 0x50, 0xFA, 0x52, 0x3A, 0x5C, 0x53, 0x67, 0x7C, 0x70, 0x35, 0x72, 0x4C, 0x91, 0xC8, 0x91,
        0x2B, 0x93, 0xE5, 0x82, 0xC2, 0x5B, 0x31, 0x5F, 0xF9, 0x60, 0x3B, 0x4E, 0xD6, 0x53, 0x88, 0x5B,
        0x4B, 0x62, 0x31, 0x67, 0x8A, 0x6B, 0xE9, 0x72, 0xE0, 0x73, 0x2E, 0x7A, 0x6B, 0x81, 0xA3, 0x8D,
        0x52, 0x91, 0x96, 0x99, 0x12, 0x51, 0xD7, 0x53, 0x6A, 0x54, 0xFF, 0x5B, 0x88, 0x63, 0x39, 0x6A,
        0xAC, 0x7D, 0x00, 0x97, 0xDA, 0x56, 0xCE, 0x53, 0x68, 0x54, 0x00, 0x00, 0x00, 0x00, 0x00, 0x00,
        0x97, 0x5B, 0x31, 0x5C, 0xDE, 0x5D, 0xEE, 0x4F, 0x01, 0x61, 0xFE, 0x62, 0x32, 0x6D, 0xC0, 0x79,
        0xCB, 0x79, 0x42, 0x7D, 0x4D, 0x7E, 0xD2, 0x7F, 0xED, 0x81, 0x1F, 0x82, 0x90, 0x84, 0x46, 0x88,
        0x72, 0x89, 0x90, 0x8B, 0x74, 0x8E, 0x2F, 0x8F, 0x31, 0x90, 0x4B, 0x91, 0x6C, 0x91, 0xC6, 0x96,
        0x9C, 0x91, 0xC0, 0x4E, 0x4F, 0x4F, 0x45, 0x51, 0x41, 0x53, 0x93, 0x5F, 0x0E, 0x62, 0xD4, 0x67,
        0x41, 0x6C, 0x0B, 0x6E, 0x63, 0x73, 0x26, 0x7E, 0xCD, 0x91, 0x83, 0x92, 0xD4, 0x53, 0x19, 0x59,
        0xBF, 0x5B, 0xD1, 0x6D, 0x5D, 0x79, 0x2E, 0x7E, 0x9B, 0x7C, 0x7E, 0x58, 0x9F, 0x71, 0xFA, 0x51,
        0x53, 0x88, 0xF0, 0x8F, 0xCA, 0x4F, 0xFB, 0x5C, 0x25, 0x66, 0xAC, 0x77, 0xE3, 0x7A, 0x1C, 0x82,
        0xFF, 0x99, 0xC6, 0x51, 0xAA, 0x5F, 0xEC, 0x65, 0x6F, 0x69, 0x89, 0x6B, 0xF3, 0x6D, 0x00, 0x00,
        0x96, 0x6E, 0x64, 0x6F, 0xFE, 0x76, 0x14, 0x7D, 0xE1, 0x5D, 0x75, 0x90, 0x87, 0x91, 0x06, 0x98,
        0xE6, 0x51, 0x1D, 0x52, 0x40, 0x62, 0x91, 0x66, 0xD9, 0x66, 0x1A, 0x6E, 0xB6, 0x5E, 0xD2, 0x7D,
        0x72, 0x7F, 0xF8, 0x66, 0xAF, 0x85, 0xF7, 0x85, 0xF8, 0x8A, 0xA9, 0x52, 0xD9, 0x53, 0x73, 0x59,
        0x8F, 0x5E, 0x90, 0x5F, 0x55, 0x60, 0xE4, 0x92, 0x64, 0x96, 0xB7, 0x50, 0x1F, 0x51, 0xDD, 0x52,
        0x20, 0x53, 0x47, 0x53, 0xEC, 0x53, 0xE8, 0x54, 0x46, 0x55, 0x31, 0x55, 0x17, 0x56, 0x68, 0x59,
        0xBE, 0x59, 0x3C, 0x5A, 0xB5, 0x5B, 0x06, 0x5C, 0x0F, 0x5C, 0x11, 0x5C, 0x1A, 0x5C, 0x84, 0x5E,
        0x8A, 0x5E, 0xE0, 0x5E, 0x70, 0x5F, 0x7F, 0x62, 0x84, 0x62, 0xDB, 0x62, 0x8C, 0x63, 0x77, 0x63,
        0x07, 0x66, 0x0C, 0x66, 0x2D, 0x66, 0x76, 0x66, 0x7E, 0x67, 0xA2, 0x68, 0x1F, 0x6A, 0x35, 0x6A,
        0xBC, 0x6C, 0x88, 0x6D, 0x09, 0x6E, 0x58, 0x6E, 0x3C, 0x71, 0x26, 0x71, 0x67, 0x71, 0xC7, 0x75,
        0x01, 0x77, 0x5D, 0x78, 0x01, 0x79, 0x65, 0x79, 0xF0, 0x79, 0xE0, 0x7A, 0x11, 0x7B, 0xA7, 0x7C,
        0x39, 0x7D, 0x96, 0x80, 0xD6, 0x83, 0x8B, 0x84, 0x49, 0x85, 0x5D, 0x88, 0xF3, 0x88, 0x1F, 0x8A,
        0x3C, 0x8A, 0x54, 0x8A, 0x73, 0x8A, 0x61, 0x8C, 0xDE, 0x8C, 0xA4, 0x91, 0x66, 0x92, 0x7E, 0x93,
        0x18, 0x94, 0x9C, 0x96, 0x98, 0x97, 0x0A, 0x4E, 0x08, 0x4E, 0x1E, 0x4E, 0x57, 0x4E, 0x97, 0x51,
        0x70, 0x52, 0xCE, 0x57, 0x34, 0x58, 0xCC, 0x58, 0x22, 0x5B, 0x38, 0x5E, 0xC5, 0x60, 0xFE, 0x64,
        0x61, 0x67, 0x56, 0x67, 0x44, 0x6D, 0xB6, 0x72, 0x73, 0x75, 0x63, 0x7A, 0xB8, 0x84, 0x72, 0x8B,
        0xB8, 0x91, 0x20, 0x93, 0x31, 0x56, 0xF4, 0x57, 0xFE, 0x98, 0x00, 0x00, 0x00, 0x00, 0x00, 0x00,
        0xED, 0x62, 0x0D, 0x69, 0x96, 0x6B, 0xED, 0x71, 0x54, 0x7E, 0x77, 0x80, 0x72, 0x82, 0xE6, 0x89,
        0xDF, 0x98, 0x55, 0x87, 0xB1, 0x8F, 0x3B, 0x5C, 0x38, 0x4F, 0xE1, 0x4F, 0xB5, 0x4F, 0x07, 0x55,
        0x20, 0x5A, 0xDD, 0x5B, 0xE9, 0x5B, 0xC3, 0x5F, 0x4E, 0x61, 0x2F, 0x63, 0xB0, 0x65, 0x4B, 0x66,
        0xEE, 0x68, 0x9B, 0x69, 0x78, 0x6D, 0xF1, 0x6D, 0x33, 0x75, 0xB9, 0x75, 0x1F, 0x77, 0x5E, 0x79,
        0xE6, 0x79, 0x33, 0x7D, 0xE3, 0x81, 0xAF, 0x82, 0xAA, 0x85, 0xAA, 0x89, 0x3A, 0x8A, 0xAB, 0x8E,
        0x9B, 0x8F, 0x32, 0x90, 0xDD, 0x91, 0x07, 0x97, 0xBA, 0x4E, 0xC1, 0x4E, 0x03, 0x52, 0x75, 0x58,
        0xEC, 0x58, 0x0B, 0x5C, 0x1A, 0x75, 0x3D, 0x5C, 0x4E, 0x81, 0x0A, 0x8A, 0xC5, 0x8F, 0x63, 0x96,
        0x6D, 0x97, 0x25, 0x7B, 0xCF, 0x8A, 0x08, 0x98, 0x62, 0x91, 0xF3, 0x56, 0xA8, 0x53, 0x00, 0x00,
        0x17, 0x90, 0x39, 0x54, 0x82, 0x57, 0x25, 0x5E, 0xA8, 0x63, 0x34, 0x6C, 0x8A, 0x70, 0x61, 0x77,
        0x8B, 0x7C, 0xE0, 0x7F, 0x70, 0x88, 0x42, 0x90, 0x54, 0x91, 0x10, 0x93, 0x18, 0x93, 0x8F, 0x96,
        0x5E, 0x74, 0xC4, 0x9A, 0x07, 0x5D, 0x69, 0x5D, 0x70, 0x65, 0xA2, 0x67, 0xA8, 0x8D, 0xDB, 0x96,
        0x6E, 0x63, 0x49, 0x67, 0x19, 0x69, 0xC5, 0x83, 0x17, 0x98, 0xC0, 0x96, 0xFE, 0x88, 0x84, 0x6F,
        0x7A, 0x64, 0xF8, 0x5B, 0x16, 0x4E, 0x2C, 0x70, 0x5D, 0x75, 0x2F, 0x66, 0xC4, 0x51, 0x36, 0x52,
        0xE2, 0x52, 0xD3, 0x59, 0x81, 0x5F, 0x27, 0x60, 0x10, 0x62, 0x3F, 0x65, 0x74, 0x65, 0x1F, 0x66,
        0x74, 0x66, 0xF2, 0x68, 0x16, 0x68, 0x63, 0x6B, 0x05, 0x6E, 0x72, 0x72, 0x1F, 0x75, 0xDB, 0x76,
        0xBE, 0x7C, 0x56, 0x80, 0xF0, 0x58, 0xFD, 0x88, 0x7F, 0x89, 0xA0, 0x8A, 0x93, 0x8A, 0xCB, 0x8A,
        0x1D, 0x90, 0x92, 0x91, 0x52, 0x97, 0x59, 0x97, 0x89, 0x65, 0x0E, 0x7A, 0x06, 0x81, 0xBB, 0x96,
        0x2D, 0x5E, 0xDC, 0x60, 0x1A, 0x62, 0xA5, 0x65, 0x14, 0x66, 0x90, 0x67, 0xF3, 0x77, 0x4D, 0x7A,
        0x4D, 0x7C, 0x3E, 0x7E, 0x0A, 0x81, 0xAC, 0x8C, 0x64, 0x8D, 0xE1, 0x8D, 0x5F, 0x8E, 0xA9, 0x78,
        0x07, 0x52, 0xD9, 0x62, 0xA5, 0x63, 0x42, 0x64, 0x98, 0x62, 0x2D, 0x8A, 0x83, 0x7A, 0xC0, 0x7B,
        0xAC, 0x8A, 0xEA, 0x96, 0x76, 0x7D, 0x0C, 0x82, 0x49, 0x87, 0xD9, 0x4E, 0x48, 0x51, 0x43, 0x53,
        0x60, 0x53, 0xA3, 0x5B, 0x02, 0x5C, 0x16, 0x5C, 0xDD, 0x5D, 0x26, 0x62, 0x47, 0x62, 0xB0, 0x64,
        0x13, 0x68, 0x34, 0x68, 0xC9, 0x6C, 0x45, 0x6D, 0x17, 0x6D, 0xD3, 0x67, 0x5C, 0x6F, 0x4E, 0x71,
        0x7D, 0x71, 0xCB, 0x65, 0x7F, 0x7A, 0xAD, 0x7B, 0xDA, 0x7D, 0x00, 0x00, 0x00, 0x00, 0x00, 0x00,
        0x4A, 0x7E, 0xA8, 0x7F, 0x7A, 0x81, 0x1B, 0x82, 0x39, 0x82, 0xA6, 0x85, 0x6E, 0x8A, 0xCE, 0x8C,
        0xF5, 0x8D, 0x78, 0x90, 0x77, 0x90, 0xAD, 0x92, 0x91, 0x92, 0x83, 0x95, 0xAE, 0x9B, 0x4D, 0x52,
        0x84, 0x55, 0x38, 0x6F, 0x36, 0x71, 0x68, 0x51, 0x85, 0x79, 0x55, 0x7E, 0xB3, 0x81, 0xCE, 0x7C,
        0x4C, 0x56, 0x51, 0x58, 0xA8, 0x5C, 0xAA, 0x63, 0xFE, 0x66, 0xFD, 0x66, 0x5A, 0x69, 0xD9, 0x72,
        0x8F, 0x75, 0x8E, 0x75, 0x0E, 0x79, 0x56, 0x79, 0xDF, 0x79, 0x97, 0x7C, 0x20, 0x7D, 0x44, 0x7D,
        0x07, 0x86, 0x34, 0x8A, 0x3B, 0x96, 0x61, 0x90, 0x20, 0x9F, 0xE7, 0x50, 0x75, 0x52, 0xCC, 0x53,
        0xE2, 0x53, 0x09, 0x50, 0xAA, 0x55, 0xEE, 0x58, 0x4F, 0x59, 0x3D, 0x72, 0x8B, 0x5B, 0x64, 0x5C,
        0x1D, 0x53, 0xE3, 0x60, 0xF3, 0x60, 0x5C, 0x63, 0x83, 0x63, 0x3F, 0x63, 0xBB, 0x63, 0x00, 0x00,
        0xCD, 0x64, 0xE9, 0x65, 0xF9, 0x66, 0xE3, 0x5D, 0xCD, 0x69, 0xFD, 0x69, 0x15, 0x6F, 0xE5, 0x71,
        0x89, 0x4E, 0xE9, 0x75, 0xF8, 0x76, 0x93, 0x7A, 0xDF, 0x7C, 0xCF, 0x7D, 0x9C, 0x7D, 0x61, 0x80,
        0x49, 0x83, 0x58, 0x83, 0x6C, 0x84, 0xBC, 0x84, 0xFB, 0x85, 0xC5, 0x88, 0x70, 0x8D, 0x01, 0x90,
        0x6D, 0x90, 0x97, 0x93, 0x1C, 0x97, 0x12, 0x9A, 0xCF, 0x50, 0x97, 0x58, 0x8E, 0x61, 0xD3, 0x81,
        0x35, 0x85, 0x08, 0x8D, 0x20, 0x90, 0xC3, 0x4F, 0x74, 0x50, 0x47, 0x52, 0x73, 0x53, 0x6F, 0x60,
        0x49, 0x63, 0x5F, 0x67, 0x2C, 0x6E, 0xB3, 0x8D, 0x1F, 0x90, 0xD7, 0x4F, 0x5E, 0x5C, 0xCA, 0x8C,
        0xCF, 0x65, 0x9A, 0x7D, 0x52, 0x53, 0x96, 0x88, 0x76, 0x51, 0xC3, 0x63, 0x58, 0x5B, 0x6B, 0x5B,
        0x0A, 0x5C, 0x0D, 0x64, 0x51, 0x67, 0x5C, 0x90, 0xD6, 0x4E, 0x1A, 0x59, 0x2A, 0x59, 0x70, 0x6C,
        0x51, 0x8A, 0x3E, 0x55, 0x15, 0x58, 0xA5, 0x59, 0xF0, 0x60, 0x53, 0x62, 0xC1, 0x67, 0x35, 0x82,
        0x55, 0x69, 0x40, 0x96, 0xC4, 0x99, 0x28, 0x9A, 0x53, 0x4F, 0x06, 0x58, 0xFE, 0x5B, 0x10, 0x80,
        0xB1, 0x5C, 0x2F, 0x5E, 0x85, 0x5F, 0x20, 0x60, 0x4B, 0x61, 0x34, 0x62, 0xFF, 0x66, 0xF0, 0x6C,
        0xDE, 0x6E, 0xCE, 0x80, 0x7F, 0x81, 0xD4, 0x82, 0x8B, 0x88, 0xB8, 0x8C, 0x00, 0x90, 0x2E, 0x90,
        0x8A, 0x96, 0xDB, 0x9E, 0xDB, 0x9B, 0xE3, 0x4E, 0xF0, 0x53, 0x27, 0x59, 0x2C, 0x7B, 0x8D, 0x91,
        0x4C, 0x98, 0xF9, 0x9D, 0xDD, 0x6E, 0x27, 0x70, 0x53, 0x53, 0x44, 0x55, 0x85, 0x5B, 0x58, 0x62,
        0x9E, 0x62, 0xD3, 0x62, 0xA2, 0x6C, 0xEF, 0x6F, 0x22, 0x74, 0x17, 0x8A, 0x38, 0x94, 0xC1, 0x6F,
        0xFE, 0x8A, 0x38, 0x83, 0xE7, 0x51, 0xF8, 0x86, 0xEA, 0x53, 0x00, 0x00, 0x00, 0x00, 0x00, 0x00,
        0xE9, 0x53, 0x46, 0x4F, 0x54, 0x90, 0xB0, 0x8F, 0x6A, 0x59, 0x31, 0x81, 0xFD, 0x5D, 0xEA, 0x7A,
        0xBF, 0x8F, 0xDA, 0x68, 0x37, 0x8C, 0xF8, 0x72, 0x48, 0x9C, 0x3D, 0x6A, 0xB0, 0x8A, 0x39, 0x4E,
        0x58, 0x53, 0x06, 0x56, 0x66, 0x57, 0xC5, 0x62, 0xA2, 0x63, 0xE6, 0x65, 0x4E, 0x6B, 0xE1, 0x6D,
        0x5B, 0x6E, 0xAD, 0x70, 0xED, 0x77, 0xEF, 0x7A, 0xAA, 0x7B, 0xBB, 0x7D, 0x3D, 0x80, 0xC6, 0x80,
        0xCB, 0x86, 0x95, 0x8A, 0x5B, 0x93, 0xE3, 0x56, 0xC7, 0x58, 0x3E, 0x5F, 0xAD, 0x65, 0x96, 0x66,
        0x80, 0x6A, 0xB5, 0x6B, 0x37, 0x75, 0xC7, 0x8A, 0x24, 0x50, 0xE5, 0x77, 0x30, 0x57, 0x1B, 0x5F,
        0x65, 0x60, 0x7A, 0x66, 0x60, 0x6C, 0xF4, 0x75, 0x1A, 0x7A, 0x6E, 0x7F, 0xF4, 0x81, 0x18, 0x87,
        0x45, 0x90, 0xB3, 0x99, 0xC9, 0x7B, 0x5C, 0x75, 0xF9, 0x7A, 0x51, 0x7B, 0xC4, 0x84, 0x00, 0x00,
        0x10, 0x90, 0xE9, 0x79, 0x92, 0x7A, 0x36, 0x83, 0xE1, 0x5A, 0x40, 0x77, 0x2D, 0x4E, 0xF2, 0x4E,
        0x99, 0x5B, 0xE0, 0x5F, 0xBD, 0x62, 0x3C, 0x66, 0xF1, 0x67, 0xE8, 0x6C, 0x6B, 0x86, 0x77, 0x88,
        0x3B, 0x8A, 0x4E, 0x91, 0xF3, 0x92, 0xD0, 0x99, 0x17, 0x6A, 0x26, 0x70, 0x2A, 0x73, 0xE7, 0x82,
        0x57, 0x84, 0xAF, 0x8C, 0x01, 0x4E, 0x46, 0x51, 0xCB, 0x51, 0x8B, 0x55, 0xF5, 0x5B, 0x16, 0x5E,
        0x33, 0x5E, 0x81, 0x5E, 0x14, 0x5F, 0x35, 0x5F, 0x6B, 0x5F, 0xB4, 0x5F, 0xF2, 0x61, 0x11, 0x63,
        0xA2, 0x66, 0x1D, 0x67, 0x6E, 0x6F, 0x52, 0x72, 0x3A, 0x75, 0x3A, 0x77, 0x74, 0x80, 0x39, 0x81,
        0x78, 0x81, 0x76, 0x87, 0xBF, 0x8A, 0xDC, 0x8A, 0x85, 0x8D, 0xF3, 0x8D, 0x9A, 0x92, 0x77, 0x95,
        0x02, 0x98, 0xE5, 0x9C, 0xC5, 0x52, 0x57, 0x63, 0xF4, 0x76, 0x15, 0x67, 0x88, 0x6C, 0xCD, 0x73,
        0xC3, 0x8C, 0xAE, 0x93, 0x73, 0x96, 0x25, 0x6D, 0x9C, 0x58, 0x0E, 0x69, 0xCC, 0x69, 0xFD, 0x8F,
        0x9A, 0x93, 0xDB, 0x75, 0x1A, 0x90, 0x5A, 0x58, 0x02, 0x68, 0xB4, 0x63, 0xFB, 0x69, 0x43, 0x4F,
        0x2C, 0x6F, 0xD8, 0x67, 0xBB, 0x8F, 0x26, 0x85, 0xB4, 0x7D, 0x54, 0x93, 0x3F, 0x69, 0x70, 0x6F,
        0x6A, 0x57, 0xF7, 0x58, 0x2C, 0x5B, 0x2C, 0x7D, 0x2A, 0x72, 0x0A, 0x54, 0xE3, 0x91, 0xB4, 0x9D,
        0xAD, 0x4E, 0x4E, 0x4F, 0x5C, 0x50, 0x75, 0x50, 0x43, 0x52, 0x9E, 0x8C, 0x48, 0x54, 0x24, 0x58,
        0x9A, 0x5B, 0x1D, 0x5E, 0x95, 0x5E, 0xAD, 0x5E, 0xF7, 0x5E, 0x1F, 0x5F, 0x8C, 0x60, 0xB5, 0x62,
        0x3A, 0x63, 0xD0, 0x63, 0xAF, 0x68, 0x40, 0x6C, 0x87, 0x78, 0x8E, 0x79, 0x0B, 0x7A, 0xE0, 0x7D,
        0x47, 0x82, 0x02, 0x8A, 0xE6, 0x8A, 0x44, 0x8E, 0x13, 0x90, 0x00, 0x00, 0x00, 0x00, 0x00, 0x00,
        0xB8, 0x90, 0x2D, 0x91, 0xD8, 0x91, 0x0E, 0x9F, 0xE5, 0x6C, 0x58, 0x64, 0xE2, 0x64, 0x75, 0x65,
        0xF4, 0x6E, 0x84, 0x76, 0x1B, 0x7B, 0x69, 0x90, 0xD1, 0x93, 0xBA, 0x6E, 0xF2, 0x54, 0xB9, 0x5F,
        0xA4, 0x64, 0x4D, 0x8F, 0xED, 0x8F, 0x44, 0x92, 0x78, 0x51, 0x6B, 0x58, 0x29, 0x59, 0x55, 0x5C,
        0x97, 0x5E, 0xFB, 0x6D, 0x8F, 0x7E, 0x1C, 0x75, 0xBC, 0x8C, 0xE2, 0x8E, 0x5B, 0x98, 0xB9, 0x70,
        0x1D, 0x4F, 0xBF, 0x6B, 0xB1, 0x6F, 0x30, 0x75, 0xFB, 0x96, 0x4E, 0x51, 0x10, 0x54, 0x35, 0x58,
        0x57, 0x58, 0xAC, 0x59, 0x60, 0x5C, 0x92, 0x5F, 0x97, 0x65, 0x5C, 0x67, 0x21, 0x6E, 0x7B, 0x76,
        0xDF, 0x83, 0xED, 0x8C, 0x14, 0x90, 0xFD, 0x90, 0x4D, 0x93, 0x25, 0x78, 0x3A, 0x78, 0xAA, 0x52,
        0xA6, 0x5E, 0x1F, 0x57, 0x74, 0x59, 0x12, 0x60, 0x12, 0x50, 0x5A, 0x51, 0xAC, 0x51, 0x00, 0x00,
        0xCD, 0x51, 0x00, 0x52, 0x10, 0x55, 0x54, 0x58, 0x58, 0x58, 0x57, 0x59, 0x95, 0x5B, 0xF6, 0x5C,
        0x8B, 0x5D, 0xBC, 0x60, 0x95, 0x62, 0x2D, 0x64, 0x71, 0x67, 0x43, 0x68, 0xBC, 0x68, 0xDF, 0x68,
        0xD7, 0x76, 0xD8, 0x6D, 0x6F, 0x6E, 0x9B, 0x6D, 0x6F, 0x70, 0xC8, 0x71, 0x53, 0x5F, 0xD8, 0x75,
        0x77, 0x79, 0x49, 0x7B, 0x54, 0x7B, 0x52, 0x7B, 0xD6, 0x7C, 0x71, 0x7D, 0x30, 0x52, 0x63, 0x84,
        0x69, 0x85, 0xE4, 0x85, 0x0E, 0x8A, 0x04, 0x8B, 0x46, 0x8C, 0x0F, 0x8E, 0x03, 0x90, 0x0F, 0x90,
        0x19, 0x94, 0x76, 0x96, 0x2D, 0x98, 0x30, 0x9A, 0xD8, 0x95, 0xCD, 0x50, 0xD5, 0x52, 0x0C, 0x54,
        0x02, 0x58, 0x0E, 0x5C, 0xA7, 0x61, 0x9E, 0x64, 0x1E, 0x6D, 0xB3, 0x77, 0xE5, 0x7A, 0xF4, 0x80,
        0x04, 0x84, 0x53, 0x90, 0x85, 0x92, 0xE0, 0x5C, 0x07, 0x9D, 0x3F, 0x53, 0x97, 0x5F, 0xB3, 0x5F,
        0x9C, 0x6D, 0x79, 0x72, 0x63, 0x77, 0xBF, 0x79, 0xE4, 0x7B, 0xD2, 0x6B, 0xEC, 0x72, 0xAD, 0x8A,
        0x03, 0x68, 0x61, 0x6A, 0xF8, 0x51, 0x81, 0x7A, 0x34, 0x69, 0x4A, 0x5C, 0xF6, 0x9C, 0xEB, 0x82,
        0xC5, 0x5B, 0x49, 0x91, 0x1E, 0x70, 0x78, 0x56, 0x6F, 0x5C, 0xC7, 0x60, 0x66, 0x65, 0x8C, 0x6C,
        0x5A, 0x8C, 0x41, 0x90, 0x13, 0x98, 0x51, 0x54, 0xC7, 0x66, 0x0D, 0x92, 0x48, 0x59, 0xA3, 0x90,
        0x85, 0x51, 0x4D, 0x4E, 0xEA, 0x51, 0x99, 0x85, 0x0E, 0x8B, 0x58, 0x70, 0x7A, 0x63, 0x4B, 0x93,
        0x62, 0x69, 0xB4, 0x99, 0x04, 0x7E, 0x77, 0x75, 0x57, 0x53, 0x60, 0x69, 0xDF, 0x8E, 0xE3, 0x96,
        0x5D, 0x6C, 0x8C, 0x4E, 0x3C, 0x5C, 0x10, 0x5F, 0xE9, 0x8F, 0x02, 0x53, 0xD1, 0x8C, 0x89, 0x80,
        0x79, 0x86, 0xFF, 0x5E, 0xE5, 0x65, 0x73, 0x4E, 0x65, 0x51, 0x00, 0x00, 0x00, 0x00, 0x00, 0x00,
        0x82, 0x59, 0x3F, 0x5C, 0xEE, 0x97, 0xFB, 0x4E, 0x8A, 0x59, 0xCD, 0x5F, 0x8D, 0x8A, 0xE1, 0x6F,
        0xB0, 0x79, 0x62, 0x79, 0xE7, 0x5B, 0x71, 0x84, 0x2B, 0x73, 0xB1, 0x71, 0x74, 0x5E, 0xF5, 0x5F,
        0x7B, 0x63, 0x9A, 0x64, 0xC3, 0x71, 0x98, 0x7C, 0x43, 0x4E, 0xFC, 0x5E, 0x4B, 0x4E, 0xDC, 0x57,
        0xA2, 0x56, 0xA9, 0x60, 0xC3, 0x6F, 0x0D, 0x7D, 0xFD, 0x80, 0x33, 0x81, 0xBF, 0x81, 0xB2, 0x8F,
        0x97, 0x89, 0xA4, 0x86, 0xF4, 0x5D, 0x8A, 0x62, 0xAD, 0x64, 0x87, 0x89, 0x77, 0x67, 0xE2, 0x6C,
        0x3E, 0x6D, 0x36, 0x74, 0x34, 0x78, 0x46, 0x5A, 0x75, 0x7F, 0xAD, 0x82, 0xAC, 0x99, 0xF3, 0x4F,
        0xC3, 0x5E, 0xDD, 0x62, 0x92, 0x63, 0x57, 0x65, 0x6F, 0x67, 0xC3, 0x76, 0x4C, 0x72, 0xCC, 0x80,
        0xBA, 0x80, 0x29, 0x8F, 0x4D, 0x91, 0x0D, 0x50, 0xF9, 0x57, 0x92, 0x5A, 0x85, 0x68, 0x00, 0x00,
        0x73, 0x69, 0x64, 0x71, 0xFD, 0x72, 0xB7, 0x8C, 0xF2, 0x58, 0xE0, 0x8C, 0x6A, 0x96, 0x19, 0x90,
        0x7F, 0x87, 0xE4, 0x79, 0xE7, 0x77, 0x29, 0x84, 0x2F, 0x4F, 0x65, 0x52, 0x5A, 0x53, 0xCD, 0x62,
        0xCF, 0x67, 0xCA, 0x6C, 0x7D, 0x76, 0x94, 0x7B, 0x95, 0x7C, 0x36, 0x82, 0x84, 0x85, 0xEB, 0x8F,
        0xDD, 0x66, 0x20, 0x6F, 0x06, 0x72, 0x1B, 0x7E, 0xAB, 0x83, 0xC1, 0x99, 0xA6, 0x9E, 0xFD, 0x51,
        0xB1, 0x7B, 0x72, 0x78, 0xB8, 0x7B, 0x87, 0x80, 0x48, 0x7B, 0xE8, 0x6A, 0x61, 0x5E, 0x8C, 0x80,
        0x51, 0x75, 0x60, 0x75, 0x6B, 0x51, 0x62, 0x92, 0x8C, 0x6E, 0x7A, 0x76, 0x97, 0x91, 0xEA, 0x9A,
        0x10, 0x4F, 0x70, 0x7F, 0x9C, 0x62, 0x4F, 0x7B, 0xA5, 0x95, 0xE9, 0x9C, 0x7A, 0x56, 0x59, 0x58,
        0xE4, 0x86, 0xBC, 0x96, 0x34, 0x4F, 0x24, 0x52, 0x4A, 0x53, 0xCD, 0x53, 0xDB, 0x53, 0x06, 0x5E,
        0x2C, 0x64, 0x91, 0x65, 0x7F, 0x67, 0x3E, 0x6C, 0x4E, 0x6C, 0x48, 0x72, 0xAF, 0x72, 0xED, 0x73,
        0x54, 0x75, 0x41, 0x7E, 0x2C, 0x82, 0xE9, 0x85, 0xA9, 0x8C, 0xC4, 0x7B, 0xC6, 0x91, 0x69, 0x71,
        0x12, 0x98, 0xEF, 0x98, 0x3D, 0x63, 0x69, 0x66, 0x6A, 0x75, 0xE4, 0x76, 0xD0, 0x78, 0x43, 0x85,
        0xEE, 0x86, 0x2A, 0x53, 0x51, 0x53, 0x26, 0x54, 0x83, 0x59, 0x87, 0x5E, 0x7C, 0x5F, 0xB2, 0x60,
        0x49, 0x62, 0x79, 0x62, 0xAB, 0x62, 0x90, 0x65, 0xD4, 0x6B, 0xCC, 0x6C, 0xB2, 0x75, 0xAE, 0x76,
        0x91, 0x78, 0xD8, 0x79, 0xCB, 0x7D, 0x77, 0x7F, 0xA5, 0x80, 0xAB, 0x88, 0xB9, 0x8A, 0xBB, 0x8C,
        0x7F, 0x90, 0x5E, 0x97, 0xDB, 0x98, 0x0B, 0x6A, 0x38, 0x7C, 0x99, 0x50, 0x3E, 0x5C, 0xAE, 0x5F,
        0x87, 0x67, 0xD8, 0x6B, 0x35, 0x74, 0x09, 0x77, 0x8E, 0x7F, 0x00, 0x00, 0x00, 0x00, 0x00, 0x00,
        0x3B, 0x9F, 0xCA, 0x67, 0x17, 0x7A, 0x39, 0x53, 0x8B, 0x75, 0xED, 0x9A, 0x66, 0x5F, 0x9D, 0x81,
        0xF1, 0x83, 0x98, 0x80, 0x3C, 0x5F, 0xC5, 0x5F, 0x62, 0x75, 0x46, 0x7B, 0x3C, 0x90, 0x67, 0x68,
        0xEB, 0x59, 0x9B, 0x5A, 0x10, 0x7D, 0x7E, 0x76, 0x2C, 0x8B, 0xF5, 0x4F, 0x6A, 0x5F, 0x19, 0x6A,
        0x37, 0x6C, 0x02, 0x6F, 0xE2, 0x74, 0x68, 0x79, 0x68, 0x88, 0x55, 0x8A, 0x79, 0x8C, 0xDF, 0x5E,
        0xCF, 0x63, 0xC5, 0x75, 0xD2, 0x79, 0xD7, 0x82, 0x28, 0x93, 0xF2, 0x92, 0x9C, 0x84, 0xED, 0x86,
        0x2D, 0x9C, 0xC1, 0x54, 0x6C, 0x5F, 0x8C, 0x65, 0x5C, 0x6D, 0x15, 0x70, 0xA7, 0x8C, 0xD3, 0x8C,
        0x3B, 0x98, 0x4F, 0x65, 0xF6, 0x74, 0x0D, 0x4E, 0xD8, 0x4E, 0xE0, 0x57, 0x2B, 0x59, 0x66, 0x5A,
        0xCC, 0x5B, 0xA8, 0x51, 0x03, 0x5E, 0x9C, 0x5E, 0x16, 0x60, 0x76, 0x62, 0x77, 0x65, 0x00, 0x00,
        0xA7, 0x65, 0x6E, 0x66, 0x6E, 0x6D, 0x36, 0x72, 0x26, 0x7B, 0x50, 0x81, 0x9A, 0x81, 0x99, 0x82,
        0x5C, 0x8B, 0xA0, 0x8C, 0xE6, 0x8C, 0x74, 0x8D, 0x1C, 0x96, 0x44, 0x96, 0xAE, 0x4F, 0xAB, 0x64,
        0x66, 0x6B, 0x1E, 0x82, 0x61, 0x84, 0x6A, 0x85, 0xE8, 0x90, 0x01, 0x5C, 0x53, 0x69, 0xA8, 0x98,
        0x7A, 0x84, 0x57, 0x85, 0x0F, 0x4F, 0x6F, 0x52, 0xA9, 0x5F, 0x45, 0x5E, 0x0D, 0x67, 0x8F, 0x79,
        0x79, 0x81, 0x07, 0x89, 0x86, 0x89, 0xF5, 0x6D, 0x17, 0x5F, 0x55, 0x62, 0xB8, 0x6C, 0xCF, 0x4E,
        0x69, 0x72, 0x92, 0x9B, 0x06, 0x52, 0x3B, 0x54, 0x74, 0x56, 0xB3, 0x58, 0xA4, 0x61, 0x6E, 0x62,
        0x1A, 0x71, 0x6E, 0x59, 0x89, 0x7C, 0xDE, 0x7C, 0x1B, 0x7D, 0xF0, 0x96, 0x87, 0x65, 0x5E, 0x80,
        0x19, 0x4E, 0x75, 0x4F, 0x75, 0x51, 0x40, 0x58, 0x63, 0x5E, 0x73, 0x5E, 0x0A, 0x5F, 0xC4, 0x67,
        0x26, 0x4E, 0x3D, 0x85, 0x89, 0x95, 0x5B, 0x96, 0x73, 0x7C, 0x01, 0x98, 0xFB, 0x50, 0xC1, 0x58,
        0x56, 0x76, 0xA7, 0x78, 0x25, 0x52, 0xA5, 0x77, 0x11, 0x85, 0x86, 0x7B, 0x4F, 0x50, 0x09, 0x59,
        0x47, 0x72, 0xC7, 0x7B, 0xE8, 0x7D, 0xBA, 0x8F, 0xD4, 0x8F, 0x4D, 0x90, 0xBF, 0x4F, 0xC9, 0x52,
        0x29, 0x5A, 0x01, 0x5F, 0xAD, 0x97, 0xDD, 0x4F, 0x17, 0x82, 0xEA, 0x92, 0x03, 0x57, 0x55, 0x63,
        0x69, 0x6B, 0x2B, 0x75, 0xDC, 0x88, 0x14, 0x8F, 0x42, 0x7A, 0xDF, 0x52, 0x93, 0x58, 0x55, 0x61,
        0x0A, 0x62, 0xAE, 0x66, 0xCD, 0x6B, 0x3F, 0x7C, 0xE9, 0x83, 0x23, 0x50, 0xF8, 0x4F, 0x05, 0x53,
        0x46, 0x54, 0x31, 0x58, 0x49, 0x59, 0x9D, 0x5B, 0xF0, 0x5C, 0xEF, 0x5C, 0x29, 0x5D, 0x96, 0x5E,
        0xB1, 0x62, 0x67, 0x63, 0x3E, 0x65, 0xB9, 0x65, 0x0B, 0x67, 0x00, 0x00, 0x00, 0x00, 0x00, 0x00,
        0xD5, 0x6C, 0xE1, 0x6C, 0xF9, 0x70, 0x32, 0x78, 0x2B, 0x7E, 0xDE, 0x80, 0xB3, 0x82, 0x0C, 0x84,
        0xEC, 0x84, 0x02, 0x87, 0x12, 0x89, 0x2A, 0x8A, 0x4A, 0x8C, 0xA6, 0x90, 0xD2, 0x92, 0xFD, 0x98,
        0xF3, 0x9C, 0x6C, 0x9D, 0x4F, 0x4E, 0xA1, 0x4E, 0x8D, 0x50, 0x56, 0x52, 0x4A, 0x57, 0xA8, 0x59,
        0x3D, 0x5E, 0xD8, 0x5F, 0xD9, 0x5F, 0x3F, 0x62, 0xB4, 0x66, 0x1B, 0x67, 0xD0, 0x67, 0xD2, 0x68,
        0x92, 0x51, 0x21, 0x7D, 0xAA, 0x80, 0xA8, 0x81, 0x00, 0x8B, 0x8C, 0x8C, 0xBF, 0x8C, 0x7E, 0x92,
        0x32, 0x96, 0x20, 0x54, 0x2C, 0x98, 0x17, 0x53, 0xD5, 0x50, 0x5C, 0x53, 0xA8, 0x58, 0xB2, 0x64,
        0x34, 0x67, 0x67, 0x72, 0x66, 0x77, 0x46, 0x7A, 0xE6, 0x91, 0xC3, 0x52, 0xA1, 0x6C, 0x86, 0x6B,
        0x00, 0x58, 0x4C, 0x5E, 0x54, 0x59, 0x2C, 0x67, 0xFB, 0x7F, 0xE1, 0x51, 0xC6, 0x76, 0x00, 0x00,
        0x69, 0x64, 0xE8, 0x78, 0x54, 0x9B, 0xBB, 0x9E, 0xCB, 0x57, 0xB9, 0x59, 0x27, 0x66, 0x9A, 0x67,
        0xCE, 0x6B, 0xE9, 0x54, 0xD9, 0x69, 0x55, 0x5E, 0x9C, 0x81, 0x95, 0x67, 0xAA, 0x9B, 0xFE, 0x67,
        0x52, 0x9C, 0x5D, 0x68, 0xA6, 0x4E, 0xE3, 0x4F, 0xC8, 0x53, 0xB9, 0x62, 0x2B, 0x67, 0xAB, 0x6C,
        0xC4, 0x8F, 0xAD, 0x4F, 0x6D, 0x7E, 0xBF, 0x9E, 0x07, 0x4E, 0x62, 0x61, 0x80, 0x6E, 0x2B, 0x6F,
        0x13, 0x85, 0x73, 0x54, 0x2A, 0x67, 0x45, 0x9B, 0xF3, 0x5D, 0x95, 0x7B, 0xAC, 0x5C, 0xC6, 0x5B,
        0x1C, 0x87, 0x4A, 0x6E, 0xD1, 0x84, 0x14, 0x7A, 0x08, 0x81, 0x99, 0x59, 0x8D, 0x7C, 0x11, 0x6C,
        0x20, 0x77, 0xD9, 0x52, 0x22, 0x59, 0x21, 0x71, 0x5F, 0x72, 0xDB, 0x77, 0x27, 0x97, 0x61, 0x9D,
        0x0B, 0x69, 0x7F, 0x5A, 0x18, 0x5A, 0xA5, 0x51, 0x0D, 0x54, 0x7D, 0x54, 0x0E, 0x66, 0xDF, 0x76,
        0xF7, 0x8F, 0x98, 0x92, 0xF4, 0x9C, 0xEA, 0x59, 0x5D, 0x72, 0xC5, 0x6E, 0x4D, 0x51, 0xC9, 0x68,
        0xBF, 0x7D, 0xEC, 0x7D, 0x62, 0x97, 0xBA, 0x9E, 0x78, 0x64, 0x21, 0x6A, 0x02, 0x83, 0x84, 0x59,
        0x5F, 0x5B, 0xDB, 0x6B, 0x1B, 0x73, 0xF2, 0x76, 0xB2, 0x7D, 0x17, 0x80, 0x99, 0x84, 0x32, 0x51,
        0x28, 0x67, 0xD9, 0x9E, 0xEE, 0x76, 0x62, 0x67, 0xFF, 0x52, 0x05, 0x99, 0x24, 0x5C, 0x3B, 0x62,
        0x7E, 0x7C, 0xB0, 0x8C, 0x4F, 0x55, 0xB6, 0x60, 0x0B, 0x7D, 0x80, 0x95, 0x01, 0x53, 0x5F, 0x4E,
        0xB6, 0x51, 0x1C, 0x59, 0x3A, 0x72, 0x36, 0x80, 0xCE, 0x91, 0x25, 0x5F, 0xE2, 0x77, 0x84, 0x53,
        0x79, 0x5F, 0x04, 0x7D, 0xAC, 0x85, 0x33, 0x8A, 0x8D, 0x8E, 0x56, 0x97, 0xF3, 0x67, 0xAE, 0x85,
        0x53, 0x94, 0x09, 0x61, 0x08, 0x61, 0xB9, 0x6C, 0x52, 0x76, 0x00, 0x00, 0x00, 0x00, 0x00, 0x00,
        0xED, 0x8A, 0x38, 0x8F, 0x2F, 0x55, 0x51, 0x4F, 0x2A, 0x51, 0xC7, 0x52, 0xCB, 0x53, 0xA5, 0x5B,
        0x7D, 0x5E, 0xA0, 0x60, 0x82, 0x61, 0xD6, 0x63, 0x09, 0x67, 0xDA, 0x67, 0x67, 0x6E, 0x8C, 0x6D,
        0x36, 0x73, 0x37, 0x73, 0x31, 0x75, 0x50, 0x79, 0xD5, 0x88, 0x98, 0x8A, 0x4A, 0x90, 0x91, 0x90,
        0xF5, 0x90, 0xC4, 0x96, 0x8D, 0x87, 0x15, 0x59, 0x88, 0x4E, 0x59, 0x4F, 0x0E, 0x4E, 0x89, 0x8A,
        0x3F, 0x8F, 0x10, 0x98, 0xAD, 0x50, 0x7C, 0x5E, 0x96, 0x59, 0xB9, 0x5B, 0xB8, 0x5E, 0xDA, 0x63,
        0xFA, 0x63, 0xC1, 0x64, 0xDC, 0x66, 0x4A, 0x69, 0xD8, 0x69, 0x0B, 0x6D, 0xB6, 0x6E, 0x94, 0x71,
        0x28, 0x75, 0xAF, 0x7A, 0x8A, 0x7F, 0x00, 0x80, 0x49, 0x84, 0xC9, 0x84, 0x81, 0x89, 0x21, 0x8B,
        0x0A, 0x8E, 0x65, 0x90, 0x7D, 0x96, 0x0A, 0x99, 0x7E, 0x61, 0x91, 0x62, 0x32, 0x6B, 0x00, 0x00,
        0x83, 0x6C, 0x74, 0x6D, 0xCC, 0x7F, 0xFC, 0x7F, 0xC0, 0x6D, 0x85, 0x7F, 0xBA, 0x87, 0xF8, 0x88,
        0x65, 0x67, 0xB1, 0x83, 0x3C, 0x98, 0xF7, 0x96, 0x1B, 0x6D, 0x61, 0x7D, 0x3D, 0x84, 0x6A, 0x91,
        0x71, 0x4E, 0x75, 0x53, 0x50, 0x5D, 0x04, 0x6B, 0xEB, 0x6F, 0xCD, 0x85, 0x2D, 0x86, 0xA7, 0x89,
        0x29, 0x52, 0x0F, 0x54, 0x65, 0x5C, 0x4E, 0x67, 0xA8, 0x68, 0x06, 0x74, 0x83, 0x74, 0xE2, 0x75,
        0xCF, 0x88, 0xE1, 0x88, 0xCC, 0x91, 0xE2, 0x96, 0x78, 0x96, 0x8B, 0x5F, 0x87, 0x73, 0xCB, 0x7A,
        0x4E, 0x84, 0xA0, 0x63, 0x65, 0x75, 0x89, 0x52, 0x41, 0x6D, 0x9C, 0x6E, 0x09, 0x74, 0x59, 0x75,
        0x6B, 0x78, 0x92, 0x7C, 0x86, 0x96, 0xDC, 0x7A, 0x8D, 0x9F, 0xB6, 0x4F, 0x6E, 0x61, 0xC5, 0x65,
        0x5C, 0x86, 0x86, 0x4E, 0xAE, 0x4E, 0xDA, 0x50, 0x21, 0x4E, 0xCC, 0x51, 0xEE, 0x5B, 0x99, 0x65,
        0x81, 0x68, 0xBC, 0x6D, 0x1F, 0x73, 0x42, 0x76, 0xAD, 0x77, 0x1C, 0x7A, 0xE7, 0x7C, 0x6F, 0x82,
        0xD2, 0x8A, 0x7C, 0x90, 0xCF, 0x91, 0x75, 0x96, 0x18, 0x98, 0x9B, 0x52, 0xD1, 0x7D, 0x2B, 0x50,
        0x98, 0x53, 0x97, 0x67, 0xCB, 0x6D, 0xD0, 0x71, 0x33, 0x74, 0xE8, 0x81, 0x2A, 0x8F, 0xA3, 0x96,
        0x57, 0x9C, 0x9F, 0x9E, 0x60, 0x74, 0x41, 0x58, 0x99, 0x6D, 0x2F, 0x7D, 0x5E, 0x98, 0xE4, 0x4E,
        0x36, 0x4F, 0x8B, 0x4F, 0xB7, 0x51, 0xB1, 0x52, 0xBA, 0x5D, 0x1C, 0x60, 0xB2, 0x73, 0x3C, 0x79,
        0xD3, 0x82, 0x34, 0x92, 0xB7, 0x96, 0xF6, 0x96, 0x0A, 0x97, 0x97, 0x9E, 0x62, 0x9F, 0xA6, 0x66,
        0x74, 0x6B, 0x17, 0x52, 0xA3, 0x52, 0xC8, 0x70, 0xC2, 0x88, 0xC9, 0x5E, 0x4B, 0x60, 0x90, 0x61,
        0x23, 0x6F, 0x49, 0x71, 0x3E, 0x7C, 0xF4, 0x7D, 0x6F, 0x80, 0x00, 0x00, 0x00, 0x00, 0x00, 0x00,
        0xEE, 0x84, 0x23, 0x90, 0x2C, 0x93, 0x42, 0x54, 0x6F, 0x9B, 0xD3, 0x6A, 0x89, 0x70, 0xC2, 0x8C,
        0xEF, 0x8D, 0x32, 0x97, 0xB4, 0x52, 0x41, 0x5A, 0xCA, 0x5E, 0x04, 0x5F, 0x17, 0x67, 0x7C, 0x69,
        0x94, 0x69, 0x6A, 0x6D, 0x0F, 0x6F, 0x62, 0x72, 0xFC, 0x72, 0xED, 0x7B, 0x01, 0x80, 0x7E, 0x80,
        0x4B, 0x87, 0xCE, 0x90, 0x6D, 0x51, 0x93, 0x9E, 0x84, 0x79, 0x8B, 0x80, 0x32, 0x93, 0xD6, 0x8A,
        0x2D, 0x50, 0x8C, 0x54, 0x71, 0x8A, 0x6A, 0x6B, 0xC4, 0x8C, 0x07, 0x81, 0xD1, 0x60, 0xA0, 0x67,
        0xF2, 0x9D, 0x99, 0x4E, 0x98, 0x4E, 0x10, 0x9C, 0x6B, 0x8A, 0xC1, 0x85, 0x68, 0x85, 0x00, 0x69,
        0x7E, 0x6E, 0x97, 0x78, 0x55, 0x81, 0x00, 0x00, 0x00, 0x00, 0x00, 0x00, 0x00, 0x00, 0x00, 0x00,
        0x00, 0x00, 0x00, 0x00, 0x00, 0x00, 0x00, 0x00, 0x00, 0x00, 0x00, 0x00, 0x00, 0x00, 0x00, 0x00,
        0x00, 0x00, 0x00, 0x00, 0x00, 0x00, 0x00, 0x00, 0x00, 0x00, 0x00, 0x00, 0x00, 0x00, 0x00, 0x00,
        0x00, 0x00, 0x00, 0x00, 0x00, 0x00, 0x00, 0x00, 0x00, 0x00, 0x00, 0x00, 0x00, 0x00, 0x00, 0x00,
        0x00, 0x00, 0x00, 0x00, 0x00, 0x00, 0x00, 0x00, 0x00, 0x00, 0x00, 0x00, 0x00, 0x00, 0x00, 0x00,
        0x00, 0x00, 0x00, 0x00, 0x00, 0x00, 0x00, 0x00, 0x00, 0x00, 0x00, 0x00, 0x00, 0x00, 0x0C, 0x5F,
        0x10, 0x4E, 0x15, 0x4E, 0x2A, 0x4E, 0x31, 0x4E, 0x36, 0x4E, 0x3C, 0x4E, 0x3F, 0x4E, 0x42, 0x4E,
        0x56, 0x4E, 0x58, 0x4E, 0x82, 0x4E, 0x85, 0x4E, 0x6B, 0x8C, 0x8A, 0x4E, 0x12, 0x82, 0x0D, 0x5F,
        0x8E, 0x4E, 0x9E, 0x4E, 0x9F, 0x4E, 0xA0, 0x4E, 0xA2, 0x4E, 0xB0, 0x4E, 0xB3, 0x4E, 0xB6, 0x4E,
        0xCE, 0x4E, 0xCD, 0x4E, 0xC4, 0x4E, 0xC6, 0x4E, 0xC2, 0x4E, 0xD7, 0x4E, 0xDE, 0x4E, 0xED, 0x4E,
        0xDF, 0x4E, 0xF7, 0x4E, 0x09, 0x4F, 0x5A, 0x4F, 0x30, 0x4F, 0x5B, 0x4F, 0x5D, 0x4F, 0x57, 0x4F,
        0x47, 0x4F, 0x76, 0x4F, 0x88, 0x4F, 0x8F, 0x4F, 0x98, 0x4F, 0x7B, 0x4F, 0x69, 0x4F, 0x70, 0x4F,
        0x91, 0x4F, 0x6F, 0x4F, 0x86, 0x4F, 0x96, 0x4F, 0x18, 0x51, 0xD4, 0x4F, 0xDF, 0x4F, 0xCE, 0x4F,
        0xD8, 0x4F, 0xDB, 0x4F, 0xD1, 0x4F, 0xDA, 0x4F, 0xD0, 0x4F, 0xE4, 0x4F, 0xE5, 0x4F, 0x1A, 0x50,
        0x28, 0x50, 0x14, 0x50, 0x2A, 0x50, 0x25, 0x50, 0x05, 0x50, 0x1C, 0x4F, 0xF6, 0x4F, 0x21, 0x50,
        0x29, 0x50, 0x2C, 0x50, 0xFE, 0x4F, 0xEF, 0x4F, 0x11, 0x50, 0x06, 0x50, 0x43, 0x50, 0x47, 0x50,
        0x03, 0x67, 0x55, 0x50, 0x50, 0x50, 0x48, 0x50, 0x5A, 0x50, 0x56, 0x50, 0x6C, 0x50, 0x78, 0x50,
        0x80, 0x50, 0x9A, 0x50, 0x85, 0x50, 0xB4, 0x50, 0xB2, 0x50, 0x00, 0x00, 0x00, 0x00, 0x00, 0x00,
        0xC9, 0x50, 0xCA, 0x50, 0xB3, 0x50, 0xC2, 0x50, 0xD6, 0x50, 0xDE, 0x50, 0xE5, 0x50, 0xED, 0x50,
        0xE3, 0x50, 0xEE, 0x50, 0xF9, 0x50, 0xF5, 0x50, 0x09, 0x51, 0x01, 0x51, 0x02, 0x51, 0x16, 0x51,
        0x15, 0x51, 0x14, 0x51, 0x1A, 0x51, 0x21, 0x51, 0x3A, 0x51, 0x37, 0x51, 0x3C, 0x51, 0x3B, 0x51,
        0x3F, 0x51, 0x40, 0x51, 0x52, 0x51, 0x4C, 0x51, 0x54, 0x51, 0x62, 0x51, 0xF8, 0x7A, 0x69, 0x51,
        0x6A, 0x51, 0x6E, 0x51, 0x80, 0x51, 0x82, 0x51, 0xD8, 0x56, 0x8C, 0x51, 0x89, 0x51, 0x8F, 0x51,
        0x91, 0x51, 0x93, 0x51, 0x95, 0x51, 0x96, 0x51, 0xA4, 0x51, 0xA6, 0x51, 0xA2, 0x51, 0xA9, 0x51,
        0xAA, 0x51, 0xAB, 0x51, 0xB3, 0x51, 0xB1, 0x51, 0xB2, 0x51, 0xB0, 0x51, 0xB5, 0x51, 0xBD, 0x51,
        0xC5, 0x51, 0xC9, 0x51, 0xDB, 0x51, 0xE0, 0x51, 0x55, 0x86, 0xE9, 0x51, 0xED, 0x51, 0x00, 0x00,
        0xF0, 0x51, 0xF5, 0x51, 0xFE, 0x51, 0x04, 0x52, 0x0B, 0x52, 0x14, 0x52, 0x0E, 0x52, 0x27, 0x52,
        0x2A, 0x52, 0x2E, 0x52, 0x33, 0x52, 0x39, 0x52, 0x4F, 0x52, 0x44, 0x52, 0x4B, 0x52, 0x4C, 0x52,
        0x5E, 0x52, 0x54, 0x52, 0x6A, 0x52, 0x74, 0x52, 0x69, 0x52, 0x73, 0x52, 0x7F, 0x52, 0x7D, 0x52,
        0x8D, 0x52, 0x94, 0x52, 0x92, 0x52, 0x71, 0x52, 0x88, 0x52, 0x91, 0x52, 0xA8, 0x8F, 0xA7, 0x8F,
        0xAC, 0x52, 0xAD, 0x52, 0xBC, 0x52, 0xB5, 0x52, 0xC1, 0x52, 0xCD, 0x52, 0xD7, 0x52, 0xDE, 0x52,
        0xE3, 0x52, 0xE6, 0x52, 0xED, 0x98, 0xE0, 0x52, 0xF3, 0x52, 0xF5, 0x52, 0xF8, 0x52, 0xF9, 0x52,
        0x06, 0x53, 0x08, 0x53, 0x38, 0x75, 0x0D, 0x53, 0x10, 0x53, 0x0F, 0x53, 0x15, 0x53, 0x1A, 0x53,
        0x23, 0x53, 0x2F, 0x53, 0x31, 0x53, 0x33, 0x53, 0x38, 0x53, 0x40, 0x53, 0x46, 0x53, 0x45, 0x53,
        0x17, 0x4E, 0x49, 0x53, 0x4D, 0x53, 0xD6, 0x51, 0x5E, 0x53, 0x69, 0x53, 0x6E, 0x53, 0x18, 0x59,
        0x7B, 0x53, 0x77, 0x53, 0x82, 0x53, 0x96, 0x53, 0xA0, 0x53, 0xA6, 0x53, 0xA5, 0x53, 0xAE, 0x53,
        0xB0, 0x53, 0xB6, 0x53, 0xC3, 0x53, 0x12, 0x7C, 0xD9, 0x96, 0xDF, 0x53, 0xFC, 0x66, 0xEE, 0x71,
        0xEE, 0x53, 0xE8, 0x53, 0xED, 0x53, 0xFA, 0x53, 0x01, 0x54, 0x3D, 0x54, 0x40, 0x54, 0x2C, 0x54,
        0x2D, 0x54, 0x3C, 0x54, 0x2E, 0x54, 0x36, 0x54, 0x29, 0x54, 0x1D, 0x54, 0x4E, 0x54, 0x8F, 0x54,
        0x75, 0x54, 0x8E, 0x54, 0x5F, 0x54, 0x71, 0x54, 0x77, 0x54, 0x70, 0x54, 0x92, 0x54, 0x7B, 0x54,
        0x80, 0x54, 0x76, 0x54, 0x84, 0x54, 0x90, 0x54, 0x86, 0x54, 0xC7, 0x54, 0xA2, 0x54, 0xB8, 0x54,
        0xA5, 0x54, 0xAC, 0x54, 0xC4, 0x54, 0xC8, 0x54, 0xA8, 0x54, 0x00, 0x00, 0x00, 0x00, 0x00, 0x00,
        0xAB, 0x54, 0xC2, 0x54, 0xA4, 0x54, 0xBE, 0x54, 0xBC, 0x54, 0xD8, 0x54, 0xE5, 0x54, 0xE6, 0x54,
        0x0F, 0x55, 0x14, 0x55, 0xFD, 0x54, 0xEE, 0x54, 0xED, 0x54, 0xFA, 0x54, 0xE2, 0x54, 0x39, 0x55,
        0x40, 0x55, 0x63, 0x55, 0x4C, 0x55, 0x2E, 0x55, 0x5C, 0x55, 0x45, 0x55, 0x56, 0x55, 0x57, 0x55,
        0x38, 0x55, 0x33, 0x55, 0x5D, 0x55, 0x99, 0x55, 0x80, 0x55, 0xAF, 0x54, 0x8A, 0x55, 0x9F, 0x55,
        0x7B, 0x55, 0x7E, 0x55, 0x98, 0x55, 0x9E, 0x55, 0xAE, 0x55, 0x7C, 0x55, 0x83, 0x55, 0xA9, 0x55,
        0x87, 0x55, 0xA8, 0x55, 0xDA, 0x55, 0xC5, 0x55, 0xDF, 0x55, 0xC4, 0x55, 0xDC, 0x55, 0xE4, 0x55,
        0xD4, 0x55, 0x14, 0x56, 0xF7, 0x55, 0x16, 0x56, 0xFE, 0x55, 0xFD, 0x55, 0x1B, 0x56, 0xF9, 0x55,
        0x4E, 0x56, 0x50, 0x56, 0xDF, 0x71, 0x34, 0x56, 0x36, 0x56, 0x32, 0x56, 0x38, 0x56, 0x00, 0x00,
        0x6B, 0x56, 0x64, 0x56, 0x2F, 0x56, 0x6C, 0x56, 0x6A, 0x56, 0x86, 0x56, 0x80, 0x56, 0x8A, 0x56,
        0xA0, 0x56, 0x94, 0x56, 0x8F, 0x56, 0xA5, 0x56, 0xAE, 0x56, 0xB6, 0x56, 0xB4, 0x56, 0xC2, 0x56,
        0xBC, 0x56, 0xC1, 0x56, 0xC3, 0x56, 0xC0, 0x56, 0xC8, 0x56, 0xCE, 0x56, 0xD1, 0x56, 0xD3, 0x56,
        0xD7, 0x56, 0xEE, 0x56, 0xF9, 0x56, 0x00, 0x57, 0xFF, 0x56, 0x04, 0x57, 0x09, 0x57, 0x08, 0x57,
        0x0B, 0x57, 0x0D, 0x57, 0x13, 0x57, 0x18, 0x57, 0x16, 0x57, 0xC7, 0x55, 0x1C, 0x57, 0x26, 0x57,
        0x37, 0x57, 0x38, 0x57, 0x4E, 0x57, 0x3B, 0x57, 0x40, 0x57, 0x4F, 0x57, 0x69, 0x57, 0xC0, 0x57,
        0x88, 0x57, 0x61, 0x57, 0x7F, 0x57, 0x89, 0x57, 0x93, 0x57, 0xA0, 0x57, 0xB3, 0x57, 0xA4, 0x57,
        0xAA, 0x57, 0xB0, 0x57, 0xC3, 0x57, 0xC6, 0x57, 0xD4, 0x57, 0xD2, 0x57, 0xD3, 0x57, 0x0A, 0x58,
        0xD6, 0x57, 0xE3, 0x57, 0x0B, 0x58, 0x19, 0x58, 0x1D, 0x58, 0x72, 0x58, 0x21, 0x58, 0x62, 0x58,
        0x4B, 0x58, 0x70, 0x58, 0xC0, 0x6B, 0x52, 0x58, 0x3D, 0x58, 0x79, 0x58, 0x85, 0x58, 0xB9, 0x58,
        0x9F, 0x58, 0xAB, 0x58, 0xBA, 0x58, 0xDE, 0x58, 0xBB, 0x58, 0xB8, 0x58, 0xAE, 0x58, 0xC5, 0x58,
        0xD3, 0x58, 0xD1, 0x58, 0xD7, 0x58, 0xD9, 0x58, 0xD8, 0x58, 0xE5, 0x58, 0xDC, 0x58, 0xE4, 0x58,
        0xDF, 0x58, 0xEF, 0x58, 0xFA, 0x58, 0xF9, 0x58, 0xFB, 0x58, 0xFC, 0x58, 0xFD, 0x58, 0x02, 0x59,
        0x0A, 0x59, 0x10, 0x59, 0x1B, 0x59, 0xA6, 0x68, 0x25, 0x59, 0x2C, 0x59, 0x2D, 0x59, 0x32, 0x59,
        0x38, 0x59, 0x3E, 0x59, 0xD2, 0x7A, 0x55, 0x59, 0x50, 0x59, 0x4E, 0x59, 0x5A, 0x59, 0x58, 0x59,
        0x62, 0x59, 0x60, 0x59, 0x67, 0x59, 0x6C, 0x59, 0x69, 0x59, 0x00, 0x00, 0x00, 0x00, 0x00, 0x00,
        0x78, 0x59, 0x81, 0x59, 0x9D, 0x59, 0x5E, 0x4F, 0xAB, 0x4F, 0xA3, 0x59, 0xB2, 0x59, 0xC6, 0x59,
        0xE8, 0x59, 0xDC, 0x59, 0x8D, 0x59, 0xD9, 0x59, 0xDA, 0x59, 0x25, 0x5A, 0x1F, 0x5A, 0x11, 0x5A,
        0x1C, 0x5A, 0x09, 0x5A, 0x1A, 0x5A, 0x40, 0x5A, 0x6C, 0x5A, 0x49, 0x5A, 0x35, 0x5A, 0x36, 0x5A,
        0x62, 0x5A, 0x6A, 0x5A, 0x9A, 0x5A, 0xBC, 0x5A, 0xBE, 0x5A, 0xCB, 0x5A, 0xC2, 0x5A, 0xBD, 0x5A,
        0xE3, 0x5A, 0xD7, 0x5A, 0xE6, 0x5A, 0xE9, 0x5A, 0xD6, 0x5A, 0xFA, 0x5A, 0xFB, 0x5A, 0x0C, 0x5B,
        0x0B, 0x5B, 0x16, 0x5B, 0x32, 0x5B, 0xD0, 0x5A, 0x2A, 0x5B, 0x36, 0x5B, 0x3E, 0x5B, 0x43, 0x5B,
        0x45, 0x5B, 0x40, 0x5B, 0x51, 0x5B, 0x55, 0x5B, 0x5A, 0x5B, 0x5B, 0x5B, 0x65, 0x5B, 0x69, 0x5B,
        0x70, 0x5B, 0x73, 0x5B, 0x75, 0x5B, 0x78, 0x5B, 0x88, 0x65, 0x7A, 0x5B, 0x80, 0x5B, 0x00, 0x00,
        0x83, 0x5B, 0xA6, 0x5B, 0xB8, 0x5B, 0xC3, 0x5B, 0xC7, 0x5B, 0xC9, 0x5B, 0xD4, 0x5B, 0xD0, 0x5B,
        0xE4, 0x5B, 0xE6, 0x5B, 0xE2, 0x5B, 0xDE, 0x5B, 0xE5, 0x5B, 0xEB, 0x5B, 0xF0, 0x5B, 0xF6, 0x5B,
        0xF3, 0x5B, 0x05, 0x5C, 0x07, 0x5C, 0x08, 0x5C, 0x0D, 0x5C, 0x13, 0x5C, 0x20, 0x5C, 0x22, 0x5C,
        0x28, 0x5C, 0x38, 0x5C, 0x39, 0x5C, 0x41, 0x5C, 0x46, 0x5C, 0x4E, 0x5C, 0x53, 0x5C, 0x50, 0x5C,
        0x4F, 0x5C, 0x71, 0x5B, 0x6C, 0x5C, 0x6E, 0x5C, 0x62, 0x4E, 0x76, 0x5C, 0x79, 0x5C, 0x8C, 0x5C,
        0x91, 0x5C, 0x94, 0x5C, 0x9B, 0x59, 0xAB, 0x5C, 0xBB, 0x5C, 0xB6, 0x5C, 0xBC, 0x5C, 0xB7, 0x5C,
        0xC5, 0x5C, 0xBE, 0x5C, 0xC7, 0x5C, 0xD9, 0x5C, 0xE9, 0x5C, 0xFD, 0x5C, 0xFA, 0x5C, 0xED, 0x5C,
        0x8C, 0x5D, 0xEA, 0x5C, 0x0B, 0x5D, 0x15, 0x5D, 0x17, 0x5D, 0x5C, 0x5D, 0x1F, 0x5D, 0x1B, 0x5D,
        0x11, 0x5D, 0x14, 0x5D, 0x22, 0x5D, 0x1A, 0x5D, 0x19, 0x5D, 0x18, 0x5D, 0x4C, 0x5D, 0x52, 0x5D,
        0x4E, 0x5D, 0x4B, 0x5D, 0x6C, 0x5D, 0x73, 0x5D, 0x76, 0x5D, 0x87, 0x5D, 0x84, 0x5D, 0x82, 0x5D,
        0xA2, 0x5D, 0x9D, 0x5D, 0xAC, 0x5D, 0xAE, 0x5D, 0xBD, 0x5D, 0x90, 0x5D, 0xB7, 0x5D, 0xBC, 0x5D,
        0xC9, 0x5D, 0xCD, 0x5D, 0xD3, 0x5D, 0xD2, 0x5D, 0xD6, 0x5D, 0xDB, 0x5D, 0xEB, 0x5D, 0xF2, 0x5D,
        0xF5, 0x5D, 0x0B, 0x5E, 0x1A, 0x5E, 0x19, 0x5E, 0x11, 0x5E, 0x1B, 0x5E, 0x36, 0x5E, 0x37, 0x5E,
        0x44, 0x5E, 0x43, 0x5E, 0x40, 0x5E, 0x4E, 0x5E, 0x57, 0x5E, 0x54, 0x5E, 0x5F, 0x5E, 0x62, 0x5E,
        0x64, 0x5E, 0x47, 0x5E, 0x75, 0x5E, 0x76, 0x5E, 0x7A, 0x5E, 0xBC, 0x9E, 0x7F, 0x5E, 0xA0, 0x5E,
        0xC1, 0x5E, 0xC2, 0x5E, 0xC8, 0x5E, 0xD0, 0x5E, 0xCF, 0x5E, 0x00, 0x00, 0x00, 0x00, 0x00, 0x00,
        0xD6, 0x5E, 0xE3, 0x5E, 0xDD, 0x5E, 0xDA, 0x5E, 0xDB, 0x5E, 0xE2, 0x5E, 0xE1, 0x5E, 0xE8, 0x5E,
        0xE9, 0x5E, 0xEC, 0x5E, 0xF1, 0x5E, 0xF3, 0x5E, 0xF0, 0x5E, 0xF4, 0x5E, 0xF8, 0x5E, 0xFE, 0x5E,
        0x03, 0x5F, 0x09, 0x5F, 0x5D, 0x5F, 0x5C, 0x5F, 0x0B, 0x5F, 0x11, 0x5F, 0x16, 0x5F, 0x29, 0x5F,
        0x2D, 0x5F, 0x38, 0x5F, 0x41, 0x5F, 0x48, 0x5F, 0x4C, 0x5F, 0x4E, 0x5F, 0x2F, 0x5F, 0x51, 0x5F,
        0x56, 0x5F, 0x57, 0x5F, 0x59, 0x5F, 0x61, 0x5F, 0x6D, 0x5F, 0x73, 0x5F, 0x77, 0x5F, 0x83, 0x5F,
        0x82, 0x5F, 0x7F, 0x5F, 0x8A, 0x5F, 0x88, 0x5F, 0x91, 0x5F, 0x87, 0x5F, 0x9E, 0x5F, 0x99, 0x5F,
        0x98, 0x5F, 0xA0, 0x5F, 0xA8, 0x5F, 0xAD, 0x5F, 0xBC, 0x5F, 0xD6, 0x5F, 0xFB, 0x5F, 0xE4, 0x5F,
        0xF8, 0x5F, 0xF1, 0x5F, 0xDD, 0x5F, 0xB3, 0x60, 0xFF, 0x5F, 0x21, 0x60, 0x60, 0x60, 0x00, 0x00,
        0x19, 0x60, 0x10, 0x60, 0x29, 0x60, 0x0E, 0x60, 0x31, 0x60, 0x1B, 0x60, 0x15, 0x60, 0x2B, 0x60,
        0x26, 0x60, 0x0F, 0x60, 0x3A, 0x60, 0x5A, 0x60, 0x41, 0x60, 0x6A, 0x60, 0x77, 0x60, 0x5F, 0x60,
        0x4A, 0x60, 0x46, 0x60, 0x4D, 0x60, 0x63, 0x60, 0x43, 0x60, 0x64, 0x60, 0x42, 0x60, 0x6C, 0x60,
        0x6B, 0x60, 0x59, 0x60, 0x81, 0x60, 0x8D, 0x60, 0xE7, 0x60, 0x83, 0x60, 0x9A, 0x60, 0x84, 0x60,
        0x9B, 0x60, 0x96, 0x60, 0x97, 0x60, 0x92, 0x60, 0xA7, 0x60, 0x8B, 0x60, 0xE1, 0x60, 0xB8, 0x60,
        0xE0, 0x60, 0xD3, 0x60, 0xB4, 0x60, 0xF0, 0x5F, 0xBD, 0x60, 0xC6, 0x60, 0xB5, 0x60, 0xD8, 0x60,
        0x4D, 0x61, 0x15, 0x61, 0x06, 0x61, 0xF6, 0x60, 0xF7, 0x60, 0x00, 0x61, 0xF4, 0x60, 0xFA, 0x60,
        0x03, 0x61, 0x21, 0x61, 0xFB, 0x60, 0xF1, 0x60, 0x0D, 0x61, 0x0E, 0x61, 0x47, 0x61, 0x3E, 0x61,
        0x28, 0x61, 0x27, 0x61, 0x4A, 0x61, 0x3F, 0x61, 0x3C, 0x61, 0x2C, 0x61, 0x34, 0x61, 0x3D, 0x61,
        0x42, 0x61, 0x44, 0x61, 0x73, 0x61, 0x77, 0x61, 0x58, 0x61, 0x59, 0x61, 0x5A, 0x61, 0x6B, 0x61,
        0x74, 0x61, 0x6F, 0x61, 0x65, 0x61, 0x71, 0x61, 0x5F, 0x61, 0x5D, 0x61, 0x53, 0x61, 0x75, 0x61,
        0x99, 0x61, 0x96, 0x61, 0x87, 0x61, 0xAC, 0x61, 0x94, 0x61, 0x9A, 0x61, 0x8A, 0x61, 0x91, 0x61,
        0xAB, 0x61, 0xAE, 0x61, 0xCC, 0x61, 0xCA, 0x61, 0xC9, 0x61, 0xF7, 0x61, 0xC8, 0x61, 0xC3, 0x61,
        0xC6, 0x61, 0xBA, 0x61, 0xCB, 0x61, 0x79, 0x7F, 0xCD, 0x61, 0xE6, 0x61, 0xE3, 0x61, 0xF6, 0x61,
        0xFA, 0x61, 0xF4, 0x61, 0xFF, 0x61, 0xFD, 0x61, 0xFC, 0x61, 0xFE, 0x61, 0x00, 0x62, 0x08, 0x62,
        0x09, 0x62, 0x0D, 0x62, 0x0C, 0x62, 0x14, 0x62, 0x1B, 0x62, 0x00, 0x00, 0x00, 0x00, 0x00, 0x00,
        0x1E, 0x62, 0x21, 0x62, 0x2A, 0x62, 0x2E, 0x62, 0x30, 0x62, 0x32, 0x62, 0x33, 0x62, 0x41, 0x62,
        0x4E, 0x62, 0x5E, 0x62, 0x63, 0x62, 0x5B, 0x62, 0x60, 0x62, 0x68, 0x62, 0x7C, 0x62, 0x82, 0x62,
        0x89, 0x62, 0x7E, 0x62, 0x92, 0x62, 0x93, 0x62, 0x96, 0x62, 0xD4, 0x62, 0x83, 0x62, 0x94, 0x62,
        0xD7, 0x62, 0xD1, 0x62, 0xBB, 0x62, 0xCF, 0x62, 0xFF, 0x62, 0xC6, 0x62, 0xD4, 0x64, 0xC8, 0x62,
        0xDC, 0x62, 0xCC, 0x62, 0xCA, 0x62, 0xC2, 0x62, 0xC7, 0x62, 0x9B, 0x62, 0xC9, 0x62, 0x0C, 0x63,
        0xEE, 0x62, 0xF1, 0x62, 0x27, 0x63, 0x02, 0x63, 0x08, 0x63, 0xEF, 0x62, 0xF5, 0x62, 0x50, 0x63,
        0x3E, 0x63, 0x4D, 0x63, 0x1C, 0x64, 0x4F, 0x63, 0x96, 0x63, 0x8E, 0x63, 0x80, 0x63, 0xAB, 0x63,
        0x76, 0x63, 0xA3, 0x63, 0x8F, 0x63, 0x89, 0x63, 0x9F, 0x63, 0xB5, 0x63, 0x6B, 0x63, 0x00, 0x00,
        0x69, 0x63, 0xBE, 0x63, 0xE9, 0x63, 0xC0, 0x63, 0xC6, 0x63, 0xE3, 0x63, 0xC9, 0x63, 0xD2, 0x63,
        0xF6, 0x63, 0xC4, 0x63, 0x16, 0x64, 0x34, 0x64, 0x06, 0x64, 0x13, 0x64, 0x26, 0x64, 0x36, 0x64,
        0x1D, 0x65, 0x17, 0x64, 0x28, 0x64, 0x0F, 0x64, 0x67, 0x64, 0x6F, 0x64, 0x76, 0x64, 0x4E, 0x64,
        0x2A, 0x65, 0x95, 0x64, 0x93, 0x64, 0xA5, 0x64, 0xA9, 0x64, 0x88, 0x64, 0xBC, 0x64, 0xDA, 0x64,
        0xD2, 0x64, 0xC5, 0x64, 0xC7, 0x64, 0xBB, 0x64, 0xD8, 0x64, 0xC2, 0x64, 0xF1, 0x64, 0xE7, 0x64,
        0x09, 0x82, 0xE0, 0x64, 0xE1, 0x64, 0xAC, 0x62, 0xE3, 0x64, 0xEF, 0x64, 0x2C, 0x65, 0xF6, 0x64,
        0xF4, 0x64, 0xF2, 0x64, 0xFA, 0x64, 0x00, 0x65, 0xFD, 0x64, 0x18, 0x65, 0x1C, 0x65, 0x05, 0x65,
        0x24, 0x65, 0x23, 0x65, 0x2B, 0x65, 0x34, 0x65, 0x35, 0x65, 0x37, 0x65, 0x36, 0x65, 0x38, 0x65,
        0x4B, 0x75, 0x48, 0x65, 0x56, 0x65, 0x55, 0x65, 0x4D, 0x65, 0x58, 0x65, 0x5E, 0x65, 0x5D, 0x65,
        0x72, 0x65, 0x78, 0x65, 0x82, 0x65, 0x83, 0x65, 0x8A, 0x8B, 0x9B, 0x65, 0x9F, 0x65, 0xAB, 0x65,
        0xB7, 0x65, 0xC3, 0x65, 0xC6, 0x65, 0xC1, 0x65, 0xC4, 0x65, 0xCC, 0x65, 0xD2, 0x65, 0xDB, 0x65,
        0xD9, 0x65, 0xE0, 0x65, 0xE1, 0x65, 0xF1, 0x65, 0x72, 0x67, 0x0A, 0x66, 0x03, 0x66, 0xFB, 0x65,
        0x73, 0x67, 0x35, 0x66, 0x36, 0x66, 0x34, 0x66, 0x1C, 0x66, 0x4F, 0x66, 0x44, 0x66, 0x49, 0x66,
        0x41, 0x66, 0x5E, 0x66, 0x5D, 0x66, 0x64, 0x66, 0x67, 0x66, 0x68, 0x66, 0x5F, 0x66, 0x62, 0x66,
        0x70, 0x66, 0x83, 0x66, 0x88, 0x66, 0x8E, 0x66, 0x89, 0x66, 0x84, 0x66, 0x98, 0x66, 0x9D, 0x66,
        0xC1, 0x66, 0xB9, 0x66, 0xC9, 0x66, 0xBE, 0x66, 0xBC, 0x66, 0x00, 0x00, 0x00, 0x00, 0x00, 0x00,
        0xC4, 0x66, 0xB8, 0x66, 0xD6, 0x66, 0xDA, 0x66, 0xE0, 0x66, 0x3F, 0x66, 0xE6, 0x66, 0xE9, 0x66,
        0xF0, 0x66, 0xF5, 0x66, 0xF7, 0x66, 0x0F, 0x67, 0x16, 0x67, 0x1E, 0x67, 0x26, 0x67, 0x27, 0x67,
        0x38, 0x97, 0x2E, 0x67, 0x3F, 0x67, 0x36, 0x67, 0x41, 0x67, 0x38, 0x67, 0x37, 0x67, 0x46, 0x67,
        0x5E, 0x67, 0x60, 0x67, 0x59, 0x67, 0x63, 0x67, 0x64, 0x67, 0x89, 0x67, 0x70, 0x67, 0xA9, 0x67,
        0x7C, 0x67, 0x6A, 0x67, 0x8C, 0x67, 0x8B, 0x67, 0xA6, 0x67, 0xA1, 0x67, 0x85, 0x67, 0xB7, 0x67,
        0xEF, 0x67, 0xB4, 0x67, 0xEC, 0x67, 0xB3, 0x67, 0xE9, 0x67, 0xB8, 0x67, 0xE4, 0x67, 0xDE, 0x67,
        0xDD, 0x67, 0xE2, 0x67, 0xEE, 0x67, 0xB9, 0x67, 0xCE, 0x67, 0xC6, 0x67, 0xE7, 0x67, 0x9C, 0x6A,
        0x1E, 0x68, 0x46, 0x68, 0x29, 0x68, 0x40, 0x68, 0x4D, 0x68, 0x32, 0x68, 0x4E, 0x68, 0x00, 0x00,
        0xB3, 0x68, 0x2B, 0x68, 0x59, 0x68, 0x63, 0x68, 0x77, 0x68, 0x7F, 0x68, 0x9F, 0x68, 0x8F, 0x68,
        0xAD, 0x68, 0x94, 0x68, 0x9D, 0x68, 0x9B, 0x68, 0x83, 0x68, 0xAE, 0x6A, 0xB9, 0x68, 0x74, 0x68,
        0xB5, 0x68, 0xA0, 0x68, 0xBA, 0x68, 0x0F, 0x69, 0x8D, 0x68, 0x7E, 0x68, 0x01, 0x69, 0xCA, 0x68,
        0x08, 0x69, 0xD8, 0x68, 0x22, 0x69, 0x26, 0x69, 0xE1, 0x68, 0x0C, 0x69, 0xCD, 0x68, 0xD4, 0x68,
        0xE7, 0x68, 0xD5, 0x68, 0x36, 0x69, 0x12, 0x69, 0x04, 0x69, 0xD7, 0x68, 0xE3, 0x68, 0x25, 0x69,
        0xF9, 0x68, 0xE0, 0x68, 0xEF, 0x68, 0x28, 0x69, 0x2A, 0x69, 0x1A, 0x69, 0x23, 0x69, 0x21, 0x69,
        0xC6, 0x68, 0x79, 0x69, 0x77, 0x69, 0x5C, 0x69, 0x78, 0x69, 0x6B, 0x69, 0x54, 0x69, 0x7E, 0x69,
        0x6E, 0x69, 0x39, 0x69, 0x74, 0x69, 0x3D, 0x69, 0x59, 0x69, 0x30, 0x69, 0x61, 0x69, 0x5E, 0x69,
        0x5D, 0x69, 0x81, 0x69, 0x6A, 0x69, 0xB2, 0x69, 0xAE, 0x69, 0xD0, 0x69, 0xBF, 0x69, 0xC1, 0x69,
        0xD3, 0x69, 0xBE, 0x69, 0xCE, 0x69, 0xE8, 0x5B, 0xCA, 0x69, 0xDD, 0x69, 0xBB, 0x69, 0xC3, 0x69,
        0xA7, 0x69, 0x2E, 0x6A, 0x91, 0x69, 0xA0, 0x69, 0x9C, 0x69, 0x95, 0x69, 0xB4, 0x69, 0xDE, 0x69,
        0xE8, 0x69, 0x02, 0x6A, 0x1B, 0x6A, 0xFF, 0x69, 0x0A, 0x6B, 0xF9, 0x69, 0xF2, 0x69, 0xE7, 0x69,
        0x05, 0x6A, 0xB1, 0x69, 0x1E, 0x6A, 0xED, 0x69, 0x14, 0x6A, 0xEB, 0x69, 0x0A, 0x6A, 0x12, 0x6A,
        0xC1, 0x6A, 0x23, 0x6A, 0x13, 0x6A, 0x44, 0x6A, 0x0C, 0x6A, 0x72, 0x6A, 0x36, 0x6A, 0x78, 0x6A,
        0x47, 0x6A, 0x62, 0x6A, 0x59, 0x6A, 0x66, 0x6A, 0x48, 0x6A, 0x38, 0x6A, 0x22, 0x6A, 0x90, 0x6A,
        0x8D, 0x6A, 0xA0, 0x6A, 0x84, 0x6A, 0xA2, 0x6A, 0xA3, 0x6A, 0x00, 0x00, 0x00, 0x00, 0x00, 0x00,
        0x97, 0x6A, 0x17, 0x86, 0xBB, 0x6A, 0xC3, 0x6A, 0xC2, 0x6A, 0xB8, 0x6A, 0xB3, 0x6A, 0xAC, 0x6A,
        0xDE, 0x6A, 0xD1, 0x6A, 0xDF, 0x6A, 0xAA, 0x6A, 0xDA, 0x6A, 0xEA, 0x6A, 0xFB, 0x6A, 0x05, 0x6B,
        0x16, 0x86, 0xFA, 0x6A, 0x12, 0x6B, 0x16, 0x6B, 0x31, 0x9B, 0x1F, 0x6B, 0x38, 0x6B, 0x37, 0x6B,
        0xDC, 0x76, 0x39, 0x6B, 0xEE, 0x98, 0x47, 0x6B, 0x43, 0x6B, 0x49, 0x6B, 0x50, 0x6B, 0x59, 0x6B,
        0x54, 0x6B, 0x5B, 0x6B, 0x5F, 0x6B, 0x61, 0x6B, 0x78, 0x6B, 0x79, 0x6B, 0x7F, 0x6B, 0x80, 0x6B,
        0x84, 0x6B, 0x83, 0x6B, 0x8D, 0x6B, 0x98, 0x6B, 0x95, 0x6B, 0x9E, 0x6B, 0xA4, 0x6B, 0xAA, 0x6B,
        0xAB, 0x6B, 0xAF, 0x6B, 0xB2, 0x6B, 0xB1, 0x6B, 0xB3, 0x6B, 0xB7, 0x6B, 0xBC, 0x6B, 0xC6, 0x6B,
        0xCB, 0x6B, 0xD3, 0x6B, 0xDF, 0x6B, 0xEC, 0x6B, 0xEB, 0x6B, 0xF3, 0x6B, 0xEF, 0x6B, 0x00, 0x00,
        0xBE, 0x9E, 0x08, 0x6C, 0x13, 0x6C, 0x14, 0x6C, 0x1B, 0x6C, 0x24, 0x6C, 0x23, 0x6C, 0x5E, 0x6C,
        0x55, 0x6C, 0x62, 0x6C, 0x6A, 0x6C, 0x82, 0x6C, 0x8D, 0x6C, 0x9A, 0x6C, 0x81, 0x6C, 0x9B, 0x6C,
        0x7E, 0x6C, 0x68, 0x6C, 0x73, 0x6C, 0x92, 0x6C, 0x90, 0x6C, 0xC4, 0x6C, 0xF1, 0x6C, 0xD3, 0x6C,
        0xBD, 0x6C, 0xD7, 0x6C, 0xC5, 0x6C, 0xDD, 0x6C, 0xAE, 0x6C, 0xB1, 0x6C, 0xBE, 0x6C, 0xBA, 0x6C,
        0xDB, 0x6C, 0xEF, 0x6C, 0xD9, 0x6C, 0xEA, 0x6C, 0x1F, 0x6D, 0x4D, 0x88, 0x36, 0x6D, 0x2B, 0x6D,
        0x3D, 0x6D, 0x38, 0x6D, 0x19, 0x6D, 0x35, 0x6D, 0x33, 0x6D, 0x12, 0x6D, 0x0C, 0x6D, 0x63, 0x6D,
        0x93, 0x6D, 0x64, 0x6D, 0x5A, 0x6D, 0x79, 0x6D, 0x59, 0x6D, 0x8E, 0x6D, 0x95, 0x6D, 0xE4, 0x6F,
        0x85, 0x6D, 0xF9, 0x6D, 0x15, 0x6E, 0x0A, 0x6E, 0xB5, 0x6D, 0xC7, 0x6D, 0xE6, 0x6D, 0xB8, 0x6D,
        0xC6, 0x6D, 0xEC, 0x6D, 0xDE, 0x6D, 0xCC, 0x6D, 0xE8, 0x6D, 0xD2, 0x6D, 0xC5, 0x6D, 0xFA, 0x6D,
        0xD9, 0x6D, 0xE4, 0x6D, 0xD5, 0x6D, 0xEA, 0x6D, 0xEE, 0x6D, 0x2D, 0x6E, 0x6E, 0x6E, 0x2E, 0x6E,
        0x19, 0x6E, 0x72, 0x6E, 0x5F, 0x6E, 0x3E, 0x6E, 0x23, 0x6E, 0x6B, 0x6E, 0x2B, 0x6E, 0x76, 0x6E,
        0x4D, 0x6E, 0x1F, 0x6E, 0x43, 0x6E, 0x3A, 0x6E, 0x4E, 0x6E, 0x24, 0x6E, 0xFF, 0x6E, 0x1D, 0x6E,
        0x38, 0x6E, 0x82, 0x6E, 0xAA, 0x6E, 0x98, 0x6E, 0xC9, 0x6E, 0xB7, 0x6E, 0xD3, 0x6E, 0xBD, 0x6E,
        0xAF, 0x6E, 0xC4, 0x6E, 0xB2, 0x6E, 0xD4, 0x6E, 0xD5, 0x6E, 0x8F, 0x6E, 0xA5, 0x6E, 0xC2, 0x6E,
        0x9F, 0x6E, 0x41, 0x6F, 0x11, 0x6F, 0x4C, 0x70, 0xEC, 0x6E, 0xF8, 0x6E, 0xFE, 0x6E, 0x3F, 0x6F,
        0xF2, 0x6E, 0x31, 0x6F, 0xEF, 0x6E, 0x32, 0x6F, 0xCC, 0x6E, 0x00, 0x00, 0x00, 0x00, 0x00, 0x00,
        0x3E, 0x6F, 0x13, 0x6F, 0xF7, 0x6E, 0x86, 0x6F, 0x7A, 0x6F, 0x78, 0x6F, 0x81, 0x6F, 0x80, 0x6F,
        0x6F, 0x6F, 0x5B, 0x6F, 0xF3, 0x6F, 0x6D, 0x6F, 0x82, 0x6F, 0x7C, 0x6F, 0x58, 0x6F, 0x8E, 0x6F,
        0x91, 0x6F, 0xC2, 0x6F, 0x66, 0x6F, 0xB3, 0x6F, 0xA3, 0x6F, 0xA1, 0x6F, 0xA4, 0x6F, 0xB9, 0x6F,
        0xC6, 0x6F, 0xAA, 0x6F, 0xDF, 0x6F, 0xD5, 0x6F, 0xEC, 0x6F, 0xD4, 0x6F, 0xD8, 0x6F, 0xF1, 0x6F,
        0xEE, 0x6F, 0xDB, 0x6F, 0x09, 0x70, 0x0B, 0x70, 0xFA, 0x6F, 0x11, 0x70, 0x01, 0x70, 0x0F, 0x70,
        0xFE, 0x6F, 0x1B, 0x70, 0x1A, 0x70, 0x74, 0x6F, 0x1D, 0x70, 0x18, 0x70, 0x1F, 0x70, 0x30, 0x70,
        0x3E, 0x70, 0x32, 0x70, 0x51, 0x70, 0x63, 0x70, 0x99, 0x70, 0x92, 0x70, 0xAF, 0x70, 0xF1, 0x70,
        0xAC, 0x70, 0xB8, 0x70, 0xB3, 0x70, 0xAE, 0x70, 0xDF, 0x70, 0xCB, 0x70, 0xDD, 0x70, 0x00, 0x00,
        0xD9, 0x70, 0x09, 0x71, 0xFD, 0x70, 0x1C, 0x71, 0x19, 0x71, 0x65, 0x71, 0x55, 0x71, 0x88, 0x71,
        0x66, 0x71, 0x62, 0x71, 0x4C, 0x71, 0x56, 0x71, 0x6C, 0x71, 0x8F, 0x71, 0xFB, 0x71, 0x84, 0x71,
        0x95, 0x71, 0xA8, 0x71, 0xAC, 0x71, 0xD7, 0x71, 0xB9, 0x71, 0xBE, 0x71, 0xD2, 0x71, 0xC9, 0x71,
        0xD4, 0x71, 0xCE, 0x71, 0xE0, 0x71, 0xEC, 0x71, 0xE7, 0x71, 0xF5, 0x71, 0xFC, 0x71, 0xF9, 0x71,
        0xFF, 0x71, 0x0D, 0x72, 0x10, 0x72, 0x1B, 0x72, 0x28, 0x72, 0x2D, 0x72, 0x2C, 0x72, 0x30, 0x72,
        0x32, 0x72, 0x3B, 0x72, 0x3C, 0x72, 0x3F, 0x72, 0x40, 0x72, 0x46, 0x72, 0x4B, 0x72, 0x58, 0x72,
        0x74, 0x72, 0x7E, 0x72, 0x82, 0x72, 0x81, 0x72, 0x87, 0x72, 0x92, 0x72, 0x96, 0x72, 0xA2, 0x72,
        0xA7, 0x72, 0xB9, 0x72, 0xB2, 0x72, 0xC3, 0x72, 0xC6, 0x72, 0xC4, 0x72, 0xCE, 0x72, 0xD2, 0x72,
        0xE2, 0x72, 0xE0, 0x72, 0xE1, 0x72, 0xF9, 0x72, 0xF7, 0x72, 0x0F, 0x50, 0x17, 0x73, 0x0A, 0x73,
        0x1C, 0x73, 0x16, 0x73, 0x1D, 0x73, 0x34, 0x73, 0x2F, 0x73, 0x29, 0x73, 0x25, 0x73, 0x3E, 0x73,
        0x4E, 0x73, 0x4F, 0x73, 0xD8, 0x9E, 0x57, 0x73, 0x6A, 0x73, 0x68, 0x73, 0x70, 0x73, 0x78, 0x73,
        0x75, 0x73, 0x7B, 0x73, 0x7A, 0x73, 0xC8, 0x73, 0xB3, 0x73, 0xCE, 0x73, 0xBB, 0x73, 0xC0, 0x73,
        0xE5, 0x73, 0xEE, 0x73, 0xDE, 0x73, 0xA2, 0x74, 0x05, 0x74, 0x6F, 0x74, 0x25, 0x74, 0xF8, 0x73,
        0x32, 0x74, 0x3A, 0x74, 0x55, 0x74, 0x3F, 0x74, 0x5F, 0x74, 0x59, 0x74, 0x41, 0x74, 0x5C, 0x74,
        0x69, 0x74, 0x70, 0x74, 0x63, 0x74, 0x6A, 0x74, 0x76, 0x74, 0x7E, 0x74, 0x8B, 0x74, 0x9E, 0x74,
        0xA7, 0x74, 0xCA, 0x74, 0xCF, 0x74, 0xD4, 0x74, 0xF1, 0x73, 0x00, 0x00, 0x00, 0x00, 0x00, 0x00,
        0xE0, 0x74, 0xE3, 0x74, 0xE7, 0x74, 0xE9, 0x74, 0xEE, 0x74, 0xF2, 0x74, 0xF0, 0x74, 0xF1, 0x74,
        0xF8, 0x74, 0xF7, 0x74, 0x04, 0x75, 0x03, 0x75, 0x05, 0x75, 0x0C, 0x75, 0x0E, 0x75, 0x0D, 0x75,
        0x15, 0x75, 0x13, 0x75, 0x1E, 0x75, 0x26, 0x75, 0x2C, 0x75, 0x3C, 0x75, 0x44, 0x75, 0x4D, 0x75,
        0x4A, 0x75, 0x49, 0x75, 0x5B, 0x75, 0x46, 0x75, 0x5A, 0x75, 0x69, 0x75, 0x64, 0x75, 0x67, 0x75,
        0x6B, 0x75, 0x6D, 0x75, 0x78, 0x75, 0x76, 0x75, 0x86, 0x75, 0x87, 0x75, 0x74, 0x75, 0x8A, 0x75,
        0x89, 0x75, 0x82, 0x75, 0x94, 0x75, 0x9A, 0x75, 0x9D, 0x75, 0xA5, 0x75, 0xA3, 0x75, 0xC2, 0x75,
        0xB3, 0x75, 0xC3, 0x75, 0xB5, 0x75, 0xBD, 0x75, 0xB8, 0x75, 0xBC, 0x75, 0xB1, 0x75, 0xCD, 0x75,
        0xCA, 0x75, 0xD2, 0x75, 0xD9, 0x75, 0xE3, 0x75, 0xDE, 0x75, 0xFE, 0x75, 0xFF, 0x75, 0x00, 0x00,
        0xFC, 0x75, 0x01, 0x76, 0xF0, 0x75, 0xFA, 0x75, 0xF2, 0x75, 0xF3, 0x75, 0x0B, 0x76, 0x0D, 0x76,
        0x09, 0x76, 0x1F, 0x76, 0x27, 0x76, 0x20, 0x76, 0x21, 0x76, 0x22, 0x76, 0x24, 0x76, 0x34, 0x76,
        0x30, 0x76, 0x3B, 0x76, 0x47, 0x76, 0x48, 0x76, 0x46, 0x76, 0x5C, 0x76, 0x58, 0x76, 0x61, 0x76,
        0x62, 0x76, 0x68, 0x76, 0x69, 0x76, 0x6A, 0x76, 0x67, 0x76, 0x6C, 0x76, 0x70, 0x76, 0x72, 0x76,
        0x76, 0x76, 0x78, 0x76, 0x7C, 0x76, 0x80, 0x76, 0x83, 0x76, 0x88, 0x76, 0x8B, 0x76, 0x8E, 0x76,
        0x96, 0x76, 0x93, 0x76, 0x99, 0x76, 0x9A, 0x76, 0xB0, 0x76, 0xB4, 0x76, 0xB8, 0x76, 0xB9, 0x76,
        0xBA, 0x76, 0xC2, 0x76, 0xCD, 0x76, 0xD6, 0x76, 0xD2, 0x76, 0xDE, 0x76, 0xE1, 0x76, 0xE5, 0x76,
        0xE7, 0x76, 0xEA, 0x76, 0x2F, 0x86, 0xFB, 0x76, 0x08, 0x77, 0x07, 0x77, 0x04, 0x77, 0x29, 0x77,
        0x24, 0x77, 0x1E, 0x77, 0x25, 0x77, 0x26, 0x77, 0x1B, 0x77, 0x37, 0x77, 0x38, 0x77, 0x47, 0x77,
        0x5A, 0x77, 0x68, 0x77, 0x6B, 0x77, 0x5B, 0x77, 0x65, 0x77, 0x7F, 0x77, 0x7E, 0x77, 0x79, 0x77,
        0x8E, 0x77, 0x8B, 0x77, 0x91, 0x77, 0xA0, 0x77, 0x9E, 0x77, 0xB0, 0x77, 0xB6, 0x77, 0xB9, 0x77,
        0xBF, 0x77, 0xBC, 0x77, 0xBD, 0x77, 0xBB, 0x77, 0xC7, 0x77, 0xCD, 0x77, 0xD7, 0x77, 0xDA, 0x77,
        0xDC, 0x77, 0xE3, 0x77, 0xEE, 0x77, 0xFC, 0x77, 0x0C, 0x78, 0x12, 0x78, 0x26, 0x79, 0x20, 0x78,
        0x2A, 0x79, 0x45, 0x78, 0x8E, 0x78, 0x74, 0x78, 0x86, 0x78, 0x7C, 0x78, 0x9A, 0x78, 0x8C, 0x78,
        0xA3, 0x78, 0xB5, 0x78, 0xAA, 0x78, 0xAF, 0x78, 0xD1, 0x78, 0xC6, 0x78, 0xCB, 0x78, 0xD4, 0x78,
        0xBE, 0x78, 0xBC, 0x78, 0xC5, 0x78, 0xCA, 0x78, 0xEC, 0x78, 0x00, 0x00, 0x00, 0x00, 0x00, 0x00,
        0xE7, 0x78, 0xDA, 0x78, 0xFD, 0x78, 0xF4, 0x78, 0x07, 0x79, 0x12, 0x79, 0x11, 0x79, 0x19, 0x79,
        0x2C, 0x79, 0x2B, 0x79, 0x40, 0x79, 0x60, 0x79, 0x57, 0x79, 0x5F, 0x79, 0x5A, 0x79, 0x55, 0x79,
        0x53, 0x79, 0x7A, 0x79, 0x7F, 0x79, 0x8A, 0x79, 0x9D, 0x79, 0xA7, 0x79, 0x4B, 0x9F, 0xAA, 0x79,
        0xAE, 0x79, 0xB3, 0x79, 0xB9, 0x79, 0xBA, 0x79, 0xC9, 0x79, 0xD5, 0x79, 0xE7, 0x79, 0xEC, 0x79,
        0xE1, 0x79, 0xE3, 0x79, 0x08, 0x7A, 0x0D, 0x7A, 0x18, 0x7A, 0x19, 0x7A, 0x20, 0x7A, 0x1F, 0x7A,
        0x80, 0x79, 0x31, 0x7A, 0x3B, 0x7A, 0x3E, 0x7A, 0x37, 0x7A, 0x43, 0x7A, 0x57, 0x7A, 0x49, 0x7A,
        0x61, 0x7A, 0x62, 0x7A, 0x69, 0x7A, 0x9D, 0x9F, 0x70, 0x7A, 0x79, 0x7A, 0x7D, 0x7A, 0x88, 0x7A,
        0x97, 0x7A, 0x95, 0x7A, 0x98, 0x7A, 0x96, 0x7A, 0xA9, 0x7A, 0xC8, 0x7A, 0xB0, 0x7A, 0x00, 0x00,
        0xB6, 0x7A, 0xC5, 0x7A, 0xC4, 0x7A, 0xBF, 0x7A, 0x83, 0x90, 0xC7, 0x7A, 0xCA, 0x7A, 0xCD, 0x7A,
        0xCF, 0x7A, 0xD5, 0x7A, 0xD3, 0x7A, 0xD9, 0x7A, 0xDA, 0x7A, 0xDD, 0x7A, 0xE1, 0x7A, 0xE2, 0x7A,
        0xE6, 0x7A, 0xED, 0x7A, 0xF0, 0x7A, 0x02, 0x7B, 0x0F, 0x7B, 0x0A, 0x7B, 0x06, 0x7B, 0x33, 0x7B,
        0x18, 0x7B, 0x19, 0x7B, 0x1E, 0x7B, 0x35, 0x7B, 0x28, 0x7B, 0x36, 0x7B, 0x50, 0x7B, 0x7A, 0x7B,
        0x04, 0x7B, 0x4D, 0x7B, 0x0B, 0x7B, 0x4C, 0x7B, 0x45, 0x7B, 0x75, 0x7B, 0x65, 0x7B, 0x74, 0x7B,
        0x67, 0x7B, 0x70, 0x7B, 0x71, 0x7B, 0x6C, 0x7B, 0x6E, 0x7B, 0x9D, 0x7B, 0x98, 0x7B, 0x9F, 0x7B,
        0x8D, 0x7B, 0x9C, 0x7B, 0x9A, 0x7B, 0x8B, 0x7B, 0x92, 0x7B, 0x8F, 0x7B, 0x5D, 0x7B, 0x99, 0x7B,
        0xCB, 0x7B, 0xC1, 0x7B, 0xCC, 0x7B, 0xCF, 0x7B, 0xB4, 0x7B, 0xC6, 0x7B, 0xDD, 0x7B, 0xE9, 0x7B,
        0x11, 0x7C, 0x14, 0x7C, 0xE6, 0x7B, 0xE5, 0x7B, 0x60, 0x7C, 0x00, 0x7C, 0x07, 0x7C, 0x13, 0x7C,
        0xF3, 0x7B, 0xF7, 0x7B, 0x17, 0x7C, 0x0D, 0x7C, 0xF6, 0x7B, 0x23, 0x7C, 0x27, 0x7C, 0x2A, 0x7C,
        0x1F, 0x7C, 0x37, 0x7C, 0x2B, 0x7C, 0x3D, 0x7C, 0x4C, 0x7C, 0x43, 0x7C, 0x54, 0x7C, 0x4F, 0x7C,
        0x40, 0x7C, 0x50, 0x7C, 0x58, 0x7C, 0x5F, 0x7C, 0x64, 0x7C, 0x56, 0x7C, 0x65, 0x7C, 0x6C, 0x7C,
        0x75, 0x7C, 0x83, 0x7C, 0x90, 0x7C, 0xA4, 0x7C, 0xAD, 0x7C, 0xA2, 0x7C, 0xAB, 0x7C, 0xA1, 0x7C,
        0xA8, 0x7C, 0xB3, 0x7C, 0xB2, 0x7C, 0xB1, 0x7C, 0xAE, 0x7C, 0xB9, 0x7C, 0xBD, 0x7C, 0xC0, 0x7C,
        0xC5, 0x7C, 0xC2, 0x7C, 0xD8, 0x7C, 0xD2, 0x7C, 0xDC, 0x7C, 0xE2, 0x7C, 0x3B, 0x9B, 0xEF, 0x7C,
        0xF2, 0x7C, 0xF4, 0x7C, 0xF6, 0x7C, 0xFA, 0x7C, 0x06, 0x7D, 0x00, 0x00, 0x00, 0x00, 0x00, 0x00,
        0x02, 0x7D, 0x1C, 0x7D, 0x15, 0x7D, 0x0A, 0x7D, 0x45, 0x7D, 0x4B, 0x7D, 0x2E, 0x7D, 0x32, 0x7D,
        0x3F, 0x7D, 0x35, 0x7D, 0x46, 0x7D, 0x73, 0x7D, 0x56, 0x7D, 0x4E, 0x7D, 0x72, 0x7D, 0x68, 0x7D,
        0x6E, 0x7D, 0x4F, 0x7D, 0x63, 0x7D, 0x93, 0x7D, 0x89, 0x7D, 0x5B, 0x7D, 0x8F, 0x7D, 0x7D, 0x7D,
        0x9B, 0x7D, 0xBA, 0x7D, 0xAE, 0x7D, 0xA3, 0x7D, 0xB5, 0x7D, 0xC7, 0x7D, 0xBD, 0x7D, 0xAB, 0x7D,
        0x3D, 0x7E, 0xA2, 0x7D, 0xAF, 0x7D, 0xDC, 0x7D, 0xB8, 0x7D, 0x9F, 0x7D, 0xB0, 0x7D, 0xD8, 0x7D,
        0xDD, 0x7D, 0xE4, 0x7D, 0xDE, 0x7D, 0xFB, 0x7D, 0xF2, 0x7D, 0xE1, 0x7D, 0x05, 0x7E, 0x0A, 0x7E,
        0x23, 0x7E, 0x21, 0x7E, 0x12, 0x7E, 0x31, 0x7E, 0x1F, 0x7E, 0x09, 0x7E, 0x0B, 0x7E, 0x22, 0x7E,
        0x46, 0x7E, 0x66, 0x7E, 0x3B, 0x7E, 0x35, 0x7E, 0x39, 0x7E, 0x43, 0x7E, 0x37, 0x7E, 0x00, 0x00,
        0x32, 0x7E, 0x3A, 0x7E, 0x67, 0x7E, 0x5D, 0x7E, 0x56, 0x7E, 0x5E, 0x7E, 0x59, 0x7E, 0x5A, 0x7E,
        0x79, 0x7E, 0x6A, 0x7E, 0x69, 0x7E, 0x7C, 0x7E, 0x7B, 0x7E, 0x83, 0x7E, 0xD5, 0x7D, 0x7D, 0x7E,
        0xAE, 0x8F, 0x7F, 0x7E, 0x88, 0x7E, 0x89, 0x7E, 0x8C, 0x7E, 0x92, 0x7E, 0x90, 0x7E, 0x93, 0x7E,
        0x94, 0x7E, 0x96, 0x7E, 0x8E, 0x7E, 0x9B, 0x7E, 0x9C, 0x7E, 0x38, 0x7F, 0x3A, 0x7F, 0x45, 0x7F,
        0x4C, 0x7F, 0x4D, 0x7F, 0x4E, 0x7F, 0x50, 0x7F, 0x51, 0x7F, 0x55, 0x7F, 0x54, 0x7F, 0x58, 0x7F,
        0x5F, 0x7F, 0x60, 0x7F, 0x68, 0x7F, 0x69, 0x7F, 0x67, 0x7F, 0x78, 0x7F, 0x82, 0x7F, 0x86, 0x7F,
        0x83, 0x7F, 0x88, 0x7F, 0x87, 0x7F, 0x8C, 0x7F, 0x94, 0x7F, 0x9E, 0x7F, 0x9D, 0x7F, 0x9A, 0x7F,
        0xA3, 0x7F, 0xAF, 0x7F, 0xB2, 0x7F, 0xB9, 0x7F, 0xAE, 0x7F, 0xB6, 0x7F, 0xB8, 0x7F, 0x71, 0x8B,
        0xC5, 0x7F, 0xC6, 0x7F, 0xCA, 0x7F, 0xD5, 0x7F, 0xD4, 0x7F, 0xE1, 0x7F, 0xE6, 0x7F, 0xE9, 0x7F,
        0xF3, 0x7F, 0xF9, 0x7F, 0xDC, 0x98, 0x06, 0x80, 0x04, 0x80, 0x0B, 0x80, 0x12, 0x80, 0x18, 0x80,
        0x19, 0x80, 0x1C, 0x80, 0x21, 0x80, 0x28, 0x80, 0x3F, 0x80, 0x3B, 0x80, 0x4A, 0x80, 0x46, 0x80,
        0x52, 0x80, 0x58, 0x80, 0x5A, 0x80, 0x5F, 0x80, 0x62, 0x80, 0x68, 0x80, 0x73, 0x80, 0x72, 0x80,
        0x70, 0x80, 0x76, 0x80, 0x79, 0x80, 0x7D, 0x80, 0x7F, 0x80, 0x84, 0x80, 0x86, 0x80, 0x85, 0x80,
        0x9B, 0x80, 0x93, 0x80, 0x9A, 0x80, 0xAD, 0x80, 0x90, 0x51, 0xAC, 0x80, 0xDB, 0x80, 0xE5, 0x80,
        0xD9, 0x80, 0xDD, 0x80, 0xC4, 0x80, 0xDA, 0x80, 0xD6, 0x80, 0x09, 0x81, 0xEF, 0x80, 0xF1, 0x80,
        0x1B, 0x81, 0x29, 0x81, 0x23, 0x81, 0x2F, 0x81, 0x4B, 0x81, 0x00, 0x00, 0x00, 0x00, 0x00, 0x00,
        0x8B, 0x96, 0x46, 0x81, 0x3E, 0x81, 0x53, 0x81, 0x51, 0x81, 0xFC, 0x80, 0x71, 0x81, 0x6E, 0x81,
        0x65, 0x81, 0x66, 0x81, 0x74, 0x81, 0x83, 0x81, 0x88, 0x81, 0x8A, 0x81, 0x80, 0x81, 0x82, 0x81,
        0xA0, 0x81, 0x95, 0x81, 0xA4, 0x81, 0xA3, 0x81, 0x5F, 0x81, 0x93, 0x81, 0xA9, 0x81, 0xB0, 0x81,
        0xB5, 0x81, 0xBE, 0x81, 0xB8, 0x81, 0xBD, 0x81, 0xC0, 0x81, 0xC2, 0x81, 0xBA, 0x81, 0xC9, 0x81,
        0xCD, 0x81, 0xD1, 0x81, 0xD9, 0x81, 0xD8, 0x81, 0xC8, 0x81, 0xDA, 0x81, 0xDF, 0x81, 0xE0, 0x81,
        0xE7, 0x81, 0xFA, 0x81, 0xFB, 0x81, 0xFE, 0x81, 0x01, 0x82, 0x02, 0x82, 0x05, 0x82, 0x07, 0x82,
        0x0A, 0x82, 0x0D, 0x82, 0x10, 0x82, 0x16, 0x82, 0x29, 0x82, 0x2B, 0x82, 0x38, 0x82, 0x33, 0x82,
        0x40, 0x82, 0x59, 0x82, 0x58, 0x82, 0x5D, 0x82, 0x5A, 0x82, 0x5F, 0x82, 0x64, 0x82, 0x00, 0x00,
        0x62, 0x82, 0x68, 0x82, 0x6A, 0x82, 0x6B, 0x82, 0x2E, 0x82, 0x71, 0x82, 0x77, 0x82, 0x78, 0x82,
        0x7E, 0x82, 0x8D, 0x82, 0x92, 0x82, 0xAB, 0x82, 0x9F, 0x82, 0xBB, 0x82, 0xAC, 0x82, 0xE1, 0x82,
        0xE3, 0x82, 0xDF, 0x82, 0xD2, 0x82, 0xF4, 0x82, 0xF3, 0x82, 0xFA, 0x82, 0x93, 0x83, 0x03, 0x83,
        0xFB, 0x82, 0xF9, 0x82, 0xDE, 0x82, 0x06, 0x83, 0xDC, 0x82, 0x09, 0x83, 0xD9, 0x82, 0x35, 0x83,
        0x34, 0x83, 0x16, 0x83, 0x32, 0x83, 0x31, 0x83, 0x40, 0x83, 0x39, 0x83, 0x50, 0x83, 0x45, 0x83,
        0x2F, 0x83, 0x2B, 0x83, 0x17, 0x83, 0x18, 0x83, 0x85, 0x83, 0x9A, 0x83, 0xAA, 0x83, 0x9F, 0x83,
        0xA2, 0x83, 0x96, 0x83, 0x23, 0x83, 0x8E, 0x83, 0x87, 0x83, 0x8A, 0x83, 0x7C, 0x83, 0xB5, 0x83,
        0x73, 0x83, 0x75, 0x83, 0xA0, 0x83, 0x89, 0x83, 0xA8, 0x83, 0xF4, 0x83, 0x13, 0x84, 0xEB, 0x83,
        0xCE, 0x83, 0xFD, 0x83, 0x03, 0x84, 0xD8, 0x83, 0x0B, 0x84, 0xC1, 0x83, 0xF7, 0x83, 0x07, 0x84,
        0xE0, 0x83, 0xF2, 0x83, 0x0D, 0x84, 0x22, 0x84, 0x20, 0x84, 0xBD, 0x83, 0x38, 0x84, 0x06, 0x85,
        0xFB, 0x83, 0x6D, 0x84, 0x2A, 0x84, 0x3C, 0x84, 0x5A, 0x85, 0x84, 0x84, 0x77, 0x84, 0x6B, 0x84,
        0xAD, 0x84, 0x6E, 0x84, 0x82, 0x84, 0x69, 0x84, 0x46, 0x84, 0x2C, 0x84, 0x6F, 0x84, 0x79, 0x84,
        0x35, 0x84, 0xCA, 0x84, 0x62, 0x84, 0xB9, 0x84, 0xBF, 0x84, 0x9F, 0x84, 0xD9, 0x84, 0xCD, 0x84,
        0xBB, 0x84, 0xDA, 0x84, 0xD0, 0x84, 0xC1, 0x84, 0xC6, 0x84, 0xD6, 0x84, 0xA1, 0x84, 0x21, 0x85,
        0xFF, 0x84, 0xF4, 0x84, 0x17, 0x85, 0x18, 0x85, 0x2C, 0x85, 0x1F, 0x85, 0x15, 0x85, 0x14, 0x85,
        0xFC, 0x84, 0x40, 0x85, 0x63, 0x85, 0x58, 0x85, 0x48, 0x85, 0x00, 0x00, 0x00, 0x00, 0x00, 0x00,
        0x41, 0x85, 0x02, 0x86, 0x4B, 0x85, 0x55, 0x85, 0x80, 0x85, 0xA4, 0x85, 0x88, 0x85, 0x91, 0x85,
        0x8A, 0x85, 0xA8, 0x85, 0x6D, 0x85, 0x94, 0x85, 0x9B, 0x85, 0xEA, 0x85, 0x87, 0x85, 0x9C, 0x85,
        0x77, 0x85, 0x7E, 0x85, 0x90, 0x85, 0xC9, 0x85, 0xBA, 0x85, 0xCF, 0x85, 0xB9, 0x85, 0xD0, 0x85,
        0xD5, 0x85, 0xDD, 0x85, 0xE5, 0x85, 0xDC, 0x85, 0xF9, 0x85, 0x0A, 0x86, 0x13, 0x86, 0x0B, 0x86,
        0xFE, 0x85, 0xFA, 0x85, 0x06, 0x86, 0x22, 0x86, 0x1A, 0x86, 0x30, 0x86, 0x3F, 0x86, 0x4D, 0x86,
        0x55, 0x4E, 0x54, 0x86, 0x5F, 0x86, 0x67, 0x86, 0x71, 0x86, 0x93, 0x86, 0xA3, 0x86, 0xA9, 0x86,
        0xAA, 0x86, 0x8B, 0x86, 0x8C, 0x86, 0xB6, 0x86, 0xAF, 0x86, 0xC4, 0x86, 0xC6, 0x86, 0xB0, 0x86,
        0xC9, 0x86, 0x23, 0x88, 0xAB, 0x86, 0xD4, 0x86, 0xDE, 0x86, 0xE9, 0x86, 0xEC, 0x86, 0x00, 0x00,
        0xDF, 0x86, 0xDB, 0x86, 0xEF, 0x86, 0x12, 0x87, 0x06, 0x87, 0x08, 0x87, 0x00, 0x87, 0x03, 0x87,
        0xFB, 0x86, 0x11, 0x87, 0x09, 0x87, 0x0D, 0x87, 0xF9, 0x86, 0x0A, 0x87, 0x34, 0x87, 0x3F, 0x87,
        0x37, 0x87, 0x3B, 0x87, 0x25, 0x87, 0x29, 0x87, 0x1A, 0x87, 0x60, 0x87, 0x5F, 0x87, 0x78, 0x87,
        0x4C, 0x87, 0x4E, 0x87, 0x74, 0x87, 0x57, 0x87, 0x68, 0x87, 0x6E, 0x87, 0x59, 0x87, 0x53, 0x87,
        0x63, 0x87, 0x6A, 0x87, 0x05, 0x88, 0xA2, 0x87, 0x9F, 0x87, 0x82, 0x87, 0xAF, 0x87, 0xCB, 0x87,
        0xBD, 0x87, 0xC0, 0x87, 0xD0, 0x87, 0xD6, 0x96, 0xAB, 0x87, 0xC4, 0x87, 0xB3, 0x87, 0xC7, 0x87,
        0xC6, 0x87, 0xBB, 0x87, 0xEF, 0x87, 0xF2, 0x87, 0xE0, 0x87, 0x0F, 0x88, 0x0D, 0x88, 0xFE, 0x87,
        0xF6, 0x87, 0xF7, 0x87, 0x0E, 0x88, 0xD2, 0x87, 0x11, 0x88, 0x16, 0x88, 0x15, 0x88, 0x22, 0x88,
        0x21, 0x88, 0x31, 0x88, 0x36, 0x88, 0x39, 0x88, 0x27, 0x88, 0x3B, 0x88, 0x44, 0x88, 0x42, 0x88,
        0x52, 0x88, 0x59, 0x88, 0x5E, 0x88, 0x62, 0x88, 0x6B, 0x88, 0x81, 0x88, 0x7E, 0x88, 0x9E, 0x88,
        0x75, 0x88, 0x7D, 0x88, 0xB5, 0x88, 0x72, 0x88, 0x82, 0x88, 0x97, 0x88, 0x92, 0x88, 0xAE, 0x88,
        0x99, 0x88, 0xA2, 0x88, 0x8D, 0x88, 0xA4, 0x88, 0xB0, 0x88, 0xBF, 0x88, 0xB1, 0x88, 0xC3, 0x88,
        0xC4, 0x88, 0xD4, 0x88, 0xD8, 0x88, 0xD9, 0x88, 0xDD, 0x88, 0xF9, 0x88, 0x02, 0x89, 0xFC, 0x88,
        0xF4, 0x88, 0xE8, 0x88, 0xF2, 0x88, 0x04, 0x89, 0x0C, 0x89, 0x0A, 0x89, 0x13, 0x89, 0x43, 0x89,
        0x1E, 0x89, 0x25, 0x89, 0x2A, 0x89, 0x2B, 0x89, 0x41, 0x89, 0x44, 0x89, 0x3B, 0x89, 0x36, 0x89,
        0x38, 0x89, 0x4C, 0x89, 0x1D, 0x89, 0x60, 0x89, 0x5E, 0x89, 0x00, 0x00, 0x00, 0x00, 0x00, 0x00,
        0x66, 0x89, 0x64, 0x89, 0x6D, 0x89, 0x6A, 0x89, 0x6F, 0x89, 0x74, 0x89, 0x77, 0x89, 0x7E, 0x89,
        0x83, 0x89, 0x88, 0x89, 0x8A, 0x89, 0x93, 0x89, 0x98, 0x89, 0xA1, 0x89, 0xA9, 0x89, 0xA6, 0x89,
        0xAC, 0x89, 0xAF, 0x89, 0xB2, 0x89, 0xBA, 0x89, 0xBD, 0x89, 0xBF, 0x89, 0xC0, 0x89, 0xDA, 0x89,
        0xDC, 0x89, 0xDD, 0x89, 0xE7, 0x89, 0xF4, 0x89, 0xF8, 0x89, 0x03, 0x8A, 0x16, 0x8A, 0x10, 0x8A,
        0x0C, 0x8A, 0x1B, 0x8A, 0x1D, 0x8A, 0x25, 0x8A, 0x36, 0x8A, 0x41, 0x8A, 0x5B, 0x8A, 0x52, 0x8A,
        0x46, 0x8A, 0x48, 0x8A, 0x7C, 0x8A, 0x6D, 0x8A, 0x6C, 0x8A, 0x62, 0x8A, 0x85, 0x8A, 0x82, 0x8A,
        0x84, 0x8A, 0xA8, 0x8A, 0xA1, 0x8A, 0x91, 0x8A, 0xA5, 0x8A, 0xA6, 0x8A, 0x9A, 0x8A, 0xA3, 0x8A,
        0xC4, 0x8A, 0xCD, 0x8A, 0xC2, 0x8A, 0xDA, 0x8A, 0xEB, 0x8A, 0xF3, 0x8A, 0xE7, 0x8A, 0x00, 0x00,
        0xE4, 0x8A, 0xF1, 0x8A, 0x14, 0x8B, 0xE0, 0x8A, 0xE2, 0x8A, 0xF7, 0x8A, 0xDE, 0x8A, 0xDB, 0x8A,
        0x0C, 0x8B, 0x07, 0x8B, 0x1A, 0x8B, 0xE1, 0x8A, 0x16, 0x8B, 0x10, 0x8B, 0x17, 0x8B, 0x20, 0x8B,
        0x33, 0x8B, 0xAB, 0x97, 0x26, 0x8B, 0x2B, 0x8B, 0x3E, 0x8B, 0x28, 0x8B, 0x41, 0x8B, 0x4C, 0x8B,
        0x4F, 0x8B, 0x4E, 0x8B, 0x49, 0x8B, 0x56, 0x8B, 0x5B, 0x8B, 0x5A, 0x8B, 0x6B, 0x8B, 0x5F, 0x8B,
        0x6C, 0x8B, 0x6F, 0x8B, 0x74, 0x8B, 0x7D, 0x8B, 0x80, 0x8B, 0x8C, 0x8B, 0x8E, 0x8B, 0x92, 0x8B,
        0x93, 0x8B, 0x96, 0x8B, 0x99, 0x8B, 0x9A, 0x8B, 0x3A, 0x8C, 0x41, 0x8C, 0x3F, 0x8C, 0x48, 0x8C,
        0x4C, 0x8C, 0x4E, 0x8C, 0x50, 0x8C, 0x55, 0x8C, 0x62, 0x8C, 0x6C, 0x8C, 0x78, 0x8C, 0x7A, 0x8C,
        0x82, 0x8C, 0x89, 0x8C, 0x85, 0x8C, 0x8A, 0x8C, 0x8D, 0x8C, 0x8E, 0x8C, 0x94, 0x8C, 0x7C, 0x8C,
        0x98, 0x8C, 0x1D, 0x62, 0xAD, 0x8C, 0xAA, 0x8C, 0xBD, 0x8C, 0xB2, 0x8C, 0xB3, 0x8C, 0xAE, 0x8C,
        0xB6, 0x8C, 0xC8, 0x8C, 0xC1, 0x8C, 0xE4, 0x8C, 0xE3, 0x8C, 0xDA, 0x8C, 0xFD, 0x8C, 0xFA, 0x8C,
        0xFB, 0x8C, 0x04, 0x8D, 0x05, 0x8D, 0x0A, 0x8D, 0x07, 0x8D, 0x0F, 0x8D, 0x0D, 0x8D, 0x10, 0x8D,
        0x4E, 0x9F, 0x13, 0x8D, 0xCD, 0x8C, 0x14, 0x8D, 0x16, 0x8D, 0x67, 0x8D, 0x6D, 0x8D, 0x71, 0x8D,
        0x73, 0x8D, 0x81, 0x8D, 0x99, 0x8D, 0xC2, 0x8D, 0xBE, 0x8D, 0xBA, 0x8D, 0xCF, 0x8D, 0xDA, 0x8D,
        0xD6, 0x8D, 0xCC, 0x8D, 0xDB, 0x8D, 0xCB, 0x8D, 0xEA, 0x8D, 0xEB, 0x8D, 0xDF, 0x8D, 0xE3, 0x8D,
        0xFC, 0x8D, 0x08, 0x8E, 0x09, 0x8E, 0xFF, 0x8D, 0x1D, 0x8E, 0x1E, 0x8E, 0x10, 0x8E, 0x1F, 0x8E,
        0x42, 0x8E, 0x35, 0x8E, 0x30, 0x8E, 0x34, 0x8E, 0x4A, 0x8E, 0x00, 0x00, 0x00, 0x00, 0x00, 0x00,
        0x47, 0x8E, 0x49, 0x8E, 0x4C, 0x8E, 0x50, 0x8E, 0x48, 0x8E, 0x59, 0x8E, 0x64, 0x8E, 0x60, 0x8E,
        0x2A, 0x8E, 0x63, 0x8E, 0x55, 0x8E, 0x76, 0x8E, 0x72, 0x8E, 0x7C, 0x8E, 0x81, 0x8E, 0x87, 0x8E,
        0x85, 0x8E, 0x84, 0x8E, 0x8B, 0x8E, 0x8A, 0x8E, 0x93, 0x8E, 0x91, 0x8E, 0x94, 0x8E, 0x99, 0x8E,
        0xAA, 0x8E, 0xA1, 0x8E, 0xAC, 0x8E, 0xB0, 0x8E, 0xC6, 0x8E, 0xB1, 0x8E, 0xBE, 0x8E, 0xC5, 0x8E,
        0xC8, 0x8E, 0xCB, 0x8E, 0xDB, 0x8E, 0xE3, 0x8E, 0xFC, 0x8E, 0xFB, 0x8E, 0xEB, 0x8E, 0xFE, 0x8E,
        0x0A, 0x8F, 0x05, 0x8F, 0x15, 0x8F, 0x12, 0x8F, 0x19, 0x8F, 0x13, 0x8F, 0x1C, 0x8F, 0x1F, 0x8F,
        0x1B, 0x8F, 0x0C, 0x8F, 0x26, 0x8F, 0x33, 0x8F, 0x3B, 0x8F, 0x39, 0x8F, 0x45, 0x8F, 0x42, 0x8F,
        0x3E, 0x8F, 0x4C, 0x8F, 0x49, 0x8F, 0x46, 0x8F, 0x4E, 0x8F, 0x57, 0x8F, 0x5C, 0x8F, 0x00, 0x00,
        0x62, 0x8F, 0x63, 0x8F, 0x64, 0x8F, 0x9C, 0x8F, 0x9F, 0x8F, 0xA3, 0x8F, 0xAD, 0x8F, 0xAF, 0x8F,
        0xB7, 0x8F, 0xDA, 0x8F, 0xE5, 0x8F, 0xE2, 0x8F, 0xEA, 0x8F, 0xEF, 0x8F, 0x87, 0x90, 0xF4, 0x8F,
        0x05, 0x90, 0xF9, 0x8F, 0xFA, 0x8F, 0x11, 0x90, 0x15, 0x90, 0x21, 0x90, 0x0D, 0x90, 0x1E, 0x90,
        0x16, 0x90, 0x0B, 0x90, 0x27, 0x90, 0x36, 0x90, 0x35, 0x90, 0x39, 0x90, 0xF8, 0x8F, 0x4F, 0x90,
        0x50, 0x90, 0x51, 0x90, 0x52, 0x90, 0x0E, 0x90, 0x49, 0x90, 0x3E, 0x90, 0x56, 0x90, 0x58, 0x90,
        0x5E, 0x90, 0x68, 0x90, 0x6F, 0x90, 0x76, 0x90, 0xA8, 0x96, 0x72, 0x90, 0x82, 0x90, 0x7D, 0x90,
        0x81, 0x90, 0x80, 0x90, 0x8A, 0x90, 0x89, 0x90, 0x8F, 0x90, 0xA8, 0x90, 0xAF, 0x90, 0xB1, 0x90,
        0xB5, 0x90, 0xE2, 0x90, 0xE4, 0x90, 0x48, 0x62, 0xDB, 0x90, 0x02, 0x91, 0x12, 0x91, 0x19, 0x91,
        0x32, 0x91, 0x30, 0x91, 0x4A, 0x91, 0x56, 0x91, 0x58, 0x91, 0x63, 0x91, 0x65, 0x91, 0x69, 0x91,
        0x73, 0x91, 0x72, 0x91, 0x8B, 0x91, 0x89, 0x91, 0x82, 0x91, 0xA2, 0x91, 0xAB, 0x91, 0xAF, 0x91,
        0xAA, 0x91, 0xB5, 0x91, 0xB4, 0x91, 0xBA, 0x91, 0xC0, 0x91, 0xC1, 0x91, 0xC9, 0x91, 0xCB, 0x91,
        0xD0, 0x91, 0xD6, 0x91, 0xDF, 0x91, 0xE1, 0x91, 0xDB, 0x91, 0xFC, 0x91, 0xF5, 0x91, 0xF6, 0x91,
        0x1E, 0x92, 0xFF, 0x91, 0x14, 0x92, 0x2C, 0x92, 0x15, 0x92, 0x11, 0x92, 0x5E, 0x92, 0x57, 0x92,
        0x45, 0x92, 0x49, 0x92, 0x64, 0x92, 0x48, 0x92, 0x95, 0x92, 0x3F, 0x92, 0x4B, 0x92, 0x50, 0x92,
        0x9C, 0x92, 0x96, 0x92, 0x93, 0x92, 0x9B, 0x92, 0x5A, 0x92, 0xCF, 0x92, 0xB9, 0x92, 0xB7, 0x92,
        0xE9, 0x92, 0x0F, 0x93, 0xFA, 0x92, 0x44, 0x93, 0x2E, 0x93, 0x00, 0x00, 0x00, 0x00, 0x00, 0x00,
        0x19, 0x93, 0x22, 0x93, 0x1A, 0x93, 0x23, 0x93, 0x3A, 0x93, 0x35, 0x93, 0x3B, 0x93, 0x5C, 0x93,
        0x60, 0x93, 0x7C, 0x93, 0x6E, 0x93, 0x56, 0x93, 0xB0, 0x93, 0xAC, 0x93, 0xAD, 0x93, 0x94, 0x93,
        0xB9, 0x93, 0xD6, 0x93, 0xD7, 0x93, 0xE8, 0x93, 0xE5, 0x93, 0xD8, 0x93, 0xC3, 0x93, 0xDD, 0x93,
        0xD0, 0x93, 0xC8, 0x93, 0xE4, 0x93, 0x1A, 0x94, 0x14, 0x94, 0x13, 0x94, 0x03, 0x94, 0x07, 0x94,
        0x10, 0x94, 0x36, 0x94, 0x2B, 0x94, 0x35, 0x94, 0x21, 0x94, 0x3A, 0x94, 0x41, 0x94, 0x52, 0x94,
        0x44, 0x94, 0x5B, 0x94, 0x60, 0x94, 0x62, 0x94, 0x5E, 0x94, 0x6A, 0x94, 0x29, 0x92, 0x70, 0x94,
        0x75, 0x94, 0x77, 0x94, 0x7D, 0x94, 0x5A, 0x94, 0x7C, 0x94, 0x7E, 0x94, 0x81, 0x94, 0x7F, 0x94,
        0x82, 0x95, 0x87, 0x95, 0x8A, 0x95, 0x94, 0x95, 0x96, 0x95, 0x98, 0x95, 0x99, 0x95, 0x00, 0x00,
        0xA0, 0x95, 0xA8, 0x95, 0xA7, 0x95, 0xAD, 0x95, 0xBC, 0x95, 0xBB, 0x95, 0xB9, 0x95, 0xBE, 0x95,
        0xCA, 0x95, 0xF6, 0x6F, 0xC3, 0x95, 0xCD, 0x95, 0xCC, 0x95, 0xD5, 0x95, 0xD4, 0x95, 0xD6, 0x95,
        0xDC, 0x95, 0xE1, 0x95, 0xE5, 0x95, 0xE2, 0x95, 0x21, 0x96, 0x28, 0x96, 0x2E, 0x96, 0x2F, 0x96,
        0x42, 0x96, 0x4C, 0x96, 0x4F, 0x96, 0x4B, 0x96, 0x77, 0x96, 0x5C, 0x96, 0x5E, 0x96, 0x5D, 0x96,
        0x5F, 0x96, 0x66, 0x96, 0x72, 0x96, 0x6C, 0x96, 0x8D, 0x96, 0x98, 0x96, 0x95, 0x96, 0x97, 0x96,
        0xAA, 0x96, 0xA7, 0x96, 0xB1, 0x96, 0xB2, 0x96, 0xB0, 0x96, 0xB4, 0x96, 0xB6, 0x96, 0xB8, 0x96,
        0xB9, 0x96, 0xCE, 0x96, 0xCB, 0x96, 0xC9, 0x96, 0xCD, 0x96, 0x4D, 0x89, 0xDC, 0x96, 0x0D, 0x97,
        0xD5, 0x96, 0xF9, 0x96, 0x04, 0x97, 0x06, 0x97, 0x08, 0x97, 0x13, 0x97, 0x0E, 0x97, 0x11, 0x97,
        0x0F, 0x97, 0x16, 0x97, 0x19, 0x97, 0x24, 0x97, 0x2A, 0x97, 0x30, 0x97, 0x39, 0x97, 0x3D, 0x97,
        0x3E, 0x97, 0x44, 0x97, 0x46, 0x97, 0x48, 0x97, 0x42, 0x97, 0x49, 0x97, 0x5C, 0x97, 0x60, 0x97,
        0x64, 0x97, 0x66, 0x97, 0x68, 0x97, 0xD2, 0x52, 0x6B, 0x97, 0x71, 0x97, 0x79, 0x97, 0x85, 0x97,
        0x7C, 0x97, 0x81, 0x97, 0x7A, 0x97, 0x86, 0x97, 0x8B, 0x97, 0x8F, 0x97, 0x90, 0x97, 0x9C, 0x97,
        0xA8, 0x97, 0xA6, 0x97, 0xA3, 0x97, 0xB3, 0x97, 0xB4, 0x97, 0xC3, 0x97, 0xC6, 0x97, 0xC8, 0x97,
        0xCB, 0x97, 0xDC, 0x97, 0xED, 0x97, 0x4F, 0x9F, 0xF2, 0x97, 0xDF, 0x7A, 0xF6, 0x97, 0xF5, 0x97,
        0x0F, 0x98, 0x0C, 0x98, 0x38, 0x98, 0x24, 0x98, 0x21, 0x98, 0x37, 0x98, 0x3D, 0x98, 0x46, 0x98,
        0x4F, 0x98, 0x4B, 0x98, 0x6B, 0x98, 0x6F, 0x98, 0x70, 0x98, 0x00, 0x00, 0x00, 0x00, 0x00, 0x00,
        0x71, 0x98, 0x74, 0x98, 0x73, 0x98, 0xAA, 0x98, 0xAF, 0x98, 0xB1, 0x98, 0xB6, 0x98, 0xC4, 0x98,
        0xC3, 0x98, 0xC6, 0x98, 0xE9, 0x98, 0xEB, 0x98, 0x03, 0x99, 0x09, 0x99, 0x12, 0x99, 0x14, 0x99,
        0x18, 0x99, 0x21, 0x99, 0x1D, 0x99, 0x1E, 0x99, 0x24, 0x99, 0x20, 0x99, 0x2C, 0x99, 0x2E, 0x99,
        0x3D, 0x99, 0x3E, 0x99, 0x42, 0x99, 0x49, 0x99, 0x45, 0x99, 0x50, 0x99, 0x4B, 0x99, 0x51, 0x99,
        0x52, 0x99, 0x4C, 0x99, 0x55, 0x99, 0x97, 0x99, 0x98, 0x99, 0xA5, 0x99, 0xAD, 0x99, 0xAE, 0x99,
        0xBC, 0x99, 0xDF, 0x99, 0xDB, 0x99, 0xDD, 0x99, 0xD8, 0x99, 0xD1, 0x99, 0xED, 0x99, 0xEE, 0x99,
        0xF1, 0x99, 0xF2, 0x99, 0xFB, 0x99, 0xF8, 0x99, 0x01, 0x9A, 0x0F, 0x9A, 0x05, 0x9A, 0xE2, 0x99,
        0x19, 0x9A, 0x2B, 0x9A, 0x37, 0x9A, 0x45, 0x9A, 0x42, 0x9A, 0x40, 0x9A, 0x43, 0x9A, 0x00, 0x00,
        0x3E, 0x9A, 0x55, 0x9A, 0x4D, 0x9A, 0x5B, 0x9A, 0x57, 0x9A, 0x5F, 0x9A, 0x62, 0x9A, 0x65, 0x9A,
        0x64, 0x9A, 0x69, 0x9A, 0x6B, 0x9A, 0x6A, 0x9A, 0xAD, 0x9A, 0xB0, 0x9A, 0xBC, 0x9A, 0xC0, 0x9A,
        0xCF, 0x9A, 0xD1, 0x9A, 0xD3, 0x9A, 0xD4, 0x9A, 0xDE, 0x9A, 0xDF, 0x9A, 0xE2, 0x9A, 0xE3, 0x9A,
        0xE6, 0x9A, 0xEF, 0x9A, 0xEB, 0x9A, 0xEE, 0x9A, 0xF4, 0x9A, 0xF1, 0x9A, 0xF7, 0x9A, 0xFB, 0x9A,
        0x06, 0x9B, 0x18, 0x9B, 0x1A, 0x9B, 0x1F, 0x9B, 0x22, 0x9B, 0x23, 0x9B, 0x25, 0x9B, 0x27, 0x9B,
        0x28, 0x9B, 0x29, 0x9B, 0x2A, 0x9B, 0x2E, 0x9B, 0x2F, 0x9B, 0x32, 0x9B, 0x44, 0x9B, 0x43, 0x9B,
        0x4F, 0x9B, 0x4D, 0x9B, 0x4E, 0x9B, 0x51, 0x9B, 0x58, 0x9B, 0x74, 0x9B, 0x93, 0x9B, 0x83, 0x9B,
        0x91, 0x9B, 0x96, 0x9B, 0x97, 0x9B, 0x9F, 0x9B, 0xA0, 0x9B, 0xA8, 0x9B, 0xB4, 0x9B, 0xC0, 0x9B,
        0xCA, 0x9B, 0xB9, 0x9B, 0xC6, 0x9B, 0xCF, 0x9B, 0xD1, 0x9B, 0xD2, 0x9B, 0xE3, 0x9B, 0xE2, 0x9B,
        0xE4, 0x9B, 0xD4, 0x9B, 0xE1, 0x9B, 0x3A, 0x9C, 0xF2, 0x9B, 0xF1, 0x9B, 0xF0, 0x9B, 0x15, 0x9C,
        0x14, 0x9C, 0x09, 0x9C, 0x13, 0x9C, 0x0C, 0x9C, 0x06, 0x9C, 0x08, 0x9C, 0x12, 0x9C, 0x0A, 0x9C,
        0x04, 0x9C, 0x2E, 0x9C, 0x1B, 0x9C, 0x25, 0x9C, 0x24, 0x9C, 0x21, 0x9C, 0x30, 0x9C, 0x47, 0x9C,
        0x32, 0x9C, 0x46, 0x9C, 0x3E, 0x9C, 0x5A, 0x9C, 0x60, 0x9C, 0x67, 0x9C, 0x76, 0x9C, 0x78, 0x9C,
        0xE7, 0x9C, 0xEC, 0x9C, 0xF0, 0x9C, 0x09, 0x9D, 0x08, 0x9D, 0xEB, 0x9C, 0x03, 0x9D, 0x06, 0x9D,
        0x2A, 0x9D, 0x26, 0x9D, 0xAF, 0x9D, 0x23, 0x9D, 0x1F, 0x9D, 0x44, 0x9D, 0x15, 0x9D, 0x12, 0x9D,
        0x41, 0x9D, 0x3F, 0x9D, 0x3E, 0x9D, 0x46, 0x9D, 0x48, 0x9D, 0x00, 0x00, 0x00, 0x00, 0x00, 0x00,
        0x5D, 0x9D, 0x5E, 0x9D, 0x64, 0x9D, 0x51, 0x9D, 0x50, 0x9D, 0x59, 0x9D, 0x72, 0x9D, 0x89, 0x9D,
        0x87, 0x9D, 0xAB, 0x9D, 0x6F, 0x9D, 0x7A, 0x9D, 0x9A, 0x9D, 0xA4, 0x9D, 0xA9, 0x9D, 0xB2, 0x9D,
        0xC4, 0x9D, 0xC1, 0x9D, 0xBB, 0x9D, 0xB8, 0x9D, 0xBA, 0x9D, 0xC6, 0x9D, 0xCF, 0x9D, 0xC2, 0x9D,
        0xD9, 0x9D, 0xD3, 0x9D, 0xF8, 0x9D, 0xE6, 0x9D, 0xED, 0x9D, 0xEF, 0x9D, 0xFD, 0x9D, 0x1A, 0x9E,
        0x1B, 0x9E, 0x1E, 0x9E, 0x75, 0x9E, 0x79, 0x9E, 0x7D, 0x9E, 0x81, 0x9E, 0x88, 0x9E, 0x8B, 0x9E,
        0x8C, 0x9E, 0x92, 0x9E, 0x95, 0x9E, 0x91, 0x9E, 0x9D, 0x9E, 0xA5, 0x9E, 0xA9, 0x9E, 0xB8, 0x9E,
        0xAA, 0x9E, 0xAD, 0x9E, 0x61, 0x97, 0xCC, 0x9E, 0xCE, 0x9E, 0xCF, 0x9E, 0xD0, 0x9E, 0xD4, 0x9E,
        0xDC, 0x9E, 0xDE, 0x9E, 0xDD, 0x9E, 0xE0, 0x9E, 0xE5, 0x9E, 0xE8, 0x9E, 0xEF, 0x9E, 0x00, 0x00,
        0xF4, 0x9E, 0xF6, 0x9E, 0xF7, 0x9E, 0xF9, 0x9E, 0xFB, 0x9E, 0xFC, 0x9E, 0xFD, 0x9E, 0x07, 0x9F,
        0x08, 0x9F, 0xB7, 0x76, 0x15, 0x9F, 0x21, 0x9F, 0x2C, 0x9F, 0x3E, 0x9F, 0x4A, 0x9F, 0x52, 0x9F,
        0x54, 0x9F, 0x63, 0x9F, 0x5F, 0x9F, 0x60, 0x9F, 0x61, 0x9F, 0x66, 0x9F, 0x67, 0x9F, 0x6C, 0x9F,
        0x6A, 0x9F, 0x77, 0x9F, 0x72, 0x9F, 0x76, 0x9F, 0x95, 0x9F, 0x9C, 0x9F, 0xA0, 0x9F, 0x2F, 0x58,
        0xC7, 0x69, 0x59, 0x90, 0x64, 0x74, 0xDC, 0x51, 0x99, 0x71, 0x00, 0x00, 0x00, 0x00, 0x00, 0x00,
        0x00, 0x00, 0x00, 0x00, 0x00, 0x00, 0x00, 0x00, 0x00, 0x00, 0x00, 0x00, 0x00, 0x00, 0x00, 0x00,
        0x00, 0x00, 0x00, 0x00, 0x00, 0x00, 0x00, 0x00, 0x00, 0x00, 0x00, 0x00, 0x00, 0x00, 0x00, 0x00,
        0x00, 0x00, 0x00, 0x00, 0x00, 0x00, 0x00, 0x00, 0x00, 0x00, 0x00, 0x00, 0x00, 0x00, 0x00, 0x00,
        0x00, 0x00, 0x00, 0x00, 0x00, 0x00, 0x00, 0x00, 0x00, 0x00, 0x00, 0x00, 0x00, 0x00, 0x00, 0x00,
        0x00, 0x00, 0x00, 0x00, 0x00, 0x00, 0x00, 0x00, 0x00, 0x00, 0x00, 0x00, 0x00, 0x00, 0x00, 0x00,
        0x00, 0x00, 0x00, 0x00, 0x00, 0x00, 0x00, 0x00, 0x00, 0x00, 0x00, 0x00, 0x00, 0x00, 0x00, 0x00,
        0x00, 0x00, 0x00, 0x00, 0x00, 0x00, 0x00, 0x00, 0x00, 0x00, 0x00, 0x00, 0x00, 0x00, 0x00, 0x00,
        0x00, 0x00, 0x00, 0x00, 0x00, 0x00, 0x00, 0x00, 0x00, 0x00, 0x00, 0x00, 0x00, 0x00, 0x00, 0x00,
        0x00, 0x00, 0x00, 0x00, 0x00, 0x00, 0x00, 0x00, 0x00, 0x00, 0x00, 0x00, 0x00, 0x00, 0x00, 0x00,
        0x00, 0x00, 0x00, 0x00, 0x00, 0x00, 0x00, 0x00, 0x00, 0x00, 0x00, 0x00, 0x00, 0x00, 0x00, 0x00,
        0x00, 0x00, 0x00, 0x00, 0x00, 0x00, 0x00, 0x00, 0x00, 0x00, 0x00, 0x00, 0x00, 0x00, 0x00, 0x00,
        0x00, 0x00, 0x00, 0x00, 0x00, 0x00, 0x00, 0x00, 0x00, 0x00, 0x00, 0x00, 0x00, 0x00, 0x00, 0x00,
        0x00, 0x00, 0x00, 0x00, 0x00, 0x00, 0x00, 0x00, 0x00, 0x00, 0x00, 0x00, 0x00, 0x00, 0x00, 0x00,
        0x00, 0x00, 0x00, 0x00, 0x00, 0x00, 0x00, 0x00, 0x00, 0x00, 0x00, 0x00, 0x00, 0x00, 0x00, 0x00,
        0x00, 0x00, 0x00, 0x00, 0x00, 0x00, 0x00, 0x00, 0x00, 0x00, 0x00, 0x00, 0x00, 0x00, 0x00, 0x00,
        0x00, 0x00, 0x00, 0x00, 0x00, 0x00, 0x00, 0x00, 0x00, 0x00, 0x00, 0x00, 0x00, 0x00, 0x00, 0x00,
        0x00, 0x00, 0x00, 0x00, 0x00, 0x00, 0x00, 0x00, 0x00, 0x00, 0x00, 0x00, 0x00, 0x00, 0x00, 0x00,
        0x00, 0x00, 0x00, 0x00, 0x00, 0x00, 0x00, 0x00, 0x00, 0x00, 0x00, 0x00, 0x00, 0x00, 0x00, 0x00,
        0x00, 0x00, 0x00, 0x00, 0x00, 0x00, 0x00, 0x00, 0x00, 0x00, 0x00, 0x00, 0x00, 0x00, 0x00, 0x00,
        0x00, 0x00, 0x00, 0x00, 0x00, 0x00, 0x00, 0x00, 0x00, 0x00, 0x00, 0x00, 0x00, 0x00, 0x00, 0x00,
        0x00, 0x00, 0x00, 0x00, 0x00, 0x00, 0x00, 0x00, 0x00, 0x00, 0x00, 0x00, 0x00, 0x00, 0x00, 0x00,
        0x00, 0x00, 0x00, 0x00, 0x00, 0x00, 0x00, 0x00, 0x00, 0x00, 0x00, 0x00, 0x00, 0x00, 0x00, 0x00,
        0x00, 0x00, 0x00, 0x00, 0x00, 0x00, 0x00, 0x00, 0x00, 0x00, 0x00, 0x00, 0x00, 0x00, 0x00, 0x00,
        0x00, 0x00, 0x00, 0x00, 0x00, 0x00, 0x00, 0x00, 0x00, 0x00, 0x00, 0x00, 0x00, 0x00, 0x00, 0x00,
        0x00, 0x00, 0x00, 0x00, 0x00, 0x00, 0x00, 0x00, 0x00, 0x00, 0x00, 0x00, 0x00, 0x00, 0x00, 0x00,
        0x00, 0x00, 0x00, 0x00, 0x00, 0x00, 0x00, 0x00, 0x00, 0x00, 0x00, 0x00, 0x00, 0x00, 0x00, 0x00,
        0x00, 0x00, 0x00, 0x00, 0x00, 0x00, 0x00, 0x00, 0x00, 0x00, 0x00, 0x00, 0x00, 0x00, 0x00, 0x00,
    ];
}
