sjis	index13	zxingcpp	cp932
8140	0	U+3000	U+3000
8141	1	U+3001	U+3001
8142	2	U+3002	U+3002
8143	3	U+FF0C	U+FF0C
8144	4	U+FF0E	U+FF0E
8145	5	U+30FB	U+30FB
8146	6	U+FF1A	U+FF1A
8147	7	U+FF1B	U+FF1B
8148	8	U+FF1F	U+FF1F
8149	9	U+FF01	U+FF01
814A	10	U+309B	U+309B
814B	11	U+309C	U+309C
814C	12	U+00B4	U+00B4
814D	13	U+FF40	U+FF40
814E	14	U+00A8	U+00A8
814F	15	U+FF3E	U+FF3E
8150	16	U+FFE3	U+FFE3
8151	17	U+FF3F	U+FF3F
8152	18	U+30FD	U+30FD
8153	19	U+30FE	U+30FE
8154	20	U+309D	U+309D
8155	21	U+309E	U+309E
8156	22	U+3003	U+3003
8157	23	U+4EDD	U+4EDD
8158	24	U+3005	U+3005
8159	25	U+3006	U+3006
815A	26	U+3007	U+3007
815B	27	U+30FC	U+30FC
815C	28	U+2015	U+2015
815D	29	U+2010	U+2010
815E	30	U+FF0F	U+FF0F
815F	31	U+005C	U+FF3C
8160	32	U+301C	U+FF5E
8161	33	U+2016	U+2225
8162	34	U+FF5C	U+FF5C
8163	35	U+2026	U+2026
8164	36	U+2025	U+2025
8165	37	U+2018	U+2018
8166	38	U+2019	U+2019
8167	39	U+201C	U+201C
8168	40	U+201D	U+201D
8169	41	U+FF08	U+FF08
816A	42	U+FF09	U+FF09
816B	43	U+3014	U+3014
816C	44	U+3015	U+3015
816D	45	U+FF3B	U+FF3B
816E	46	U+FF3D	U+FF3D
816F	47	U+FF5B	U+FF5B
8170	48	U+FF5D	U+FF5D
8171	49	U+3008	U+3008
8172	50	U+3009	U+3009
8173	51	U+300A	U+300A
8174	52	U+300B	U+300B
8175	53	U+300C	U+300C
8176	54	U+300D	U+300D
8177	55	U+300E	U+300E
8178	56	U+300F	U+300F
8179	57	U+3010	U+3010
817A	58	U+3011	U+3011
817B	59	U+FF0B	U+FF0B
817C	60	U+2212	U+FF0D
817D	61	U+00B1	U+00B1
817E	62	U+00D7	U+00D7
8180	64	U+00F7	U+00F7
8181	65	U+FF1D	U+FF1D
8182	66	U+2260	U+2260
8183	67	U+FF1C	U+FF1C
8184	68	U+FF1E	U+FF1E
8185	69	U+2266	U+2266
8186	70	U+2267	U+2267
8187	71	U+221E	U+221E
8188	72	U+2234	U+2234
8189	73	U+2642	U+2642
818A	74	U+2640	U+2640
818B	75	U+00B0	U+00B0
818C	76	U+2032	U+2032
818D	77	U+2033	U+2033
818E	78	U+2103	U+2103
818F	79	U+FFE5	U+FFE5
8190	80	U+FF04	U+FF04
8191	81	U+00A2	U+FFE0
8192	82	U+00A3	U+FFE1
8193	83	U+FF05	U+FF05
8194	84	U+FF03	U+FF03
8195	85	U+FF06	U+FF06
8196	86	U+FF0A	U+FF0A
8197	87	U+FF20	U+FF20
8198	88	U+00A7	U+00A7
8199	89	U+2606	U+2606
819A	90	U+2605	U+2605
819B	91	U+25CB	U+25CB
819C	92	U+25CF	U+25CF
819D	93	U+25CE	U+25CE
819E	94	U+25C7	U+25C7
819F	95	U+25C6	U+25C6
81A0	96	U+25A1	U+25A1
81A1	97	U+25A0	U+25A0
81A2	98	U+25B3	U+25B3
81A3	99	U+25B2	U+25B2
81A4	100	U+25BD	U+25BD
81A5	101	U+25BC	U+25BC
81A6	102	U+203B	U+203B
81A7	103	U+3012	U+3012
81A8	104	U+2192	U+2192
81A9	105	U+2190	U+2190
81AA	106	U+2191	U+2191
81AB	107	U+2193	U+2193
81AC	108	U+3013	U+3013
81AD	109		U+30FB
81AE	110		U+30FB
81AF	111		U+30FB
81B0	112		U+30FB
81B1	113		U+30FB
81B2	114		U+30FB
81B3	115		U+30FB
81B4	116		U+30FB
81B5	117		U+30FB
81B6	118		U+30FB
81B7	119		U+30FB
81B8	120	U+2208	U+2208
81B9	121	U+220B	U+220B
81BA	122	U+2286	U+2286
81BB	123	U+2287	U+2287
81BC	124	U+2282	U+2282
81BD	125	U+2283	U+2283
81BE	126	U+222A	U+222A
81BF	127	U+2229	U+2229
81C0	128		U+30FB
81C1	129		U+30FB
81C2	130		U+30FB
81C3	131		U+30FB
81C4	132		U+30FB
81C5	133		U+30FB
81C6	134		U+30FB
81C7	135		U+30FB
81C8	136	U+2227	U+2227
81C9	137	U+2228	U+2228
81CA	138	U+00AC	U+FFE2
81CB	139	U+21D2	U+21D2
81CC	140	U+21D4	U+21D4
81CD	141	U+2200	U+2200
81CE	142	U+2203	U+2203
81CF	143		U+30FB
81D0	144		U+30FB
81D1	145		U+30FB
81D2	146		U+30FB
81D3	147		U+30FB
81D4	148		U+30FB
81D5	149		U+30FB
81D6	150		U+30FB
81D7	151		U+30FB
81D8	152		U+30FB
81D9	153		U+30FB
81DA	154	U+2220	U+2220
81DB	155	U+22A5	U+22A5
81DC	156	U+2312	U+2312
81DD	157	U+2202	U+2202
81DE	158	U+2207	U+2207
81DF	159	U+2261	U+2261
81E0	160	U+2252	U+2252
81E1	161	U+226A	U+226A
81E2	162	U+226B	U+226B
81E3	163	U+221A	U+221A
81E4	164	U+223D	U+223D
81E5	165	U+221D	U+221D
81E6	166	U+2235	U+2235
81E7	167	U+222B	U+222B
81E8	168	U+222C	U+222C
81E9	169		U+30FB
81EA	170		U+30FB
81EB	171		U+30FB
81EC	172		U+30FB
81ED	173		U+30FB
81EE	174		U+30FB
81EF	175		U+30FB
81F0	176	U+212B	U+212B
81F1	177	U+2030	U+2030
81F2	178	U+266F	U+266F
81F3	179	U+266D	U+266D
81F4	180	U+266A	U+266A
81F5	181	U+2020	U+2020
81F6	182	U+2021	U+2021
81F7	183	U+00B6	U+00B6
81F8	184		U+30FB
81F9	185		U+30FB
81FA	186		U+30FB
81FB	187		U+30FB
81FC	188	U+25EF	U+25EF
8240	192		U+30FB
8241	193		U+30FB
8242	194		U+30FB
8243	195		U+30FB
8244	196		U+30FB
8245	197		U+30FB
8246	198		U+30FB
8247	199		U+30FB
8248	200		U+30FB
8249	201		U+30FB
824A	202		U+30FB
824B	203		U+30FB
824C	204		U+30FB
824D	205		U+30FB
824E	206		U+30FB
824F	207	U+FF10	U+FF10
8250	208	U+FF11	U+FF11
8251	209	U+FF12	U+FF12
8252	210	U+FF13	U+FF13
8253	211	U+FF14	U+FF14
8254	212	U+FF15	U+FF15
8255	213	U+FF16	U+FF16
8256	214	U+FF17	U+FF17
8257	215	U+FF18	U+FF18
8258	216	U+FF19	U+FF19
8259	217		U+30FB
825A	218		U+30FB
825B	219		U+30FB
825C	220		U+30FB
825D	221		U+30FB
825E	222		U+30FB
825F	223		U+30FB
8260	224	U+FF21	U+FF21
8261	225	U+FF22	U+FF22
8262	226	U+FF23	U+FF23
8263	227	U+FF24	U+FF24
8264	228	U+FF25	U+FF25
8265	229	U+FF26	U+FF26
8266	230	U+FF27	U+FF27
8267	231	U+FF28	U+FF28
8268	232	U+FF29	U+FF29
8269	233	U+FF2A	U+FF2A
826A	234	U+FF2B	U+FF2B
826B	235	U+FF2C	U+FF2C
826C	236	U+FF2D	U+FF2D
826D	237	U+FF2E	U+FF2E
826E	238	U+FF2F	U+FF2F
826F	239	U+FF30	U+FF30
8270	240	U+FF31	U+FF31
8271	241	U+FF32	U+FF32
8272	242	U+FF33	U+FF33
8273	243	U+FF34	U+FF34
8274	244	U+FF35	U+FF35
8275	245	U+FF36	U+FF36
8276	246	U+FF37	U+FF37
8277	247	U+FF38	U+FF38
8278	248	U+FF39	U+FF39
8279	249	U+FF3A	U+FF3A
827A	250		U+30FB
827B	251		U+30FB
827C	252		U+30FB
827D	253		U+30FB
827E	254		U+30FB
8280	256		U+30FB
8281	257	U+FF41	U+FF41
8282	258	U+FF42	U+FF42
8283	259	U+FF43	U+FF43
8284	260	U+FF44	U+FF44
8285	261	U+FF45	U+FF45
8286	262	U+FF46	U+FF46
8287	263	U+FF47	U+FF47
8288	264	U+FF48	U+FF48
8289	265	U+FF49	U+FF49
828A	266	U+FF4A	U+FF4A
828B	267	U+FF4B	U+FF4B
828C	268	U+FF4C	U+FF4C
828D	269	U+FF4D	U+FF4D
828E	270	U+FF4E	U+FF4E
828F	271	U+FF4F	U+FF4F
8290	272	U+FF50	U+FF50
8291	273	U+FF51	U+FF51
8292	274	U+FF52	U+FF52
8293	275	U+FF53	U+FF53
8294	276	U+FF54	U+FF54
8295	277	U+FF55	U+FF55
8296	278	U+FF56	U+FF56
8297	279	U+FF57	U+FF57
8298	280	U+FF58	U+FF58
8299	281	U+FF59	U+FF59
829A	282	U+FF5A	U+FF5A
829B	283		U+30FB
829C	284		U+30FB
829D	285		U+30FB
829E	286		U+30FB
829F	287	U+3041	U+3041
82A0	288	U+3042	U+3042
82A1	289	U+3043	U+3043
82A2	290	U+3044	U+3044
82A3	291	U+3045	U+3045
82A4	292	U+3046	U+3046
82A5	293	U+3047	U+3047
82A6	294	U+3048	U+3048
82A7	295	U+3049	U+3049
82A8	296	U+304A	U+304A
82A9	297	U+304B	U+304B
82AA	298	U+304C	U+304C
82AB	299	U+304D	U+304D
82AC	300	U+304E	U+304E
82AD	301	U+304F	U+304F
82AE	302	U+3050	U+3050
82AF	303	U+3051	U+3051
82B0	304	U+3052	U+3052
82B1	305	U+3053	U+3053
82B2	306	U+3054	U+3054
82B3	307	U+3055	U+3055
82B4	308	U+3056	U+3056
82B5	309	U+3057	U+3057
82B6	310	U+3058	U+3058
82B7	311	U+3059	U+3059
82B8	312	U+305A	U+305A
82B9	313	U+305B	U+305B
82BA	314	U+305C	U+305C
82BB	315	U+305D	U+305D
82BC	316	U+305E	U+305E
82BD	317	U+305F	U+305F
82BE	318	U+3060	U+3060
82BF	319	U+3061	U+3061
82C0	320	U+3062	U+3062
82C1	321	U+3063	U+3063
82C2	322	U+3064	U+3064
82C3	323	U+3065	U+3065
82C4	324	U+3066	U+3066
82C5	325	U+3067	U+3067
82C6	326	U+3068	U+3068
82C7	327	U+3069	U+3069
82C8	328	U+306A	U+306A
82C9	329	U+306B	U+306B
82CA	330	U+306C	U+306C
82CB	331	U+306D	U+306D
82CC	332	U+306E	U+306E
82CD	333	U+306F	U+306F
82CE	334	U+3070	U+3070
82CF	335	U+3071	U+3071
82D0	336	U+3072	U+3072
82D1	337	U+3073	U+3073
82D2	338	U+3074	U+3074
82D3	339	U+3075	U+3075
82D4	340	U+3076	U+3076
82D5	341	U+3077	U+3077
82D6	342	U+3078	U+3078
82D7	343	U+3079	U+3079
82D8	344	U+307A	U+307A
82D9	345	U+307B	U+307B
82DA	346	U+307C	U+307C
82DB	347	U+307D	U+307D
82DC	348	U+307E	U+307E
82DD	349	U+307F	U+307F
82DE	350	U+3080	U+3080
82DF	351	U+3081	U+3081
82E0	352	U+3082	U+3082
82E1	353	U+3083	U+3083
82E2	354	U+3084	U+3084
82E3	355	U+3085	U+3085
82E4	356	U+3086	U+3086
82E5	357	U+3087	U+3087
82E6	358	U+3088	U+3088
82E7	359	U+3089	U+3089
82E8	360	U+308A	U+308A
82E9	361	U+308B	U+308B
82EA	362	U+308C	U+308C
82EB	363	U+308D	U+308D
82EC	364	U+308E	U+308E
82ED	365	U+308F	U+308F
82EE	366	U+3090	U+3090
82EF	367	U+3091	U+3091
82F0	368	U+3092	U+3092
82F1	369	U+3093	U+3093
82F2	370		U+30FB
82F3	371		U+30FB
82F4	372		U+30FB
82F5	373		U+30FB
82F6	374		U+30FB
82F7	375		U+30FB
82F8	376		U+30FB
82F9	377		U+30FB
82FA	378		U+30FB
82FB	379		U+30FB
82FC	380		U+30FB
8340	384	U+30A1	U+30A1
8341	385	U+30A2	U+30A2
8342	386	U+30A3	U+30A3
8343	387	U+30A4	U+30A4
8344	388	U+30A5	U+30A5
8345	389	U+30A6	U+30A6
8346	390	U+30A7	U+30A7
8347	391	U+30A8	U+30A8
8348	392	U+30A9	U+30A9
8349	393	U+30AA	U+30AA
834A	394	U+30AB	U+30AB
834B	395	U+30AC	U+30AC
834C	396	U+30AD	U+30AD
834D	397	U+30AE	U+30AE
834E	398	U+30AF	U+30AF
834F	399	U+30B0	U+30B0
8350	400	U+30B1	U+30B1
8351	401	U+30B2	U+30B2
8352	402	U+30B3	U+30B3
8353	403	U+30B4	U+30B4
8354	404	U+30B5	U+30B5
8355	405	U+30B6	U+30B6
8356	406	U+30B7	U+30B7
8357	407	U+30B8	U+30B8
8358	408	U+30B9	U+30B9
8359	409	U+30BA	U+30BA
835A	410	U+30BB	U+30BB
835B	411	U+30BC	U+30BC
835C	412	U+30BD	U+30BD
835D	413	U+30BE	U+30BE
835E	414	U+30BF	U+30BF
835F	415	U+30C0	U+30C0
8360	416	U+30C1	U+30C1
8361	417	U+30C2	U+30C2
8362	418	U+30C3	U+30C3
8363	419	U+30C4	U+30C4
8364	420	U+30C5	U+30C5
8365	421	U+30C6	U+30C6
8366	422	U+30C7	U+30C7
8367	423	U+30C8	U+30C8
8368	424	U+30C9	U+30C9
8369	425	U+30CA	U+30CA
836A	426	U+30CB	U+30CB
836B	427	U+30CC	U+30CC
836C	428	U+30CD	U+30CD
836D	429	U+30CE	U+30CE
836E	430	U+30CF	U+30CF
836F	431	U+30D0	U+30D0
8370	432	U+30D1	U+30D1
8371	433	U+30D2	U+30D2
8372	434	U+30D3	U+30D3
8373	435	U+30D4	U+30D4
8374	436	U+30D5	U+30D5
8375	437	U+30D6	U+30D6
8376	438	U+30D7	U+30D7
8377	439	U+30D8	U+30D8
8378	440	U+30D9	U+30D9
8379	441	U+30DA	U+30DA
837A	442	U+30DB	U+30DB
837B	443	U+30DC	U+30DC
837C	444	U+30DD	U+30DD
837D	445	U+30DE	U+30DE
837E	446	U+30DF	U+30DF
8380	448	U+30E0	U+30E0
8381	449	U+30E1	U+30E1
8382	450	U+30E2	U+30E2
8383	451	U+30E3	U+30E3
8384	452	U+30E4	U+30E4
8385	453	U+30E5	U+30E5
8386	454	U+30E6	U+30E6
8387	455	U+30E7	U+30E7
8388	456	U+30E8	U+30E8
8389	457	U+30E9	U+30E9
838A	458	U+30EA	U+30EA
838B	459	U+30EB	U+30EB
838C	460	U+30EC	U+30EC
838D	461	U+30ED	U+30ED
838E	462	U+30EE	U+30EE
838F	463	U+30EF	U+30EF
8390	464	U+30F0	U+30F0
8391	465	U+30F1	U+30F1
8392	466	U+30F2	U+30F2
8393	467	U+30F3	U+30F3
8394	468	U+30F4	U+30F4
8395	469	U+30F5	U+30F5
8396	470	U+30F6	U+30F6
8397	471		U+30FB
8398	472		U+30FB
8399	473		U+30FB
839A	474		U+30FB
839B	475		U+30FB
839C	476		U+30FB
839D	477		U+30FB
839E	478		U+30FB
839F	479	U+0391	U+0391
83A0	480	U+0392	U+0392
83A1	481	U+0393	U+0393
83A2	482	U+0394	U+0394
83A3	483	U+0395	U+0395
83A4	484	U+0396	U+0396
83A5	485	U+0397	U+0397
83A6	486	U+0398	U+0398
83A7	487	U+0399	U+0399
83A8	488	U+039A	U+039A
83A9	489	U+039B	U+039B
83AA	490	U+039C	U+039C
83AB	491	U+039D	U+039D
83AC	492	U+039E	U+039E
83AD	493	U+039F	U+039F
83AE	494	U+03A0	U+03A0
83AF	495	U+03A1	U+03A1
83B0	496	U+03A3	U+03A3
83B1	497	U+03A4	U+03A4
83B2	498	U+03A5	U+03A5
83B3	499	U+03A6	U+03A6
83B4	500	U+03A7	U+03A7
83B5	501	U+03A8	U+03A8
83B6	502	U+03A9	U+03A9
83B7	503		U+30FB
83B8	504		U+30FB
83B9	505		U+30FB
83BA	506		U+30FB
83BB	507		U+30FB
83BC	508		U+30FB
83BD	509		U+30FB
83BE	510		U+30FB
83BF	511	U+03B1	U+03B1
83C0	512	U+03B2	U+03B2
83C1	513	U+03B3	U+03B3
83C2	514	U+03B4	U+03B4
83C3	515	U+03B5	U+03B5
83C4	516	U+03B6	U+03B6
83C5	517	U+03B7	U+03B7
83C6	518	U+03B8	U+03B8
83C7	519	U+03B9	U+03B9
83C8	520	U+03BA	U+03BA
83C9	521	U+03BB	U+03BB
83CA	522	U+03BC	U+03BC
83CB	523	U+03BD	U+03BD
83CC	524	U+03BE	U+03BE
83CD	525	U+03BF	U+03BF
83CE	526	U+03C0	U+03C0
83CF	527	U+03C1	U+03C1
83D0	528	U+03C3	U+03C3
83D1	529	U+03C4	U+03C4
83D2	530	U+03C5	U+03C5
83D3	531	U+03C6	U+03C6
83D4	532	U+03C7	U+03C7
83D5	533	U+03C8	U+03C8
83D6	534	U+03C9	U+03C9
83D7	535		U+30FB
83D8	536		U+30FB
83D9	537		U+30FB
83DA	538		U+30FB
83DB	539		U+30FB
83DC	540		U+30FB
83DD	541		U+30FB
83DE	542		U+30FB
83DF	543		U+30FB
83E0	544		U+30FB
83E1	545		U+30FB
83E2	546		U+30FB
83E3	547		U+30FB
83E4	548		U+30FB
83E5	549		U+30FB
83E6	550		U+30FB
83E7	551		U+30FB
83E8	552		U+30FB
83E9	553		U+30FB
83EA	554		U+30FB
83EB	555		U+30FB
83EC	556		U+30FB
83ED	557		U+30FB
83EE	558		U+30FB
83EF	559		U+30FB
83F0	560		U+30FB
83F1	561		U+30FB
83F2	562		U+30FB
83F3	563		U+30FB
83F4	564		U+30FB
83F5	565		U+30FB
83F6	566		U+30FB
83F7	567		U+30FB
83F8	568		U+30FB
83F9	569		U+30FB
83FA	570		U+30FB
83FB	571		U+30FB
83FC	572		U+30FB
8440	576	U+0410	U+0410
8441	577	U+0411	U+0411
8442	578	U+0412	U+0412
8443	579	U+0413	U+0413
8444	580	U+0414	U+0414
8445	581	U+0415	U+0415
8446	582	U+0401	U+0401
8447	583	U+0416	U+0416
8448	584	U+0417	U+0417
8449	585	U+0418	U+0418
844A	586	U+0419	U+0419
844B	587	U+041A	U+041A
844C	588	U+041B	U+041B
844D	589	U+041C	U+041C
844E	590	U+041D	U+041D
844F	591	U+041E	U+041E
8450	592	U+041F	U+041F
8451	593	U+0420	U+0420
8452	594	U+0421	U+0421
8453	595	U+0422	U+0422
8454	596	U+0423	U+0423
8455	597	U+0424	U+0424
8456	598	U+0425	U+0425
8457	599	U+0426	U+0426
8458	600	U+0427	U+0427
8459	601	U+0428	U+0428
845A	602	U+0429	U+0429
845B	603	U+042A	U+042A
845C	604	U+042B	U+042B
845D	605	U+042C	U+042C
845E	606	U+042D	U+042D
845F	607	U+042E	U+042E
8460	608	U+042F	U+042F
8461	609		U+30FB
8462	610		U+30FB
8463	611		U+30FB
8464	612		U+30FB
8465	613		U+30FB
8466	614		U+30FB
8467	615		U+30FB
8468	616		U+30FB
8469	617		U+30FB
846A	618		U+30FB
846B	619		U+30FB
846C	620		U+30FB
846D	621		U+30FB
846E	622		U+30FB
846F	623		U+30FB
8470	624	U+0430	U+0430
8471	625	U+0431	U+0431
8472	626	U+0432	U+0432
8473	627	U+0433	U+0433
8474	628	U+0434	U+0434
8475	629	U+0435	U+0435
8476	630	U+0451	U+0451
8477	631	U+0436	U+0436
8478	632	U+0437	U+0437
8479	633	U+0438	U+0438
847A	634	U+0439	U+0439
847B	635	U+043A	U+043A
847C	636	U+043B	U+043B
847D	637	U+043C	U+043C
847E	638	U+043D	U+043D
8480	640	U+043E	U+043E
8481	641	U+043F	U+043F
8482	642	U+0440	U+0440
8483	643	U+0441	U+0441
8484	644	U+0442	U+0442
8485	645	U+0443	U+0443
8486	646	U+0444	U+0444
8487	647	U+0445	U+0445
8488	648	U+0446	U+0446
8489	649	U+0447	U+0447
848A	650	U+0448	U+0448
848B	651	U+0449	U+0449
848C	652	U+044A	U+044A
848D	653	U+044B	U+044B
848E	654	U+044C	U+044C
848F	655	U+044D	U+044D
8490	656	U+044E	U+044E
8491	657	U+044F	U+044F
8492	658		U+30FB
8493	659		U+30FB
8494	660		U+30FB
8495	661		U+30FB
8496	662		U+30FB
8497	663		U+30FB
8498	664		U+30FB
8499	665		U+30FB
849A	666		U+30FB
849B	667		U+30FB
849C	668		U+30FB
849D	669		U+30FB
849E	670		U+30FB
849F	671	U+2500	U+2500
84A0	672	U+2502	U+2502
84A1	673	U+250C	U+250C
84A2	674	U+2510	U+2510
84A3	675	U+2518	U+2518
84A4	676	U+2514	U+2514
84A5	677	U+251C	U+251C
84A6	678	U+252C	U+252C
84A7	679	U+2524	U+2524
84A8	680	U+2534	U+2534
84A9	681	U+253C	U+253C
84AA	682	U+2501	U+2501
84AB	683	U+2503	U+2503
84AC	684	U+250F	U+250F
84AD	685	U+2513	U+2513
84AE	686	U+251B	U+251B
84AF	687	U+2517	U+2517
84B0	688	U+2523	U+2523
84B1	689	U+2533	U+2533
84B2	690	U+252B	U+252B
84B3	691	U+253B	U+253B
84B4	692	U+254B	U+254B
84B5	693	U+2520	U+2520
84B6	694	U+252F	U+252F
84B7	695	U+2528	U+2528
84B8	696	U+2537	U+2537
84B9	697	U+253F	U+253F
84BA	698	U+251D	U+251D
84BB	699	U+2530	U+2530
84BC	700	U+2525	U+2525
84BD	701	U+2538	U+2538
84BE	702	U+2542	U+2542
84BF	703		U+30FB
84C0	704		U+30FB
84C1	705		U+30FB
84C2	706		U+30FB
84C3	707		U+30FB
84C4	708		U+30FB
84C5	709		U+30FB
84C6	710		U+30FB
84C7	711		U+30FB
84C8	712		U+30FB
84C9	713		U+30FB
84CA	714		U+30FB
84CB	715		U+30FB
84CC	716		U+30FB
84CD	717		U+30FB
84CE	718		U+30FB
84CF	719		U+30FB
84D0	720		U+30FB
84D1	721		U+30FB
84D2	722		U+30FB
84D3	723		U+30FB
84D4	724		U+30FB
84D5	725		U+30FB
84D6	726		U+30FB
84D7	727		U+30FB
84D8	728		U+30FB
84D9	729		U+30FB
84DA	730		U+30FB
84DB	731		U+30FB
84DC	732		U+30FB
84DD	733		U+30FB
84DE	734		U+30FB
84DF	735		U+30FB
84E0	736		U+30FB
84E1	737		U+30FB
84E2	738		U+30FB
84E3	739		U+30FB
84E4	740		U+30FB
84E5	741		U+30FB
84E6	742		U+30FB
84E7	743		U+30FB
84E8	744		U+30FB
84E9	745		U+30FB
84EA	746		U+30FB
84EB	747		U+30FB
84EC	748		U+30FB
84ED	749		U+30FB
84EE	750		U+30FB
84EF	751		U+30FB
84F0	752		U+30FB
84F1	753		U+30FB
84F2	754		U+30FB
84F3	755		U+30FB
84F4	756		U+30FB
84F5	757		U+30FB
84F6	758		U+30FB
84F7	759		U+30FB
84F8	760		U+30FB
84F9	761		U+30FB
84FA	762		U+30FB
84FB	763		U+30FB
84FC	764		U+30FB
8540	768		U+30FB
8541	769		U+30FB
8542	770		U+30FB
8543	771		U+30FB
8544	772		U+30FB
8545	773		U+30FB
8546	774		U+30FB
8547	775		U+30FB
8548	776		U+30FB
8549	777		U+30FB
854A	778		U+30FB
854B	779		U+30FB
854C	780		U+30FB
854D	781		U+30FB
854E	782		U+30FB
854F	783		U+30FB
8550	784		U+30FB
8551	785		U+30FB
8552	786		U+30FB
8553	787		U+30FB
8554	788		U+30FB
8555	789		U+30FB
8556	790		U+30FB
8557	791		U+30FB
8558	792		U+30FB
8559	793		U+30FB
855A	794		U+30FB
855B	795		U+30FB
855C	796		U+30FB
855D	797		U+30FB
855E	798		U+30FB
855F	799		U+30FB
8560	800		U+30FB
8561	801		U+30FB
8562	802		U+30FB
8563	803		U+30FB
8564	804		U+30FB
8565	805		U+30FB
8566	806		U+30FB
8567	807		U+30FB
8568	808		U+30FB
8569	809		U+30FB
856A	810		U+30FB
856B	811		U+30FB
856C	812		U+30FB
856D	813		U+30FB
856E	814		U+30FB
856F	815		U+30FB
8570	816		U+30FB
8571	817		U+30FB
8572	818		U+30FB
8573	819		U+30FB
8574	820		U+30FB
8575	821		U+30FB
8576	822		U+30FB
8577	823		U+30FB
8578	824		U+30FB
8579	825		U+30FB
857A	826		U+30FB
857B	827		U+30FB
857C	828		U+30FB
857D	829		U+30FB
857E	830		U+30FB
8580	832		U+30FB
8581	833		U+30FB
8582	834		U+30FB
8583	835		U+30FB
8584	836		U+30FB
8585	837		U+30FB
8586	838		U+30FB
8587	839		U+30FB
8588	840		U+30FB
8589	841		U+30FB
858A	842		U+30FB
858B	843		U+30FB
858C	844		U+30FB
858D	845		U+30FB
858E	846		U+30FB
858F	847		U+30FB
8590	848		U+30FB
8591	849		U+30FB
8592	850		U+30FB
8593	851		U+30FB
8594	852		U+30FB
8595	853		U+30FB
8596	854		U+30FB
8597	855		U+30FB
8598	856		U+30FB
8599	857		U+30FB
859A	858		U+30FB
859B	859		U+30FB
859C	860		U+30FB
859D	861		U+30FB
859E	862		U+30FB
859F	863		U+30FB
85A0	864		U+30FB
85A1	865		U+30FB
85A2	866		U+30FB
85A3	867		U+30FB
85A4	868		U+30FB
85A5	869		U+30FB
85A6	870		U+30FB
85A7	871		U+30FB
85A8	872		U+30FB
85A9	873		U+30FB
85AA	874		U+30FB
85AB	875		U+30FB
85AC	876		U+30FB
85AD	877		U+30FB
85AE	878		U+30FB
85AF	879		U+30FB
85B0	880		U+30FB
85B1	881		U+30FB
85B2	882		U+30FB
85B3	883		U+30FB
85B4	884		U+30FB
85B5	885		U+30FB
85B6	886		U+30FB
85B7	887		U+30FB
85B8	888		U+30FB
85B9	889		U+30FB
85BA	890		U+30FB
85BB	891		U+30FB
85BC	892		U+30FB
85BD	893		U+30FB
85BE	894		U+30FB
85BF	895		U+30FB
85C0	896		U+30FB
85C1	897		U+30FB
85C2	898		U+30FB
85C3	899		U+30FB
85C4	900		U+30FB
85C5	901		U+30FB
85C6	902		U+30FB
85C7	903		U+30FB
85C8	904		U+30FB
85C9	905		U+30FB
85CA	906		U+30FB
85CB	907		U+30FB
85CC	908		U+30FB
85CD	909		U+30FB
85CE	910		U+30FB
85CF	911		U+30FB
85D0	912		U+30FB
85D1	913		U+30FB
85D2	914		U+30FB
85D3	915		U+30FB
85D4	916		U+30FB
85D5	917		U+30FB
85D6	918		U+30FB
85D7	919		U+30FB
85D8	920		U+30FB
85D9	921		U+30FB
85DA	922		U+30FB
85DB	923		U+30FB
85DC	924		U+30FB
85DD	925		U+30FB
85DE	926		U+30FB
85DF	927		U+30FB
85E0	928		U+30FB
85E1	929		U+30FB
85E2	930		U+30FB
85E3	931		U+30FB
85E4	932		U+30FB
85E5	933		U+30FB
85E6	934		U+30FB
85E7	935		U+30FB
85E8	936		U+30FB
85E9	937		U+30FB
85EA	938		U+30FB
85EB	939		U+30FB
85EC	940		U+30FB
85ED	941		U+30FB
85EE	942		U+30FB
85EF	943		U+30FB
85F0	944		U+30FB
85F1	945		U+30FB
85F2	946		U+30FB
85F3	947		U+30FB
85F4	948		U+30FB
85F5	949		U+30FB
85F6	950		U+30FB
85F7	951		U+30FB
85F8	952		U+30FB
85F9	953		U+30FB
85FA	954		U+30FB
85FB	955		U+30FB
85FC	956		U+30FB
8640	960		U+30FB
8641	961		U+30FB
8642	962		U+30FB
8643	963		U+30FB
8644	964		U+30FB
8645	965		U+30FB
8646	966		U+30FB
8647	967		U+30FB
8648	968		U+30FB
8649	969		U+30FB
864A	970		U+30FB
864B	971		U+30FB
864C	972		U+30FB
864D	973		U+30FB
864E	974		U+30FB
864F	975		U+30FB
8650	976		U+30FB
8651	977		U+30FB
8652	978		U+30FB
8653	979		U+30FB
8654	980		U+30FB
8655	981		U+30FB
8656	982		U+30FB
8657	983		U+30FB
8658	984		U+30FB
8659	985		U+30FB
865A	986		U+30FB
865B	987		U+30FB
865C	988		U+30FB
865D	989		U+30FB
865E	990		U+30FB
865F	991		U+30FB
8660	992		U+30FB
8661	993		U+30FB
8662	994		U+30FB
8663	995		U+30FB
8664	996		U+30FB
8665	997		U+30FB
8666	998		U+30FB
8667	999		U+30FB
8668	1000		U+30FB
8669	1001		U+30FB
866A	1002		U+30FB
866B	1003		U+30FB
866C	1004		U+30FB
866D	1005		U+30FB
866E	1006		U+30FB
866F	1007		U+30FB
8670	1008		U+30FB
8671	1009		U+30FB
8672	1010		U+30FB
8673	1011		U+30FB
8674	1012		U+30FB
8675	1013		U+30FB
8676	1014		U+30FB
8677	1015		U+30FB
8678	1016		U+30FB
8679	1017		U+30FB
867A	1018		U+30FB
867B	1019		U+30FB
867C	1020		U+30FB
867D	1021		U+30FB
867E	1022		U+30FB
8680	1024		U+30FB
8681	1025		U+30FB
8682	1026		U+30FB
8683	1027		U+30FB
8684	1028		U+30FB
8685	1029		U+30FB
8686	1030		U+30FB
8687	1031		U+30FB
8688	1032		U+30FB
8689	1033		U+30FB
868A	1034		U+30FB
868B	1035		U+30FB
868C	1036		U+30FB
868D	1037		U+30FB
868E	1038		U+30FB
868F	1039		U+30FB
8690	1040		U+30FB
8691	1041		U+30FB
8692	1042		U+30FB
8693	1043		U+30FB
8694	1044		U+30FB
8695	1045		U+30FB
8696	1046		U+30FB
8697	1047		U+30FB
8698	1048		U+30FB
8699	1049		U+30FB
869A	1050		U+30FB
869B	1051		U+30FB
869C	1052		U+30FB
869D	1053		U+30FB
869E	1054		U+30FB
869F	1055		U+30FB
86A0	1056		U+30FB
86A1	1057		U+30FB
86A2	1058		U+30FB
86A3	1059		U+30FB
86A4	1060		U+30FB
86A5	1061		U+30FB
86A6	1062		U+30FB
86A7	1063		U+30FB
86A8	1064		U+30FB
86A9	1065		U+30FB
86AA	1066		U+30FB
86AB	1067		U+30FB
86AC	1068		U+30FB
86AD	1069		U+30FB
86AE	1070		U+30FB
86AF	1071		U+30FB
86B0	1072		U+30FB
86B1	1073		U+30FB
86B2	1074		U+30FB
86B3	1075		U+30FB
86B4	1076		U+30FB
86B5	1077		U+30FB
86B6	1078		U+30FB
86B7	1079		U+30FB
86B8	1080		U+30FB
86B9	1081		U+30FB
86BA	1082		U+30FB
86BB	1083		U+30FB
86BC	1084		U+30FB
86BD	1085		U+30FB
86BE	1086		U+30FB
86BF	1087		U+30FB
86C0	1088		U+30FB
86C1	1089		U+30FB
86C2	1090		U+30FB
86C3	1091		U+30FB
86C4	1092		U+30FB
86C5	1093		U+30FB
86C6	1094		U+30FB
86C7	1095		U+30FB
86C8	1096		U+30FB
86C9	1097		U+30FB
86CA	1098		U+30FB
86CB	1099		U+30FB
86CC	1100		U+30FB
86CD	1101		U+30FB
86CE	1102		U+30FB
86CF	1103		U+30FB
86D0	1104		U+30FB
86D1	1105		U+30FB
86D2	1106		U+30FB
86D3	1107		U+30FB
86D4	1108		U+30FB
86D5	1109		U+30FB
86D6	1110		U+30FB
86D7	1111		U+30FB
86D8	1112		U+30FB
86D9	1113		U+30FB
86DA	1114		U+30FB
86DB	1115		U+30FB
86DC	1116		U+30FB
86DD	1117		U+30FB
86DE	1118		U+30FB
86DF	1119		U+30FB
86E0	1120		U+30FB
86E1	1121		U+30FB
86E2	1122		U+30FB
86E3	1123		U+30FB
86E4	1124		U+30FB
86E5	1125		U+30FB
86E6	1126		U+30FB
86E7	1127		U+30FB
86E8	1128		U+30FB
86E9	1129		U+30FB
86EA	1130		U+30FB
86EB	1131		U+30FB
86EC	1132		U+30FB
86ED	1133		U+30FB
86EE	1134		U+30FB
86EF	1135		U+30FB
86F0	1136		U+30FB
86F1	1137		U+30FB
86F2	1138		U+30FB
86F3	1139		U+30FB
86F4	1140		U+30FB
86F5	1141		U+30FB
86F6	1142		U+30FB
86F7	1143		U+30FB
86F8	1144		U+30FB
86F9	1145		U+30FB
86FA	1146		U+30FB
86FB	1147		U+30FB
86FC	1148		U+30FB
8740	1152		U+2460
8741	1153		U+2461
8742	1154		U+2462
8743	1155		U+2463
8744	1156		U+2464
8745	1157		U+2465
8746	1158		U+2466
8747	1159		U+2467
8748	1160		U+2468
8749	1161		U+2469
874A	1162		U+246A
874B	1163		U+246B
874C	1164		U+246C
874D	1165		U+246D
874E	1166		U+246E
874F	1167		U+246F
8750	1168		U+2470
8751	1169		U+2471
8752	1170		U+2472
8753	1171		U+2473
8754	1172		U+2160
8755	1173		U+2161
8756	1174		U+2162
8757	1175		U+2163
8758	1176		U+2164
8759	1177		U+2165
875A	1178		U+2166
875B	1179		U+2167
875C	1180		U+2168
875D	1181		U+2169
875E	1182		U+30FB
875F	1183		U+3349
8760	1184		U+3314
8761	1185		U+3322
8762	1186		U+334D
8763	1187		U+3318
8764	1188		U+3327
8765	1189		U+3303
8766	1190		U+3336
8767	1191		U+3351
8768	1192		U+3357
8769	1193		U+330D
876A	1194		U+3326
876B	1195		U+3323
876C	1196		U+332B
876D	1197		U+334A
876E	1198		U+333B
876F	1199		U+339C
8770	1200		U+339D
8771	1201		U+339E
8772	1202		U+338E
8773	1203		U+338F
8774	1204		U+33C4
8775	1205		U+33A1
8776	1206		U+30FB
8777	1207		U+30FB
8778	1208		U+30FB
8779	1209		U+30FB
877A	1210		U+30FB
877B	1211		U+30FB
877C	1212		U+30FB
877D	1213		U+30FB
877E	1214		U+337B
8780	1216		U+301D
8781	1217		U+301F
8782	1218		U+2116
8783	1219		U+33CD
8784	1220		U+2121
8785	1221		U+32A4
8786	1222		U+32A5
8787	1223		U+32A6
8788	1224		U+32A7
8789	1225		U+32A8
878A	1226		U+3231
878B	1227		U+3232
878C	1228		U+3239
878D	1229		U+337E
878E	1230		U+337D
878F	1231		U+337C
8790	1232		U+2252
8791	1233		U+2261
8792	1234		U+222B
8793	1235		U+222E
8794	1236		U+2211
8795	1237		U+221A
8796	1238		U+22A5
8797	1239		U+2220
8798	1240		U+221F
8799	1241		U+22BF
879A	1242		U+2235
879B	1243		U+2229
879C	1244		U+222A
879D	1245		U+30FB
879E	1246		U+30FB
879F	1247		U+30FB
87A0	1248		U+30FB
87A1	1249		U+30FB
87A2	1250		U+30FB
87A3	1251		U+30FB
87A4	1252		U+30FB
87A5	1253		U+30FB
87A6	1254		U+30FB
87A7	1255		U+30FB
87A8	1256		U+30FB
87A9	1257		U+30FB
87AA	1258		U+30FB
87AB	1259		U+30FB
87AC	1260		U+30FB
87AD	1261		U+30FB
87AE	1262		U+30FB
87AF	1263		U+30FB
87B0	1264		U+30FB
87B1	1265		U+30FB
87B2	1266		U+30FB
87B3	1267		U+30FB
87B4	1268		U+30FB
87B5	1269		U+30FB
87B6	1270		U+30FB
87B7	1271		U+30FB
87B8	1272		U+30FB
87B9	1273		U+30FB
87BA	1274		U+30FB
87BB	1275		U+30FB
87BC	1276		U+30FB
87BD	1277		U+30FB
87BE	1278		U+30FB
87BF	1279		U+30FB
87C0	1280		U+30FB
87C1	1281		U+30FB
87C2	1282		U+30FB
87C3	1283		U+30FB
87C4	1284		U+30FB
87C5	1285		U+30FB
87C6	1286		U+30FB
87C7	1287		U+30FB
87C8	1288		U+30FB
87C9	1289		U+30FB
87CA	1290		U+30FB
87CB	1291		U+30FB
87CC	1292		U+30FB
87CD	1293		U+30FB
87CE	1294		U+30FB
87CF	1295		U+30FB
87D0	1296		U+30FB
87D1	1297		U+30FB
87D2	1298		U+30FB
87D3	1299		U+30FB
87D4	1300		U+30FB
87D5	1301		U+30FB
87D6	1302		U+30FB
87D7	1303		U+30FB
87D8	1304		U+30FB
87D9	1305		U+30FB
87DA	1306		U+30FB
87DB	1307		U+30FB
87DC	1308		U+30FB
87DD	1309		U+30FB
87DE	1310		U+30FB
87DF	1311		U+30FB
87E0	1312		U+30FB
87E1	1313		U+30FB
87E2	1314		U+30FB
87E3	1315		U+30FB
87E4	1316		U+30FB
87E5	1317		U+30FB
87E6	1318		U+30FB
87E7	1319		U+30FB
87E8	1320		U+30FB
87E9	1321		U+30FB
87EA	1322		U+30FB
87EB	1323		U+30FB
87EC	1324		U+30FB
87ED	1325		U+30FB
87EE	1326		U+30FB
87EF	1327		U+30FB
87F0	1328		U+30FB
87F1	1329		U+30FB
87F2	1330		U+30FB
87F3	1331		U+30FB
87F4	1332		U+30FB
87F5	1333		U+30FB
87F6	1334		U+30FB
87F7	1335		U+30FB
87F8	1336		U+30FB
87F9	1337		U+30FB
87FA	1338		U+30FB
87FB	1339		U+30FB
87FC	1340		U+30FB
8840	1344		U+30FB
8841	1345		U+30FB
8842	1346		U+30FB
8843	1347		U+30FB
8844	1348		U+30FB
8845	1349		U+30FB
8846	1350		U+30FB
8847	1351		U+30FB
8848	1352		U+30FB
8849	1353		U+30FB
884A	1354		U+30FB
884B	1355		U+30FB
884C	1356		U+30FB
884D	1357		U+30FB
884E	1358		U+30FB
884F	1359		U+30FB
8850	1360		U+30FB
8851	1361		U+30FB
8852	1362		U+30FB
8853	1363		U+30FB
8854	1364		U+30FB
8855	1365		U+30FB
8856	1366		U+30FB
8857	1367		U+30FB
8858	1368		U+30FB
8859	1369		U+30FB
885A	1370		U+30FB
885B	1371		U+30FB
885C	1372		U+30FB
885D	1373		U+30FB
885E	1374		U+30FB
885F	1375		U+30FB
8860	1376		U+30FB
8861	1377		U+30FB
8862	1378		U+30FB
8863	1379		U+30FB
8864	1380		U+30FB
8865	1381		U+30FB
8866	1382		U+30FB
8867	1383		U+30FB
8868	1384		U+30FB
8869	1385		U+30FB
886A	1386		U+30FB
886B	1387		U+30FB
886C	1388		U+30FB
886D	1389		U+30FB
886E	1390		U+30FB
886F	1391		U+30FB
8870	1392		U+30FB
8871	1393		U+30FB
8872	1394		U+30FB
8873	1395		U+30FB
8874	1396		U+30FB
8875	1397		U+30FB
8876	1398		U+30FB
8877	1399		U+30FB
8878	1400		U+30FB
8879	1401		U+30FB
887A	1402		U+30FB
887B	1403		U+30FB
887C	1404		U+30FB
887D	1405		U+30FB
887E	1406		U+30FB
8880	1408		U+30FB
8881	1409		U+30FB
8882	1410		U+30FB
8883	1411		U+30FB
8884	1412		U+30FB
8885	1413		U+30FB
8886	1414		U+30FB
8887	1415		U+30FB
8888	1416		U+30FB
8889	1417		U+30FB
888A	1418		U+30FB
888B	1419		U+30FB
888C	1420		U+30FB
888D	1421		U+30FB
888E	1422		U+30FB
888F	1423		U+30FB
8890	1424		U+30FB
8891	1425		U+30FB
8892	1426		U+30FB
8893	1427		U+30FB
8894	1428		U+30FB
8895	1429		U+30FB
8896	1430		U+30FB
8897	1431		U+30FB
8898	1432		U+30FB
8899	1433		U+30FB
889A	1434		U+30FB
889B	1435		U+30FB
889C	1436		U+30FB
889D	1437		U+30FB
889E	1438		U+30FB
889F	1439	U+4E9C	U+4E9C
88A0	1440	U+5516	U+5516
88A1	1441	U+5A03	U+5A03
88A2	1442	U+963F	U+963F
88A3	1443	U+54C0	U+54C0
88A4	1444	U+611B	U+611B
88A5	1445	U+6328	U+6328
88A6	1446	U+59F6	U+59F6
88A7	1447	U+9022	U+9022
88A8	1448	U+8475	U+8475
88A9	1449	U+831C	U+831C
88AA	1450	U+7A50	U+7A50
88AB	1451	U+60AA	U+60AA
88AC	1452	U+63E1	U+63E1
88AD	1453	U+6E25	U+6E25
88AE	1454	U+65ED	U+65ED
88AF	1455	U+8466	U+8466
88B0	1456	U+82A6	U+82A6
88B1	1457	U+9BF5	U+9BF5
88B2	1458	U+6893	U+6893
88B3	1459	U+5727	U+5727
88B4	1460	U+65A1	U+65A1
88B5	1461	U+6271	U+6271
88B6	1462	U+5B9B	U+5B9B
88B7	1463	U+59D0	U+59D0
88B8	1464	U+867B	U+867B
88B9	1465	U+98F4	U+98F4
88BA	1466	U+7D62	U+7D62
88BB	1467	U+7DBE	U+7DBE
88BC	1468	U+9B8E	U+9B8E
88BD	1469	U+6216	U+6216
88BE	1470	U+7C9F	U+7C9F
88BF	1471	U+88B7	U+88B7
88C0	1472	U+5B89	U+5B89
88C1	1473	U+5EB5	U+5EB5
88C2	1474	U+6309	U+6309
88C3	1475	U+6697	U+6697
88C4	1476	U+6848	U+6848
88C5	1477	U+95C7	U+95C7
88C6	1478	U+978D	U+978D
88C7	1479	U+674F	U+674F
88C8	1480	U+4EE5	U+4EE5
88C9	1481	U+4F0A	U+4F0A
88CA	1482	U+4F4D	U+4F4D
88CB	1483	U+4F9D	U+4F9D
88CC	1484	U+5049	U+5049
88CD	1485	U+56F2	U+56F2
88CE	1486	U+5937	U+5937
88CF	1487	U+59D4	U+59D4
88D0	1488	U+5A01	U+5A01
88D1	1489	U+5C09	U+5C09
88D2	1490	U+60DF	U+60DF
88D3	1491	U+610F	U+610F
88D4	1492	U+6170	U+6170
88D5	1493	U+6613	U+6613
88D6	1494	U+6905	U+6905
88D7	1495	U+70BA	U+70BA
88D8	1496	U+754F	U+754F
88D9	1497	U+7570	U+7570
88DA	1498	U+79FB	U+79FB
88DB	1499	U+7DAD	U+7DAD
88DC	1500	U+7DEF	U+7DEF
88DD	1501	U+80C3	U+80C3
88DE	1502	U+840E	U+840E
88DF	1503	U+8863	U+8863
88E0	1504	U+8B02	U+8B02
88E1	1505	U+9055	U+9055
88E2	1506	U+907A	U+907A
88E3	1507	U+533B	U+533B
88E4	1508	U+4E95	U+4E95
88E5	1509	U+4EA5	U+4EA5
88E6	1510	U+57DF	U+57DF
88E7	1511	U+80B2	U+80B2
88E8	1512	U+90C1	U+90C1
88E9	1513	U+78EF	U+78EF
88EA	1514	U+4E00	U+4E00
88EB	1515	U+58F1	U+58F1
88EC	1516	U+6EA2	U+6EA2
88ED	1517	U+9038	U+9038
88EE	1518	U+7A32	U+7A32
88EF	1519	U+8328	U+8328
88F0	1520	U+828B	U+828B
88F1	1521	U+9C2F	U+9C2F
88F2	1522	U+5141	U+5141
88F3	1523	U+5370	U+5370
88F4	1524	U+54BD	U+54BD
88F5	1525	U+54E1	U+54E1
88F6	1526	U+56E0	U+56E0
88F7	1527	U+59FB	U+59FB
88F8	1528	U+5F15	U+5F15
88F9	1529	U+98F2	U+98F2
88FA	1530	U+6DEB	U+6DEB
88FB	1531	U+80E4	U+80E4
88FC	1532	U+852D	U+852D
8940	1536	U+9662	U+9662
8941	1537	U+9670	U+9670
8942	1538	U+96A0	U+96A0
8943	1539	U+97FB	U+97FB
8944	1540	U+540B	U+540B
8945	1541	U+53F3	U+53F3
8946	1542	U+5B87	U+5B87
8947	1543	U+70CF	U+70CF
8948	1544	U+7FBD	U+7FBD
8949	1545	U+8FC2	U+8FC2
894A	1546	U+96E8	U+96E8
894B	1547	U+536F	U+536F
894C	1548	U+9D5C	U+9D5C
894D	1549	U+7ABA	U+7ABA
894E	1550	U+4E11	U+4E11
894F	1551	U+7893	U+7893
8950	1552	U+81FC	U+81FC
8951	1553	U+6E26	U+6E26
8952	1554	U+5618	U+5618
8953	1555	U+5504	U+5504
8954	1556	U+6B1D	U+6B1D
8955	1557	U+851A	U+851A
8956	1558	U+9C3B	U+9C3B
8957	1559	U+59E5	U+59E5
8958	1560	U+53A9	U+53A9
8959	1561	U+6D66	U+6D66
895A	1562	U+74DC	U+74DC
895B	1563	U+958F	U+958F
895C	1564	U+5642	U+5642
895D	1565	U+4E91	U+4E91
895E	1566	U+904B	U+904B
895F	1567	U+96F2	U+96F2
8960	1568	U+834F	U+834F
8961	1569	U+990C	U+990C
8962	1570	U+53E1	U+53E1
8963	1571	U+55B6	U+55B6
8964	1572	U+5B30	U+5B30
8965	1573	U+5F71	U+5F71
8966	1574	U+6620	U+6620
8967	1575	U+66F3	U+66F3
8968	1576	U+6804	U+6804
8969	1577	U+6C38	U+6C38
896A	1578	U+6CF3	U+6CF3
896B	1579	U+6D29	U+6D29
896C	1580	U+745B	U+745B
896D	1581	U+76C8	U+76C8
896E	1582	U+7A4E	U+7A4E
896F	1583	U+9834	U+9834
8970	1584	U+82F1	U+82F1
8971	1585	U+885B	U+885B
8972	1586	U+8A60	U+8A60
8973	1587	U+92ED	U+92ED
8974	1588	U+6DB2	U+6DB2
8975	1589	U+75AB	U+75AB
8976	1590	U+76CA	U+76CA
8977	1591	U+99C5	U+99C5
8978	1592	U+60A6	U+60A6
8979	1593	U+8B01	U+8B01
897A	1594	U+8D8A	U+8D8A
897B	1595	U+95B2	U+95B2
897C	1596	U+698E	U+698E
897D	1597	U+53AD	U+53AD
897E	1598	U+5186	U+5186
8980	1600	U+5712	U+5712
8981	1601	U+5830	U+5830
8982	1602	U+5944	U+5944
8983	1603	U+5BB4	U+5BB4
8984	1604	U+5EF6	U+5EF6
8985	1605	U+6028	U+6028
8986	1606	U+63A9	U+63A9
8987	1607	U+63F4	U+63F4
8988	1608	U+6CBF	U+6CBF
8989	1609	U+6F14	U+6F14
898A	1610	U+708E	U+708E
898B	1611	U+7114	U+7114
898C	1612	U+7159	U+7159
898D	1613	U+71D5	U+71D5
898E	1614	U+733F	U+733F
898F	1615	U+7E01	U+7E01
8990	1616	U+8276	U+8276
8991	1617	U+82D1	U+82D1
8992	1618	U+8597	U+8597
8993	1619	U+9060	U+9060
8994	1620	U+925B	U+925B
8995	1621	U+9D1B	U+9D1B
8996	1622	U+5869	U+5869
8997	1623	U+65BC	U+65BC
8998	1624	U+6C5A	U+6C5A
8999	1625	U+7525	U+7525
899A	1626	U+51F9	U+51F9
899B	1627	U+592E	U+592E
899C	1628	U+5965	U+5965
899D	1629	U+5F80	U+5F80
899E	1630	U+5FDC	U+5FDC
899F	1631	U+62BC	U+62BC
89A0	1632	U+65FA	U+65FA
89A1	1633	U+6A2A	U+6A2A
89A2	1634	U+6B27	U+6B27
89A3	1635	U+6BB4	U+6BB4
89A4	1636	U+738B	U+738B
89A5	1637	U+7FC1	U+7FC1
89A6	1638	U+8956	U+8956
89A7	1639	U+9D2C	U+9D2C
89A8	1640	U+9D0E	U+9D0E
89A9	1641	U+9EC4	U+9EC4
89AA	1642	U+5CA1	U+5CA1
89AB	1643	U+6C96	U+6C96
89AC	1644	U+837B	U+837B
89AD	1645	U+5104	U+5104
89AE	1646	U+5C4B	U+5C4B
89AF	1647	U+61B6	U+61B6
89B0	1648	U+81C6	U+81C6
89B1	1649	U+6876	U+6876
89B2	1650	U+7261	U+7261
89B3	1651	U+4E59	U+4E59
89B4	1652	U+4FFA	U+4FFA
89B5	1653	U+5378	U+5378
89B6	1654	U+6069	U+6069
89B7	1655	U+6E29	U+6E29
89B8	1656	U+7A4F	U+7A4F
89B9	1657	U+97F3	U+97F3
89BA	1658	U+4E0B	U+4E0B
89BB	1659	U+5316	U+5316
89BC	1660	U+4EEE	U+4EEE
89BD	1661	U+4F55	U+4F55
89BE	1662	U+4F3D	U+4F3D
89BF	1663	U+4FA1	U+4FA1
89C0	1664	U+4F73	U+4F73
89C1	1665	U+52A0	U+52A0
89C2	1666	U+53EF	U+53EF
89C3	1667	U+5609	U+5609
89C4	1668	U+590F	U+590F
89C5	1669	U+5AC1	U+5AC1
89C6	1670	U+5BB6	U+5BB6
89C7	1671	U+5BE1	U+5BE1
89C8	1672	U+79D1	U+79D1
89C9	1673	U+6687	U+6687
89CA	1674	U+679C	U+679C
89CB	1675	U+67B6	U+67B6
89CC	1676	U+6B4C	U+6B4C
89CD	1677	U+6CB3	U+6CB3
89CE	1678	U+706B	U+706B
89CF	1679	U+73C2	U+73C2
89D0	1680	U+798D	U+798D
89D1	1681	U+79BE	U+79BE
89D2	1682	U+7A3C	U+7A3C
89D3	1683	U+7B87	U+7B87
89D4	1684	U+82B1	U+82B1
89D5	1685	U+82DB	U+82DB
89D6	1686	U+8304	U+8304
89D7	1687	U+8377	U+8377
89D8	1688	U+83EF	U+83EF
89D9	1689	U+83D3	U+83D3
89DA	1690	U+8766	U+8766
89DB	1691	U+8AB2	U+8AB2
89DC	1692	U+5629	U+5629
89DD	1693	U+8CA8	U+8CA8
89DE	1694	U+8FE6	U+8FE6
89DF	1695	U+904E	U+904E
89E0	1696	U+971E	U+971E
89E1	1697	U+868A	U+868A
89E2	1698	U+4FC4	U+4FC4
89E3	1699	U+5CE8	U+5CE8
89E4	1700	U+6211	U+6211
89E5	1701	U+7259	U+7259
89E6	1702	U+753B	U+753B
89E7	1703	U+81E5	U+81E5
89E8	1704	U+82BD	U+82BD
89E9	1705	U+86FE	U+86FE
89EA	1706	U+8CC0	U+8CC0
89EB	1707	U+96C5	U+96C5
89EC	1708	U+9913	U+9913
89ED	1709	U+99D5	U+99D5
89EE	1710	U+4ECB	U+4ECB
89EF	1711	U+4F1A	U+4F1A
89F0	1712	U+89E3	U+89E3
89F1	1713	U+56DE	U+56DE
89F2	1714	U+584A	U+584A
89F3	1715	U+58CA	U+58CA
89F4	1716	U+5EFB	U+5EFB
89F5	1717	U+5FEB	U+5FEB
89F6	1718	U+602A	U+602A
89F7	1719	U+6094	U+6094
89F8	1720	U+6062	U+6062
89F9	1721	U+61D0	U+61D0
89FA	1722	U+6212	U+6212
89FB	1723	U+62D0	U+62D0
89FC	1724	U+6539	U+6539
8A40	1728	U+9B41	U+9B41
8A41	1729	U+6666	U+6666
8A42	1730	U+68B0	U+68B0
8A43	1731	U+6D77	U+6D77
8A44	1732	U+7070	U+7070
8A45	1733	U+754C	U+754C
8A46	1734	U+7686	U+7686
8A47	1735	U+7D75	U+7D75
8A48	1736	U+82A5	U+82A5
8A49	1737	U+87F9	U+87F9
8A4A	1738	U+958B	U+958B
8A4B	1739	U+968E	U+968E
8A4C	1740	U+8C9D	U+8C9D
8A4D	1741	U+51F1	U+51F1
8A4E	1742	U+52BE	U+52BE
8A4F	1743	U+5916	U+5916
8A50	1744	U+54B3	U+54B3
8A51	1745	U+5BB3	U+5BB3
8A52	1746	U+5D16	U+5D16
8A53	1747	U+6168	U+6168
8A54	1748	U+6982	U+6982
8A55	1749	U+6DAF	U+6DAF
8A56	1750	U+788D	U+788D
8A57	1751	U+84CB	U+84CB
8A58	1752	U+8857	U+8857
8A59	1753	U+8A72	U+8A72
8A5A	1754	U+93A7	U+93A7
8A5B	1755	U+9AB8	U+9AB8
8A5C	1756	U+6D6C	U+6D6C
8A5D	1757	U+99A8	U+99A8
8A5E	1758	U+86D9	U+86D9
8A5F	1759	U+57A3	U+57A3
8A60	1760	U+67FF	U+67FF
8A61	1761	U+86CE	U+86CE
8A62	1762	U+920E	U+920E
8A63	1763	U+5283	U+5283
8A64	1764	U+5687	U+5687
8A65	1765	U+5404	U+5404
8A66	1766	U+5ED3	U+5ED3
8A67	1767	U+62E1	U+62E1
8A68	1768	U+64B9	U+64B9
8A69	1769	U+683C	U+683C
8A6A	1770	U+6838	U+6838
8A6B	1771	U+6BBB	U+6BBB
8A6C	1772	U+7372	U+7372
8A6D	1773	U+78BA	U+78BA
8A6E	1774	U+7A6B	U+7A6B
8A6F	1775	U+899A	U+899A
8A70	1776	U+89D2	U+89D2
8A71	1777	U+8D6B	U+8D6B
8A72	1778	U+8F03	U+8F03
8A73	1779	U+90ED	U+90ED
8A74	1780	U+95A3	U+95A3
8A75	1781	U+9694	U+9694
8A76	1782	U+9769	U+9769
8A77	1783	U+5B66	U+5B66
8A78	1784	U+5CB3	U+5CB3
8A79	1785	U+697D	U+697D
8A7A	1786	U+984D	U+984D
8A7B	1787	U+984E	U+984E
8A7C	1788	U+639B	U+639B
8A7D	1789	U+7B20	U+7B20
8A7E	1790	U+6A2B	U+6A2B
8A80	1792	U+6A7F	U+6A7F
8A81	1793	U+68B6	U+68B6
8A82	1794	U+9C0D	U+9C0D
8A83	1795	U+6F5F	U+6F5F
8A84	1796	U+5272	U+5272
8A85	1797	U+559D	U+559D
8A86	1798	U+6070	U+6070
8A87	1799	U+62EC	U+62EC
8A88	1800	U+6D3B	U+6D3B
8A89	1801	U+6E07	U+6E07
8A8A	1802	U+6ED1	U+6ED1
8A8B	1803	U+845B	U+845B
8A8C	1804	U+8910	U+8910
8A8D	1805	U+8F44	U+8F44
8A8E	1806	U+4E14	U+4E14
8A8F	1807	U+9C39	U+9C39
8A90	1808	U+53F6	U+53F6
8A91	1809	U+691B	U+691B
8A92	1810	U+6A3A	U+6A3A
8A93	1811	U+9784	U+9784
8A94	1812	U+682A	U+682A
8A95	1813	U+515C	U+515C
8A96	1814	U+7AC3	U+7AC3
8A97	1815	U+84B2	U+84B2
8A98	1816	U+91DC	U+91DC
8A99	1817	U+938C	U+938C
8A9A	1818	U+565B	U+565B
8A9B	1819	U+9D28	U+9D28
8A9C	1820	U+6822	U+6822
8A9D	1821	U+8305	U+8305
8A9E	1822	U+8431	U+8431
8A9F	1823	U+7CA5	U+7CA5
8AA0	1824	U+5208	U+5208
8AA1	1825	U+82C5	U+82C5
8AA2	1826	U+74E6	U+74E6
8AA3	1827	U+4E7E	U+4E7E
8AA4	1828	U+4F83	U+4F83
8AA5	1829	U+51A0	U+51A0
8AA6	1830	U+5BD2	U+5BD2
8AA7	1831	U+520A	U+520A
8AA8	1832	U+52D8	U+52D8
8AA9	1833	U+52E7	U+52E7
8AAA	1834	U+5DFB	U+5DFB
8AAB	1835	U+559A	U+559A
8AAC	1836	U+582A	U+582A
8AAD	1837	U+59E6	U+59E6
8AAE	1838	U+5B8C	U+5B8C
8AAF	1839	U+5B98	U+5B98
8AB0	1840	U+5BDB	U+5BDB
8AB1	1841	U+5E72	U+5E72
8AB2	1842	U+5E79	U+5E79
8AB3	1843	U+60A3	U+60A3
8AB4	1844	U+611F	U+611F
8AB5	1845	U+6163	U+6163
8AB6	1846	U+61BE	U+61BE
8AB7	1847	U+63DB	U+63DB
8AB8	1848	U+6562	U+6562
8AB9	1849	U+67D1	U+67D1
8ABA	1850	U+6853	U+6853
8ABB	1851	U+68FA	U+68FA
8ABC	1852	U+6B3E	U+6B3E
8ABD	1853	U+6B53	U+6B53
8ABE	1854	U+6C57	U+6C57
8ABF	1855	U+6F22	U+6F22
8AC0	1856	U+6F97	U+6F97
8AC1	1857	U+6F45	U+6F45
8AC2	1858	U+74B0	U+74B0
8AC3	1859	U+7518	U+7518
8AC4	1860	U+76E3	U+76E3
8AC5	1861	U+770B	U+770B
8AC6	1862	U+7AFF	U+7AFF
8AC7	1863	U+7BA1	U+7BA1
8AC8	1864	U+7C21	U+7C21
8AC9	1865	U+7DE9	U+7DE9
8ACA	1866	U+7F36	U+7F36
8ACB	1867	U+7FF0	U+7FF0
8ACC	1868	U+809D	U+809D
8ACD	1869	U+8266	U+8266
8ACE	1870	U+839E	U+839E
8ACF	1871	U+89B3	U+89B3
8AD0	1872	U+8ACC	U+8ACC
8AD1	1873	U+8CAB	U+8CAB
8AD2	1874	U+9084	U+9084
8AD3	1875	U+9451	U+9451
8AD4	1876	U+9593	U+9593
8AD5	1877	U+9591	U+9591
8AD6	1878	U+95A2	U+95A2
8AD7	1879	U+9665	U+9665
8AD8	1880	U+97D3	U+97D3
8AD9	1881	U+9928	U+9928
8ADA	1882	U+8218	U+8218
8ADB	1883	U+4E38	U+4E38
8ADC	1884	U+542B	U+542B
8ADD	1885	U+5CB8	U+5CB8
8ADE	1886	U+5DCC	U+5DCC
8ADF	1887	U+73A9	U+73A9
8AE0	1888	U+764C	U+764C
8AE1	1889	U+773C	U+773C
8AE2	1890	U+5CA9	U+5CA9
8AE3	1891	U+7FEB	U+7FEB
8AE4	1892	U+8D0B	U+8D0B
8AE5	1893	U+96C1	U+96C1
8AE6	1894	U+9811	U+9811
8AE7	1895	U+9854	U+9854
8AE8	1896	U+9858	U+9858
8AE9	1897	U+4F01	U+4F01
8AEA	1898	U+4F0E	U+4F0E
8AEB	1899	U+5371	U+5371
8AEC	1900	U+559C	U+559C
8AED	1901	U+5668	U+5668
8AEE	1902	U+57FA	U+57FA
8AEF	1903	U+5947	U+5947
8AF0	1904	U+5B09	U+5B09
8AF1	1905	U+5BC4	U+5BC4
8AF2	1906	U+5C90	U+5C90
8AF3	1907	U+5E0C	U+5E0C
8AF4	1908	U+5E7E	U+5E7E
8AF5	1909	U+5FCC	U+5FCC
8AF6	1910	U+63EE	U+63EE
8AF7	1911	U+673A	U+673A
8AF8	1912	U+65D7	U+65D7
8AF9	1913	U+65E2	U+65E2
8AFA	1914	U+671F	U+671F
8AFB	1915	U+68CB	U+68CB
8AFC	1916	U+68C4	U+68C4
8B40	1920	U+6A5F	U+6A5F
8B41	1921	U+5E30	U+5E30
8B42	1922	U+6BC5	U+6BC5
8B43	1923	U+6C17	U+6C17
8B44	1924	U+6C7D	U+6C7D
8B45	1925	U+757F	U+757F
8B46	1926	U+7948	U+7948
8B47	1927	U+5B63	U+5B63
8B48	1928	U+7A00	U+7A00
8B49	1929	U+7D00	U+7D00
8B4A	1930	U+5FBD	U+5FBD
8B4B	1931	U+898F	U+898F
8B4C	1932	U+8A18	U+8A18
8B4D	1933	U+8CB4	U+8CB4
8B4E	1934	U+8D77	U+8D77
8B4F	1935	U+8ECC	U+8ECC
8B50	1936	U+8F1D	U+8F1D
8B51	1937	U+98E2	U+98E2
8B52	1938	U+9A0E	U+9A0E
8B53	1939	U+9B3C	U+9B3C
8B54	1940	U+4E80	U+4E80
8B55	1941	U+507D	U+507D
8B56	1942	U+5100	U+5100
8B57	1943	U+5993	U+5993
8B58	1944	U+5B9C	U+5B9C
8B59	1945	U+622F	U+622F
8B5A	1946	U+6280	U+6280
8B5B	1947	U+64EC	U+64EC
8B5C	1948	U+6B3A	U+6B3A
8B5D	1949	U+72A0	U+72A0
8B5E	1950	U+7591	U+7591
8B5F	1951	U+7947	U+7947
8B60	1952	U+7FA9	U+7FA9
8B61	1953	U+87FB	U+87FB
8B62	1954	U+8ABC	U+8ABC
8B63	1955	U+8B70	U+8B70
8B64	1956	U+63AC	U+63AC
8B65	1957	U+83CA	U+83CA
8B66	1958	U+97A0	U+97A0
8B67	1959	U+5409	U+5409
8B68	1960	U+5403	U+5403
8B69	1961	U+55AB	U+55AB
8B6A	1962	U+6854	U+6854
8B6B	1963	U+6A58	U+6A58
8B6C	1964	U+8A70	U+8A70
8B6D	1965	U+7827	U+7827
8B6E	1966	U+6775	U+6775
8B6F	1967	U+9ECD	U+9ECD
8B70	1968	U+5374	U+5374
8B71	1969	U+5BA2	U+5BA2
8B72	1970	U+811A	U+811A
8B73	1971	U+8650	U+8650
8B74	1972	U+9006	U+9006
8B75	1973	U+4E18	U+4E18
8B76	1974	U+4E45	U+4E45
8B77	1975	U+4EC7	U+4EC7
8B78	1976	U+4F11	U+4F11
8B79	1977	U+53CA	U+53CA
8B7A	1978	U+5438	U+5438
8B7B	1979	U+5BAE	U+5BAE
8B7C	1980	U+5F13	U+5F13
8B7D	1981	U+6025	U+6025
8B7E	1982	U+6551	U+6551
8B80	1984	U+673D	U+673D
8B81	1985	U+6C42	U+6C42
8B82	1986	U+6C72	U+6C72
8B83	1987	U+6CE3	U+6CE3
8B84	1988	U+7078	U+7078
8B85	1989	U+7403	U+7403
8B86	1990	U+7A76	U+7A76
8B87	1991	U+7AAE	U+7AAE
8B88	1992	U+7B08	U+7B08
8B89	1993	U+7D1A	U+7D1A
8B8A	1994	U+7CFE	U+7CFE
8B8B	1995	U+7D66	U+7D66
8B8C	1996	U+65E7	U+65E7
8B8D	1997	U+725B	U+725B
8B8E	1998	U+53BB	U+53BB
8B8F	1999	U+5C45	U+5C45
8B90	2000	U+5DE8	U+5DE8
8B91	2001	U+62D2	U+62D2
8B92	2002	U+62E0	U+62E0
8B93	2003	U+6319	U+6319
8B94	2004	U+6E20	U+6E20
8B95	2005	U+865A	U+865A
8B96	2006	U+8A31	U+8A31
8B97	2007	U+8DDD	U+8DDD
8B98	2008	U+92F8	U+92F8
8B99	2009	U+6F01	U+6F01
8B9A	2010	U+79A6	U+79A6
8B9B	2011	U+9B5A	U+9B5A
8B9C	2012	U+4EA8	U+4EA8
8B9D	2013	U+4EAB	U+4EAB
8B9E	2014	U+4EAC	U+4EAC
8B9F	2015	U+4F9B	U+4F9B
8BA0	2016	U+4FA0	U+4FA0
8BA1	2017	U+50D1	U+50D1
8BA2	2018	U+5147	U+5147
8BA3	2019	U+7AF6	U+7AF6
8BA4	2020	U+5171	U+5171
8BA5	2021	U+51F6	U+51F6
8BA6	2022	U+5354	U+5354
8BA7	2023	U+5321	U+5321
8BA8	2024	U+537F	U+537F
8BA9	2025	U+53EB	U+53EB
8BAA	2026	U+55AC	U+55AC
8BAB	2027	U+5883	U+5883
8BAC	2028	U+5CE1	U+5CE1
8BAD	2029	U+5F37	U+5F37
8BAE	2030	U+5F4A	U+5F4A
8BAF	2031	U+602F	U+602F
8BB0	2032	U+6050	U+6050
8BB1	2033	U+606D	U+606D
8BB2	2034	U+631F	U+631F
8BB3	2035	U+6559	U+6559
8BB4	2036	U+6A4B	U+6A4B
8BB5	2037	U+6CC1	U+6CC1
8BB6	2038	U+72C2	U+72C2
8BB7	2039	U+72ED	U+72ED
8BB8	2040	U+77EF	U+77EF
8BB9	2041	U+80F8	U+80F8
8BBA	2042	U+8105	U+8105
8BBB	2043	U+8208	U+8208
8BBC	2044	U+854E	U+854E
8BBD	2045	U+90F7	U+90F7
8BBE	2046	U+93E1	U+93E1
8BBF	2047	U+97FF	U+97FF
8BC0	2048	U+9957	U+9957
8BC1	2049	U+9A5A	U+9A5A
8BC2	2050	U+4EF0	U+4EF0
8BC3	2051	U+51DD	U+51DD
8BC4	2052	U+5C2D	U+5C2D
8BC5	2053	U+6681	U+6681
8BC6	2054	U+696D	U+696D
8BC7	2055	U+5C40	U+5C40
8BC8	2056	U+66F2	U+66F2
8BC9	2057	U+6975	U+6975
8BCA	2058	U+7389	U+7389
8BCB	2059	U+6850	U+6850
8BCC	2060	U+7C81	U+7C81
8BCD	2061	U+50C5	U+50C5
8BCE	2062	U+52E4	U+52E4
8BCF	2063	U+5747	U+5747
8BD0	2064	U+5DFE	U+5DFE
8BD1	2065	U+9326	U+9326
8BD2	2066	U+65A4	U+65A4
8BD3	2067	U+6B23	U+6B23
8BD4	2068	U+6B3D	U+6B3D
8BD5	2069	U+7434	U+7434
8BD6	2070	U+7981	U+7981
8BD7	2071	U+79BD	U+79BD
8BD8	2072	U+7B4B	U+7B4B
8BD9	2073	U+7DCA	U+7DCA
8BDA	2074	U+82B9	U+82B9
8BDB	2075	U+83CC	U+83CC
8BDC	2076	U+887F	U+887F
8BDD	2077	U+895F	U+895F
8BDE	2078	U+8B39	U+8B39
8BDF	2079	U+8FD1	U+8FD1
8BE0	2080	U+91D1	U+91D1
8BE1	2081	U+541F	U+541F
8BE2	2082	U+9280	U+9280
8BE3	2083	U+4E5D	U+4E5D
8BE4	2084	U+5036	U+5036
8BE5	2085	U+53E5	U+53E5
8BE6	2086	U+533A	U+533A
8BE7	2087	U+72D7	U+72D7
8BE8	2088	U+7396	U+7396
8BE9	2089	U+77E9	U+77E9
8BEA	2090	U+82E6	U+82E6
8BEB	2091	U+8EAF	U+8EAF
8BEC	2092	U+99C6	U+99C6
8BED	2093	U+99C8	U+99C8
8BEE	2094	U+99D2	U+99D2
8BEF	2095	U+5177	U+5177
8BF0	2096	U+611A	U+611A
8BF1	2097	U+865E	U+865E
8BF2	2098	U+55B0	U+55B0
8BF3	2099	U+7A7A	U+7A7A
8BF4	2100	U+5076	U+5076
8BF5	2101	U+5BD3	U+5BD3
8BF6	2102	U+9047	U+9047
8BF7	2103	U+9685	U+9685
8BF8	2104	U+4E32	U+4E32
8BF9	2105	U+6ADB	U+6ADB
8BFA	2106	U+91E7	U+91E7
8BFB	2107	U+5C51	U+5C51
8BFC	2108	U+5C48	U+5C48
8C40	2112	U+6398	U+6398
8C41	2113	U+7A9F	U+7A9F
8C42	2114	U+6C93	U+6C93
8C43	2115	U+9774	U+9774
8C44	2116	U+8F61	U+8F61
8C45	2117	U+7AAA	U+7AAA
8C46	2118	U+718A	U+718A
8C47	2119	U+9688	U+9688
8C48	2120	U+7C82	U+7C82
8C49	2121	U+6817	U+6817
8C4A	2122	U+7E70	U+7E70
8C4B	2123	U+6851	U+6851
8C4C	2124	U+936C	U+936C
8C4D	2125	U+52F2	U+52F2
8C4E	2126	U+541B	U+541B
8C4F	2127	U+85AB	U+85AB
8C50	2128	U+8A13	U+8A13
8C51	2129	U+7FA4	U+7FA4
8C52	2130	U+8ECD	U+8ECD
8C53	2131	U+90E1	U+90E1
8C54	2132	U+5366	U+5366
8C55	2133	U+8888	U+8888
8C56	2134	U+7941	U+7941
8C57	2135	U+4FC2	U+4FC2
8C58	2136	U+50BE	U+50BE
8C59	2137	U+5211	U+5211
8C5A	2138	U+5144	U+5144
8C5B	2139	U+5553	U+5553
8C5C	2140	U+572D	U+572D
8C5D	2141	U+73EA	U+73EA
8C5E	2142	U+578B	U+578B
8C5F	2143	U+5951	U+5951
8C60	2144	U+5F62	U+5F62
8C61	2145	U+5F84	U+5F84
8C62	2146	U+6075	U+6075
8C63	2147	U+6176	U+6176
8C64	2148	U+6167	U+6167
8C65	2149	U+61A9	U+61A9
8C66	2150	U+63B2	U+63B2
8C67	2151	U+643A	U+643A
8C68	2152	U+656C	U+656C
8C69	2153	U+666F	U+666F
8C6A	2154	U+6842	U+6842
8C6B	2155	U+6E13	U+6E13
8C6C	2156	U+7566	U+7566
8C6D	2157	U+7A3D	U+7A3D
8C6E	2158	U+7CFB	U+7CFB
8C6F	2159	U+7D4C	U+7D4C
8C70	2160	U+7D99	U+7D99
8C71	2161	U+7E4B	U+7E4B
8C72	2162	U+7F6B	U+7F6B
8C73	2163	U+830E	U+830E
8C74	2164	U+834A	U+834A
8C75	2165	U+86CD	U+86CD
8C76	2166	U+8A08	U+8A08
8C77	2167	U+8A63	U+8A63
8C78	2168	U+8B66	U+8B66
8C79	2169	U+8EFD	U+8EFD
8C7A	2170	U+981A	U+981A
8C7B	2171	U+9D8F	U+9D8F
8C7C	2172	U+82B8	U+82B8
8C7D	2173	U+8FCE	U+8FCE
8C7E	2174	U+9BE8	U+9BE8
8C80	2176	U+5287	U+5287
8C81	2177	U+621F	U+621F
8C82	2178	U+6483	U+6483
8C83	2179	U+6FC0	U+6FC0
8C84	2180	U+9699	U+9699
8C85	2181	U+6841	U+6841
8C86	2182	U+5091	U+5091
8C87	2183	U+6B20	U+6B20
8C88	2184	U+6C7A	U+6C7A
8C89	2185	U+6F54	U+6F54
8C8A	2186	U+7A74	U+7A74
8C8B	2187	U+7D50	U+7D50
8C8C	2188	U+8840	U+8840
8C8D	2189	U+8A23	U+8A23
8C8E	2190	U+6708	U+6708
8C8F	2191	U+4EF6	U+4EF6
8C90	2192	U+5039	U+5039
8C91	2193	U+5026	U+5026
8C92	2194	U+5065	U+5065
8C93	2195	U+517C	U+517C
8C94	2196	U+5238	U+5238
8C95	2197	U+5263	U+5263
8C96	2198	U+55A7	U+55A7
8C97	2199	U+570F	U+570F
8C98	2200	U+5805	U+5805
8C99	2201	U+5ACC	U+5ACC
8C9A	2202	U+5EFA	U+5EFA
8C9B	2203	U+61B2	U+61B2
8C9C	2204	U+61F8	U+61F8
8C9D	2205	U+62F3	U+62F3
8C9E	2206	U+6372	U+6372
8C9F	2207	U+691C	U+691C
8CA0	2208	U+6A29	U+6A29
8CA1	2209	U+727D	U+727D
8CA2	2210	U+72AC	U+72AC
8CA3	2211	U+732E	U+732E
8CA4	2212	U+7814	U+7814
8CA5	2213	U+786F	U+786F
8CA6	2214	U+7D79	U+7D79
8CA7	2215	U+770C	U+770C
8CA8	2216	U+80A9	U+80A9
8CA9	2217	U+898B	U+898B
8CAA	2218	U+8B19	U+8B19
8CAB	2219	U+8CE2	U+8CE2
8CAC	2220	U+8ED2	U+8ED2
8CAD	2221	U+9063	U+9063
8CAE	2222	U+9375	U+9375
8CAF	2223	U+967A	U+967A
8CB0	2224	U+9855	U+9855
8CB1	2225	U+9A13	U+9A13
8CB2	2226	U+9E78	U+9E78
8CB3	2227	U+5143	U+5143
8CB4	2228	U+539F	U+539F
8CB5	2229	U+53B3	U+53B3
8CB6	2230	U+5E7B	U+5E7B
8CB7	2231	U+5F26	U+5F26
8CB8	2232	U+6E1B	U+6E1B
8CB9	2233	U+6E90	U+6E90
8CBA	2234	U+7384	U+7384
8CBB	2235	U+73FE	U+73FE
8CBC	2236	U+7D43	U+7D43
8CBD	2237	U+8237	U+8237
8CBE	2238	U+8A00	U+8A00
8CBF	2239	U+8AFA	U+8AFA
8CC0	2240	U+9650	U+9650
8CC1	2241	U+4E4E	U+4E4E
8CC2	2242	U+500B	U+500B
8CC3	2243	U+53E4	U+53E4
8CC4	2244	U+547C	U+547C
8CC5	2245	U+56FA	U+56FA
8CC6	2246	U+59D1	U+59D1
8CC7	2247	U+5B64	U+5B64
8CC8	2248	U+5DF1	U+5DF1
8CC9	2249	U+5EAB	U+5EAB
8CCA	2250	U+5F27	U+5F27
8CCB	2251	U+6238	U+6238
8CCC	2252	U+6545	U+6545
8CCD	2253	U+67AF	U+67AF
8CCE	2254	U+6E56	U+6E56
8CCF	2255	U+72D0	U+72D0
8CD0	2256	U+7CCA	U+7CCA
8CD1	2257	U+88B4	U+88B4
8CD2	2258	U+80A1	U+80A1
8CD3	2259	U+80E1	U+80E1
8CD4	2260	U+83F0	U+83F0
8CD5	2261	U+864E	U+864E
8CD6	2262	U+8A87	U+8A87
8CD7	2263	U+8DE8	U+8DE8
8CD8	2264	U+9237	U+9237
8CD9	2265	U+96C7	U+96C7
8CDA	2266	U+9867	U+9867
8CDB	2267	U+9F13	U+9F13
8CDC	2268	U+4E94	U+4E94
8CDD	2269	U+4E92	U+4E92
8CDE	2270	U+4F0D	U+4F0D
8CDF	2271	U+5348	U+5348
8CE0	2272	U+5449	U+5449
8CE1	2273	U+543E	U+543E
8CE2	2274	U+5A2F	U+5A2F
8CE3	2275	U+5F8C	U+5F8C
8CE4	2276	U+5FA1	U+5FA1
8CE5	2277	U+609F	U+609F
8CE6	2278	U+68A7	U+68A7
8CE7	2279	U+6A8E	U+6A8E
8CE8	2280	U+745A	U+745A
8CE9	2281	U+7881	U+7881
8CEA	2282	U+8A9E	U+8A9E
8CEB	2283	U+8AA4	U+8AA4
8CEC	2284	U+8B77	U+8B77
8CED	2285	U+9190	U+9190
8CEE	2286	U+4E5E	U+4E5E
8CEF	2287	U+9BC9	U+9BC9
8CF0	2288	U+4EA4	U+4EA4
8CF1	2289	U+4F7C	U+4F7C
8CF2	2290	U+4FAF	U+4FAF
8CF3	2291	U+5019	U+5019
8CF4	2292	U+5016	U+5016
8CF5	2293	U+5149	U+5149
8CF6	2294	U+516C	U+516C
8CF7	2295	U+529F	U+529F
8CF8	2296	U+52B9	U+52B9
8CF9	2297	U+52FE	U+52FE
8CFA	2298	U+539A	U+539A
8CFB	2299	U+53E3	U+53E3
8CFC	2300	U+5411	U+5411
8D40	2304	U+540E	U+540E
8D41	2305	U+5589	U+5589
8D42	2306	U+5751	U+5751
8D43	2307	U+57A2	U+57A2
8D44	2308	U+597D	U+597D
8D45	2309	U+5B54	U+5B54
8D46	2310	U+5B5D	U+5B5D
8D47	2311	U+5B8F	U+5B8F
8D48	2312	U+5DE5	U+5DE5
8D49	2313	U+5DE7	U+5DE7
8D4A	2314	U+5DF7	U+5DF7
8D4B	2315	U+5E78	U+5E78
8D4C	2316	U+5E83	U+5E83
8D4D	2317	U+5E9A	U+5E9A
8D4E	2318	U+5EB7	U+5EB7
8D4F	2319	U+5F18	U+5F18
8D50	2320	U+6052	U+6052
8D51	2321	U+614C	U+614C
8D52	2322	U+6297	U+6297
8D53	2323	U+62D8	U+62D8
8D54	2324	U+63A7	U+63A7
8D55	2325	U+653B	U+653B
8D56	2326	U+6602	U+6602
8D57	2327	U+6643	U+6643
8D58	2328	U+66F4	U+66F4
8D59	2329	U+676D	U+676D
8D5A	2330	U+6821	U+6821
8D5B	2331	U+6897	U+6897
8D5C	2332	U+69CB	U+69CB
8D5D	2333	U+6C5F	U+6C5F
8D5E	2334	U+6D2A	U+6D2A
8D5F	2335	U+6D69	U+6D69
8D60	2336	U+6E2F	U+6E2F
8D61	2337	U+6E9D	U+6E9D
8D62	2338	U+7532	U+7532
8D63	2339	U+7687	U+7687
8D64	2340	U+786C	U+786C
8D65	2341	U+7A3F	U+7A3F
8D66	2342	U+7CE0	U+7CE0
8D67	2343	U+7D05	U+7D05
8D68	2344	U+7D18	U+7D18
8D69	2345	U+7D5E	U+7D5E
8D6A	2346	U+7DB1	U+7DB1
8D6B	2347	U+8015	U+8015
8D6C	2348	U+8003	U+8003
8D6D	2349	U+80AF	U+80AF
8D6E	2350	U+80B1	U+80B1
8D6F	2351	U+8154	U+8154
8D70	2352	U+818F	U+818F
8D71	2353	U+822A	U+822A
8D72	2354	U+8352	U+8352
8D73	2355	U+884C	U+884C
8D74	2356	U+8861	U+8861
8D75	2357	U+8B1B	U+8B1B
8D76	2358	U+8CA2	U+8CA2
8D77	2359	U+8CFC	U+8CFC
8D78	2360	U+90CA	U+90CA
8D79	2361	U+9175	U+9175
8D7A	2362	U+9271	U+9271
8D7B	2363	U+783F	U+783F
8D7C	2364	U+92FC	U+92FC
8D7D	2365	U+95A4	U+95A4
8D7E	2366	U+964D	U+964D
8D80	2368	U+9805	U+9805
8D81	2369	U+9999	U+9999
8D82	2370	U+9AD8	U+9AD8
8D83	2371	U+9D3B	U+9D3B
8D84	2372	U+525B	U+525B
8D85	2373	U+52AB	U+52AB
8D86	2374	U+53F7	U+53F7
8D87	2375	U+5408	U+5408
8D88	2376	U+58D5	U+58D5
8D89	2377	U+62F7	U+62F7
8D8A	2378	U+6FE0	U+6FE0
8D8B	2379	U+8C6A	U+8C6A
8D8C	2380	U+8F5F	U+8F5F
8D8D	2381	U+9EB9	U+9EB9
8D8E	2382	U+514B	U+514B
8D8F	2383	U+523B	U+523B
8D90	2384	U+544A	U+544A
8D91	2385	U+56FD	U+56FD
8D92	2386	U+7A40	U+7A40
8D93	2387	U+9177	U+9177
8D94	2388	U+9D60	U+9D60
8D95	2389	U+9ED2	U+9ED2
8D96	2390	U+7344	U+7344
8D97	2391	U+6F09	U+6F09
8D98	2392	U+8170	U+8170
8D99	2393	U+7511	U+7511
8D9A	2394	U+5FFD	U+5FFD
8D9B	2395	U+60DA	U+60DA
8D9C	2396	U+9AA8	U+9AA8
8D9D	2397	U+72DB	U+72DB
8D9E	2398	U+8FBC	U+8FBC
8D9F	2399	U+6B64	U+6B64
8DA0	2400	U+9803	U+9803
8DA1	2401	U+4ECA	U+4ECA
8DA2	2402	U+56F0	U+56F0
8DA3	2403	U+5764	U+5764
8DA4	2404	U+58BE	U+58BE
8DA5	2405	U+5A5A	U+5A5A
8DA6	2406	U+6068	U+6068
8DA7	2407	U+61C7	U+61C7
8DA8	2408	U+660F	U+660F
8DA9	2409	U+6606	U+6606
8DAA	2410	U+6839	U+6839
8DAB	2411	U+68B1	U+68B1
8DAC	2412	U+6DF7	U+6DF7
8DAD	2413	U+75D5	U+75D5
8DAE	2414	U+7D3A	U+7D3A
8DAF	2415	U+826E	U+826E
8DB0	2416	U+9B42	U+9B42
8DB1	2417	U+4E9B	U+4E9B
8DB2	2418	U+4F50	U+4F50
8DB3	2419	U+53C9	U+53C9
8DB4	2420	U+5506	U+5506
8DB5	2421	U+5D6F	U+5D6F
8DB6	2422	U+5DE6	U+5DE6
8DB7	2423	U+5DEE	U+5DEE
8DB8	2424	U+67FB	U+67FB
8DB9	2425	U+6C99	U+6C99
8DBA	2426	U+7473	U+7473
8DBB	2427	U+7802	U+7802
8DBC	2428	U+8A50	U+8A50
8DBD	2429	U+9396	U+9396
8DBE	2430	U+88DF	U+88DF
8DBF	2431	U+5750	U+5750
8DC0	2432	U+5EA7	U+5EA7
8DC1	2433	U+632B	U+632B
8DC2	2434	U+50B5	U+50B5
8DC3	2435	U+50AC	U+50AC
8DC4	2436	U+518D	U+518D
8DC5	2437	U+6700	U+6700
8DC6	2438	U+54C9	U+54C9
8DC7	2439	U+585E	U+585E
8DC8	2440	U+59BB	U+59BB
8DC9	2441	U+5BB0	U+5BB0
8DCA	2442	U+5F69	U+5F69
8DCB	2443	U+624D	U+624D
8DCC	2444	U+63A1	U+63A1
8DCD	2445	U+683D	U+683D
8DCE	2446	U+6B73	U+6B73
8DCF	2447	U+6E08	U+6E08
8DD0	2448	U+707D	U+707D
8DD1	2449	U+91C7	U+91C7
8DD2	2450	U+7280	U+7280
8DD3	2451	U+7815	U+7815
8DD4	2452	U+7826	U+7826
8DD5	2453	U+796D	U+796D
8DD6	2454	U+658E	U+658E
8DD7	2455	U+7D30	U+7D30
8DD8	2456	U+83DC	U+83DC
8DD9	2457	U+88C1	U+88C1
8DDA	2458	U+8F09	U+8F09
8DDB	2459	U+969B	U+969B
8DDC	2460	U+5264	U+5264
8DDD	2461	U+5728	U+5728
8DDE	2462	U+6750	U+6750
8DDF	2463	U+7F6A	U+7F6A
8DE0	2464	U+8CA1	U+8CA1
8DE1	2465	U+51B4	U+51B4
8DE2	2466	U+5742	U+5742
8DE3	2467	U+962A	U+962A
8DE4	2468	U+583A	U+583A
8DE5	2469	U+698A	U+698A
8DE6	2470	U+80B4	U+80B4
8DE7	2471	U+54B2	U+54B2
8DE8	2472	U+5D0E	U+5D0E
8DE9	2473	U+57FC	U+57FC
8DEA	2474	U+7895	U+7895
8DEB	2475	U+9DFA	U+9DFA
8DEC	2476	U+4F5C	U+4F5C
8DED	2477	U+524A	U+524A
8DEE	2478	U+548B	U+548B
8DEF	2479	U+643E	U+643E
8DF0	2480	U+6628	U+6628
8DF1	2481	U+6714	U+6714
8DF2	2482	U+67F5	U+67F5
8DF3	2483	U+7A84	U+7A84
8DF4	2484	U+7B56	U+7B56
8DF5	2485	U+7D22	U+7D22
8DF6	2486	U+932F	U+932F
8DF7	2487	U+685C	U+685C
8DF8	2488	U+9BAD	U+9BAD
8DF9	2489	U+7B39	U+7B39
8DFA	2490	U+5319	U+5319
8DFB	2491	U+518A	U+518A
8DFC	2492	U+5237	U+5237
8E40	2496	U+5BDF	U+5BDF
8E41	2497	U+62F6	U+62F6
8E42	2498	U+64AE	U+64AE
8E43	2499	U+64E6	U+64E6
8E44	2500	U+672D	U+672D
8E45	2501	U+6BBA	U+6BBA
8E46	2502	U+85A9	U+85A9
8E47	2503	U+96D1	U+96D1
8E48	2504	U+7690	U+7690
8E49	2505	U+9BD6	U+9BD6
8E4A	2506	U+634C	U+634C
8E4B	2507	U+9306	U+9306
8E4C	2508	U+9BAB	U+9BAB
8E4D	2509	U+76BF	U+76BF
8E4E	2510	U+6652	U+6652
8E4F	2511	U+4E09	U+4E09
8E50	2512	U+5098	U+5098
8E51	2513	U+53C2	U+53C2
8E52	2514	U+5C71	U+5C71
8E53	2515	U+60E8	U+60E8
8E54	2516	U+6492	U+6492
8E55	2517	U+6563	U+6563
8E56	2518	U+685F	U+685F
8E57	2519	U+71E6	U+71E6
8E58	2520	U+73CA	U+73CA
8E59	2521	U+7523	U+7523
8E5A	2522	U+7B97	U+7B97
8E5B	2523	U+7E82	U+7E82
8E5C	2524	U+8695	U+8695
8E5D	2525	U+8B83	U+8B83
8E5E	2526	U+8CDB	U+8CDB
8E5F	2527	U+9178	U+9178
8E60	2528	U+9910	U+9910
8E61	2529	U+65AC	U+65AC
8E62	2530	U+66AB	U+66AB
8E63	2531	U+6B8B	U+6B8B
8E64	2532	U+4ED5	U+4ED5
8E65	2533	U+4ED4	U+4ED4
8E66	2534	U+4F3A	U+4F3A
8E67	2535	U+4F7F	U+4F7F
8E68	2536	U+523A	U+523A
8E69	2537	U+53F8	U+53F8
8E6A	2538	U+53F2	U+53F2
8E6B	2539	U+55E3	U+55E3
8E6C	2540	U+56DB	U+56DB
8E6D	2541	U+58EB	U+58EB
8E6E	2542	U+59CB	U+59CB
8E6F	2543	U+59C9	U+59C9
8E70	2544	U+59FF	U+59FF
8E71	2545	U+5B50	U+5B50
8E72	2546	U+5C4D	U+5C4D
8E73	2547	U+5E02	U+5E02
8E74	2548	U+5E2B	U+5E2B
8E75	2549	U+5FD7	U+5FD7
8E76	2550	U+601D	U+601D
8E77	2551	U+6307	U+6307
8E78	2552	U+652F	U+652F
8E79	2553	U+5B5C	U+5B5C
8E7A	2554	U+65AF	U+65AF
8E7B	2555	U+65BD	U+65BD
8E7C	2556	U+65E8	U+65E8
8E7D	2557	U+679D	U+679D
8E7E	2558	U+6B62	U+6B62
8E80	2560	U+6B7B	U+6B7B
8E81	2561	U+6C0F	U+6C0F
8E82	2562	U+7345	U+7345
8E83	2563	U+7949	U+7949
8E84	2564	U+79C1	U+79C1
8E85	2565	U+7CF8	U+7CF8
8E86	2566	U+7D19	U+7D19
8E87	2567	U+7D2B	U+7D2B
8E88	2568	U+80A2	U+80A2
8E89	2569	U+8102	U+8102
8E8A	2570	U+81F3	U+81F3
8E8B	2571	U+8996	U+8996
8E8C	2572	U+8A5E	U+8A5E
8E8D	2573	U+8A69	U+8A69
8E8E	2574	U+8A66	U+8A66
8E8F	2575	U+8A8C	U+8A8C
8E90	2576	U+8AEE	U+8AEE
8E91	2577	U+8CC7	U+8CC7
8E92	2578	U+8CDC	U+8CDC
8E93	2579	U+96CC	U+96CC
8E94	2580	U+98FC	U+98FC
8E95	2581	U+6B6F	U+6B6F
8E96	2582	U+4E8B	U+4E8B
8E97	2583	U+4F3C	U+4F3C
8E98	2584	U+4F8D	U+4F8D
8E99	2585	U+5150	U+5150
8E9A	2586	U+5B57	U+5B57
8E9B	2587	U+5BFA	U+5BFA
8E9C	2588	U+6148	U+6148
8E9D	2589	U+6301	U+6301
8E9E	2590	U+6642	U+6642
8E9F	2591	U+6B21	U+6B21
8EA0	2592	U+6ECB	U+6ECB
8EA1	2593	U+6CBB	U+6CBB
8EA2	2594	U+723E	U+723E
8EA3	2595	U+74BD	U+74BD
8EA4	2596	U+75D4	U+75D4
8EA5	2597	U+78C1	U+78C1
8EA6	2598	U+793A	U+793A
8EA7	2599	U+800C	U+800C
8EA8	2600	U+8033	U+8033
8EA9	2601	U+81EA	U+81EA
8EAA	2602	U+8494	U+8494
8EAB	2603	U+8F9E	U+8F9E
8EAC	2604	U+6C50	U+6C50
8EAD	2605	U+9E7F	U+9E7F
8EAE	2606	U+5F0F	U+5F0F
8EAF	2607	U+8B58	U+8B58
8EB0	2608	U+9D2B	U+9D2B
8EB1	2609	U+7AFA	U+7AFA
8EB2	2610	U+8EF8	U+8EF8
8EB3	2611	U+5B8D	U+5B8D
8EB4	2612	U+96EB	U+96EB
8EB5	2613	U+4E03	U+4E03
8EB6	2614	U+53F1	U+53F1
8EB7	2615	U+57F7	U+57F7
8EB8	2616	U+5931	U+5931
8EB9	2617	U+5AC9	U+5AC9
8EBA	2618	U+5BA4	U+5BA4
8EBB	2619	U+6089	U+6089
8EBC	2620	U+6E7F	U+6E7F
8EBD	2621	U+6F06	U+6F06
8EBE	2622	U+75BE	U+75BE
8EBF	2623	U+8CEA	U+8CEA
8EC0	2624	U+5B9F	U+5B9F
8EC1	2625	U+8500	U+8500
8EC2	2626	U+7BE0	U+7BE0
8EC3	2627	U+5072	U+5072
8EC4	2628	U+67F4	U+67F4
8EC5	2629	U+829D	U+829D
8EC6	2630	U+5C61	U+5C61
8EC7	2631	U+854A	U+854A
8EC8	2632	U+7E1E	U+7E1E
8EC9	2633	U+820E	U+820E
8ECA	2634	U+5199	U+5199
8ECB	2635	U+5C04	U+5C04
8ECC	2636	U+6368	U+6368
8ECD	2637	U+8D66	U+8D66
8ECE	2638	U+659C	U+659C
8ECF	2639	U+716E	U+716E
8ED0	2640	U+793E	U+793E
8ED1	2641	U+7D17	U+7D17
8ED2	2642	U+8005	U+8005
8ED3	2643	U+8B1D	U+8B1D
8ED4	2644	U+8ECA	U+8ECA
8ED5	2645	U+906E	U+906E
8ED6	2646	U+86C7	U+86C7
8ED7	2647	U+90AA	U+90AA
8ED8	2648	U+501F	U+501F
8ED9	2649	U+52FA	U+52FA
8EDA	2650	U+5C3A	U+5C3A
8EDB	2651	U+6753	U+6753
8EDC	2652	U+707C	U+707C
8EDD	2653	U+7235	U+7235
8EDE	2654	U+914C	U+914C
8EDF	2655	U+91C8	U+91C8
8EE0	2656	U+932B	U+932B
8EE1	2657	U+82E5	U+82E5
8EE2	2658	U+5BC2	U+5BC2
8EE3	2659	U+5F31	U+5F31
8EE4	2660	U+60F9	U+60F9
8EE5	2661	U+4E3B	U+4E3B
8EE6	2662	U+53D6	U+53D6
8EE7	2663	U+5B88	U+5B88
8EE8	2664	U+624B	U+624B
8EE9	2665	U+6731	U+6731
8EEA	2666	U+6B8A	U+6B8A
8EEB	2667	U+72E9	U+72E9
8EEC	2668	U+73E0	U+73E0
8EED	2669	U+7A2E	U+7A2E
8EEE	2670	U+816B	U+816B
8EEF	2671	U+8DA3	U+8DA3
8EF0	2672	U+9152	U+9152
8EF1	2673	U+9996	U+9996
8EF2	2674	U+5112	U+5112
8EF3	2675	U+53D7	U+53D7
8EF4	2676	U+546A	U+546A
8EF5	2677	U+5BFF	U+5BFF
8EF6	2678	U+6388	U+6388
8EF7	2679	U+6A39	U+6A39
8EF8	2680	U+7DAC	U+7DAC
8EF9	2681	U+9700	U+9700
8EFA	2682	U+56DA	U+56DA
8EFB	2683	U+53CE	U+53CE
8EFC	2684	U+5468	U+5468
8F40	2688	U+5B97	U+5B97
8F41	2689	U+5C31	U+5C31
8F42	2690	U+5DDE	U+5DDE
8F43	2691	U+4FEE	U+4FEE
8F44	2692	U+6101	U+6101
8F45	2693	U+62FE	U+62FE
8F46	2694	U+6D32	U+6D32
8F47	2695	U+79C0	U+79C0
8F48	2696	U+79CB	U+79CB
8F49	2697	U+7D42	U+7D42
8F4A	2698	U+7E4D	U+7E4D
8F4B	2699	U+7FD2	U+7FD2
8F4C	2700	U+81ED	U+81ED
8F4D	2701	U+821F	U+821F
8F4E	2702	U+8490	U+8490
8F4F	2703	U+8846	U+8846
8F50	2704	U+8972	U+8972
8F51	2705	U+8B90	U+8B90
8F52	2706	U+8E74	U+8E74
8F53	2707	U+8F2F	U+8F2F
8F54	2708	U+9031	U+9031
8F55	2709	U+914B	U+914B
8F56	2710	U+916C	U+916C
8F57	2711	U+96C6	U+96C6
8F58	2712	U+919C	U+919C
8F59	2713	U+4EC0	U+4EC0
8F5A	2714	U+4F4F	U+4F4F
8F5B	2715	U+5145	U+5145
8F5C	2716	U+5341	U+5341
8F5D	2717	U+5F93	U+5F93
8F5E	2718	U+620E	U+620E
8F5F	2719	U+67D4	U+67D4
8F60	2720	U+6C41	U+6C41
8F61	2721	U+6E0B	U+6E0B
8F62	2722	U+7363	U+7363
8F63	2723	U+7E26	U+7E26
8F64	2724	U+91CD	U+91CD
8F65	2725	U+9283	U+9283
8F66	2726	U+53D4	U+53D4
8F67	2727	U+5919	U+5919
8F68	2728	U+5BBF	U+5BBF
8F69	2729	U+6DD1	U+6DD1
8F6A	2730	U+795D	U+795D
8F6B	2731	U+7E2E	U+7E2E
8F6C	2732	U+7C9B	U+7C9B
8F6D	2733	U+587E	U+587E
8F6E	2734	U+719F	U+719F
8F6F	2735	U+51FA	U+51FA
8F70	2736	U+8853	U+8853
8F71	2737	U+8FF0	U+8FF0
8F72	2738	U+4FCA	U+4FCA
8F73	2739	U+5CFB	U+5CFB
8F74	2740	U+6625	U+6625
8F75	2741	U+77AC	U+77AC
8F76	2742	U+7AE3	U+7AE3
8F77	2743	U+821C	U+821C
8F78	2744	U+99FF	U+99FF
8F79	2745	U+51C6	U+51C6
8F7A	2746	U+5FAA	U+5FAA
8F7B	2747	U+65EC	U+65EC
8F7C	2748	U+696F	U+696F
8F7D	2749	U+6B89	U+6B89
8F7E	2750	U+6DF3	U+6DF3
8F80	2752	U+6E96	U+6E96
8F81	2753	U+6F64	U+6F64
8F82	2754	U+76FE	U+76FE
8F83	2755	U+7D14	U+7D14
8F84	2756	U+5DE1	U+5DE1
8F85	2757	U+9075	U+9075
8F86	2758	U+9187	U+9187
8F87	2759	U+9806	U+9806
8F88	2760	U+51E6	U+51E6
8F89	2761	U+521D	U+521D
8F8A	2762	U+6240	U+6240
8F8B	2763	U+6691	U+6691
8F8C	2764	U+66D9	U+66D9
8F8D	2765	U+6E1A	U+6E1A
8F8E	2766	U+5EB6	U+5EB6
8F8F	2767	U+7DD2	U+7DD2
8F90	2768	U+7F72	U+7F72
8F91	2769	U+66F8	U+66F8
8F92	2770	U+85AF	U+85AF
8F93	2771	U+85F7	U+85F7
8F94	2772	U+8AF8	U+8AF8
8F95	2773	U+52A9	U+52A9
8F96	2774	U+53D9	U+53D9
8F97	2775	U+5973	U+5973
8F98	2776	U+5E8F	U+5E8F
8F99	2777	U+5F90	U+5F90
8F9A	2778	U+6055	U+6055
8F9B	2779	U+92E4	U+92E4
8F9C	2780	U+9664	U+9664
8F9D	2781	U+50B7	U+50B7
8F9E	2782	U+511F	U+511F
8F9F	2783	U+52DD	U+52DD
8FA0	2784	U+5320	U+5320
8FA1	2785	U+5347	U+5347
8FA2	2786	U+53EC	U+53EC
8FA3	2787	U+54E8	U+54E8
8FA4	2788	U+5546	U+5546
8FA5	2789	U+5531	U+5531
8FA6	2790	U+5617	U+5617
8FA7	2791	U+5968	U+5968
8FA8	2792	U+59BE	U+59BE
8FA9	2793	U+5A3C	U+5A3C
8FAA	2794	U+5BB5	U+5BB5
8FAB	2795	U+5C06	U+5C06
8FAC	2796	U+5C0F	U+5C0F
8FAD	2797	U+5C11	U+5C11
8FAE	2798	U+5C1A	U+5C1A
8FAF	2799	U+5E84	U+5E84
8FB0	2800	U+5E8A	U+5E8A
8FB1	2801	U+5EE0	U+5EE0
8FB2	2802	U+5F70	U+5F70
8FB3	2803	U+627F	U+627F
8FB4	2804	U+6284	U+6284
8FB5	2805	U+62DB	U+62DB
8FB6	2806	U+638C	U+638C
8FB7	2807	U+6377	U+6377
8FB8	2808	U+6607	U+6607
8FB9	2809	U+660C	U+660C
8FBA	2810	U+662D	U+662D
8FBB	2811	U+6676	U+6676
8FBC	2812	U+677E	U+677E
8FBD	2813	U+68A2	U+68A2
8FBE	2814	U+6A1F	U+6A1F
8FBF	2815	U+6A35	U+6A35
8FC0	2816	U+6CBC	U+6CBC
8FC1	2817	U+6D88	U+6D88
8FC2	2818	U+6E09	U+6E09
8FC3	2819	U+6E58	U+6E58
8FC4	2820	U+713C	U+713C
8FC5	2821	U+7126	U+7126
8FC6	2822	U+7167	U+7167
8FC7	2823	U+75C7	U+75C7
8FC8	2824	U+7701	U+7701
8FC9	2825	U+785D	U+785D
8FCA	2826	U+7901	U+7901
8FCB	2827	U+7965	U+7965
8FCC	2828	U+79F0	U+79F0
8FCD	2829	U+7AE0	U+7AE0
8FCE	2830	U+7B11	U+7B11
8FCF	2831	U+7CA7	U+7CA7
8FD0	2832	U+7D39	U+7D39
8FD1	2833	U+8096	U+8096
8FD2	2834	U+83D6	U+83D6
8FD3	2835	U+848B	U+848B
8FD4	2836	U+8549	U+8549
8FD5	2837	U+885D	U+885D
8FD6	2838	U+88F3	U+88F3
8FD7	2839	U+8A1F	U+8A1F
8FD8	2840	U+8A3C	U+8A3C
8FD9	2841	U+8A54	U+8A54
8FDA	2842	U+8A73	U+8A73
8FDB	2843	U+8C61	U+8C61
8FDC	2844	U+8CDE	U+8CDE
8FDD	2845	U+91A4	U+91A4
8FDE	2846	U+9266	U+9266
8FDF	2847	U+937E	U+937E
8FE0	2848	U+9418	U+9418
8FE1	2849	U+969C	U+969C
8FE2	2850	U+9798	U+9798
8FE3	2851	U+4E0A	U+4E0A
8FE4	2852	U+4E08	U+4E08
8FE5	2853	U+4E1E	U+4E1E
8FE6	2854	U+4E57	U+4E57
8FE7	2855	U+5197	U+5197
8FE8	2856	U+5270	U+5270
8FE9	2857	U+57CE	U+57CE
8FEA	2858	U+5834	U+5834
8FEB	2859	U+58CC	U+58CC
8FEC	2860	U+5B22	U+5B22
8FED	2861	U+5E38	U+5E38
8FEE	2862	U+60C5	U+60C5
8FEF	2863	U+64FE	U+64FE
8FF0	2864	U+6761	U+6761
8FF1	2865	U+6756	U+6756
8FF2	2866	U+6D44	U+6D44
8FF3	2867	U+72B6	U+72B6
8FF4	2868	U+7573	U+7573
8FF5	2869	U+7A63	U+7A63
8FF6	2870	U+84B8	U+84B8
8FF7	2871	U+8B72	U+8B72
8FF8	2872	U+91B8	U+91B8
8FF9	2873	U+9320	U+9320
8FFA	2874	U+5631	U+5631
8FFB	2875	U+57F4	U+57F4
8FFC	2876	U+98FE	U+98FE
9040	2880	U+62ED	U+62ED
9041	2881	U+690D	U+690D
9042	2882	U+6B96	U+6B96
9043	2883	U+71ED	U+71ED
9044	2884	U+7E54	U+7E54
9045	2885	U+8077	U+8077
9046	2886	U+8272	U+8272
9047	2887	U+89E6	U+89E6
9048	2888	U+98DF	U+98DF
9049	2889	U+8755	U+8755
904A	2890	U+8FB1	U+8FB1
904B	2891	U+5C3B	U+5C3B
904C	2892	U+4F38	U+4F38
904D	2893	U+4FE1	U+4FE1
904E	2894	U+4FB5	U+4FB5
904F	2895	U+5507	U+5507
9050	2896	U+5A20	U+5A20
9051	2897	U+5BDD	U+5BDD
9052	2898	U+5BE9	U+5BE9
9053	2899	U+5FC3	U+5FC3
9054	2900	U+614E	U+614E
9055	2901	U+632F	U+632F
9056	2902	U+65B0	U+65B0
9057	2903	U+664B	U+664B
9058	2904	U+68EE	U+68EE
9059	2905	U+699B	U+699B
905A	2906	U+6D78	U+6D78
905B	2907	U+6DF1	U+6DF1
905C	2908	U+7533	U+7533
905D	2909	U+75B9	U+75B9
905E	2910	U+771F	U+771F
905F	2911	U+795E	U+795E
9060	2912	U+79E6	U+79E6
9061	2913	U+7D33	U+7D33
9062	2914	U+81E3	U+81E3
9063	2915	U+82AF	U+82AF
9064	2916	U+85AA	U+85AA
9065	2917	U+89AA	U+89AA
9066	2918	U+8A3A	U+8A3A
9067	2919	U+8EAB	U+8EAB
9068	2920	U+8F9B	U+8F9B
9069	2921	U+9032	U+9032
906A	2922	U+91DD	U+91DD
906B	2923	U+9707	U+9707
906C	2924	U+4EBA	U+4EBA
906D	2925	U+4EC1	U+4EC1
906E	2926	U+5203	U+5203
906F	2927	U+5875	U+5875
9070	2928	U+58EC	U+58EC
9071	2929	U+5C0B	U+5C0B
9072	2930	U+751A	U+751A
9073	2931	U+5C3D	U+5C3D
9074	2932	U+814E	U+814E
9075	2933	U+8A0A	U+8A0A
9076	2934	U+8FC5	U+8FC5
9077	2935	U+9663	U+9663
9078	2936	U+976D	U+976D
9079	2937	U+7B25	U+7B25
907A	2938	U+8ACF	U+8ACF
907B	2939	U+9808	U+9808
907C	2940	U+9162	U+9162
907D	2941	U+56F3	U+56F3
907E	2942	U+53A8	U+53A8
9080	2944	U+9017	U+9017
9081	2945	U+5439	U+5439
9082	2946	U+5782	U+5782
9083	2947	U+5E25	U+5E25
9084	2948	U+63A8	U+63A8
9085	2949	U+6C34	U+6C34
9086	2950	U+708A	U+708A
9087	2951	U+7761	U+7761
9088	2952	U+7C8B	U+7C8B
9089	2953	U+7FE0	U+7FE0
908A	2954	U+8870	U+8870
908B	2955	U+9042	U+9042
908C	2956	U+9154	U+9154
908D	2957	U+9310	U+9310
908E	2958	U+9318	U+9318
908F	2959	U+968F	U+968F
9090	2960	U+745E	U+745E
9091	2961	U+9AC4	U+9AC4
9092	2962	U+5D07	U+5D07
9093	2963	U+5D69	U+5D69
9094	2964	U+6570	U+6570
9095	2965	U+67A2	U+67A2
9096	2966	U+8DA8	U+8DA8
9097	2967	U+96DB	U+96DB
9098	2968	U+636E	U+636E
9099	2969	U+6749	U+6749
909A	2970	U+6919	U+6919
909B	2971	U+83C5	U+83C5
909C	2972	U+9817	U+9817
909D	2973	U+96C0	U+96C0
909E	2974	U+88FE	U+88FE
909F	2975	U+6F84	U+6F84
90A0	2976	U+647A	U+647A
90A1	2977	U+5BF8	U+5BF8
90A2	2978	U+4E16	U+4E16
90A3	2979	U+702C	U+702C
90A4	2980	U+755D	U+755D
90A5	2981	U+662F	U+662F
90A6	2982	U+51C4	U+51C4
90A7	2983	U+5236	U+5236
90A8	2984	U+52E2	U+52E2
90A9	2985	U+59D3	U+59D3
90AA	2986	U+5F81	U+5F81
90AB	2987	U+6027	U+6027
90AC	2988	U+6210	U+6210
90AD	2989	U+653F	U+653F
90AE	2990	U+6574	U+6574
90AF	2991	U+661F	U+661F
90B0	2992	U+6674	U+6674
90B1	2993	U+68F2	U+68F2
90B2	2994	U+6816	U+6816
90B3	2995	U+6B63	U+6B63
90B4	2996	U+6E05	U+6E05
90B5	2997	U+7272	U+7272
90B6	2998	U+751F	U+751F
90B7	2999	U+76DB	U+76DB
90B8	3000	U+7CBE	U+7CBE
90B9	3001	U+8056	U+8056
90BA	3002	U+58F0	U+58F0
90BB	3003	U+88FD	U+88FD
90BC	3004	U+897F	U+897F
90BD	3005	U+8AA0	U+8AA0
90BE	3006	U+8A93	U+8A93
90BF	3007	U+8ACB	U+8ACB
90C0	3008	U+901D	U+901D
90C1	3009	U+9192	U+9192
90C2	3010	U+9752	U+9752
90C3	3011	U+9759	U+9759
90C4	3012	U+6589	U+6589
90C5	3013	U+7A0E	U+7A0E
90C6	3014	U+8106	U+8106
90C7	3015	U+96BB	U+96BB
90C8	3016	U+5E2D	U+5E2D
90C9	3017	U+60DC	U+60DC
90CA	3018	U+621A	U+621A
90CB	3019	U+65A5	U+65A5
90CC	3020	U+6614	U+6614
90CD	3021	U+6790	U+6790
90CE	3022	U+77F3	U+77F3
90CF	3023	U+7A4D	U+7A4D
90D0	3024	U+7C4D	U+7C4D
90D1	3025	U+7E3E	U+7E3E
90D2	3026	U+810A	U+810A
90D3	3027	U+8CAC	U+8CAC
90D4	3028	U+8D64	U+8D64
90D5	3029	U+8DE1	U+8DE1
90D6	3030	U+8E5F	U+8E5F
90D7	3031	U+78A9	U+78A9
90D8	3032	U+5207	U+5207
90D9	3033	U+62D9	U+62D9
90DA	3034	U+63A5	U+63A5
90DB	3035	U+6442	U+6442
90DC	3036	U+6298	U+6298
90DD	3037	U+8A2D	U+8A2D
90DE	3038	U+7A83	U+7A83
90DF	3039	U+7BC0	U+7BC0
90E0	3040	U+8AAC	U+8AAC
90E1	3041	U+96EA	U+96EA
90E2	3042	U+7D76	U+7D76
90E3	3043	U+820C	U+820C
90E4	3044	U+8749	U+8749
90E5	3045	U+4ED9	U+4ED9
90E6	3046	U+5148	U+5148
90E7	3047	U+5343	U+5343
90E8	3048	U+5360	U+5360
90E9	3049	U+5BA3	U+5BA3
90EA	3050	U+5C02	U+5C02
90EB	3051	U+5C16	U+5C16
90EC	3052	U+5DDD	U+5DDD
90ED	3053	U+6226	U+6226
90EE	3054	U+6247	U+6247
90EF	3055	U+64B0	U+64B0
90F0	3056	U+6813	U+6813
90F1	3057	U+6834	U+6834
90F2	3058	U+6CC9	U+6CC9
90F3	3059	U+6D45	U+6D45
90F4	3060	U+6D17	U+6D17
90F5	3061	U+67D3	U+67D3
90F6	3062	U+6F5C	U+6F5C
90F7	3063	U+714E	U+714E
90F8	3064	U+717D	U+717D
90F9	3065	U+65CB	U+65CB
90FA	3066	U+7A7F	U+7A7F
90FB	3067	U+7BAD	U+7BAD
90FC	3068	U+7DDA	U+7DDA
9140	3072	U+7E4A	U+7E4A
9141	3073	U+7FA8	U+7FA8
9142	3074	U+817A	U+817A
9143	3075	U+821B	U+821B
9144	3076	U+8239	U+8239
9145	3077	U+85A6	U+85A6
9146	3078	U+8A6E	U+8A6E
9147	3079	U+8CCE	U+8CCE
9148	3080	U+8DF5	U+8DF5
9149	3081	U+9078	U+9078
914A	3082	U+9077	U+9077
914B	3083	U+92AD	U+92AD
914C	3084	U+9291	U+9291
914D	3085	U+9583	U+9583
914E	3086	U+9BAE	U+9BAE
914F	3087	U+524D	U+524D
9150	3088	U+5584	U+5584
9151	3089	U+6F38	U+6F38
9152	3090	U+7136	U+7136
9153	3091	U+5168	U+5168
9154	3092	U+7985	U+7985
9155	3093	U+7E55	U+7E55
9156	3094	U+81B3	U+81B3
9157	3095	U+7CCE	U+7CCE
9158	3096	U+564C	U+564C
9159	3097	U+5851	U+5851
915A	3098	U+5CA8	U+5CA8
915B	3099	U+63AA	U+63AA
915C	3100	U+66FE	U+66FE
915D	3101	U+66FD	U+66FD
915E	3102	U+695A	U+695A
915F	3103	U+72D9	U+72D9
9160	3104	U+758F	U+758F
9161	3105	U+758E	U+758E
9162	3106	U+790E	U+790E
9163	3107	U+7956	U+7956
9164	3108	U+79DF	U+79DF
9165	3109	U+7C97	U+7C97
9166	3110	U+7D20	U+7D20
9167	3111	U+7D44	U+7D44
9168	3112	U+8607	U+8607
9169	3113	U+8A34	U+8A34
916A	3114	U+963B	U+963B
916B	3115	U+9061	U+9061
916C	3116	U+9F20	U+9F20
916D	3117	U+50E7	U+50E7
916E	3118	U+5275	U+5275
916F	3119	U+53CC	U+53CC
9170	3120	U+53E2	U+53E2
9171	3121	U+5009	U+5009
9172	3122	U+55AA	U+55AA
9173	3123	U+58EE	U+58EE
9174	3124	U+594F	U+594F
9175	3125	U+723D	U+723D
9176	3126	U+5B8B	U+5B8B
9177	3127	U+5C64	U+5C64
9178	3128	U+531D	U+531D
9179	3129	U+60E3	U+60E3
917A	3130	U+60F3	U+60F3
917B	3131	U+635C	U+635C
917C	3132	U+6383	U+6383
917D	3133	U+633F	U+633F
917E	3134	U+63BB	U+63BB
9180	3136	U+64CD	U+64CD
9181	3137	U+65E9	U+65E9
9182	3138	U+66F9	U+66F9
9183	3139	U+5DE3	U+5DE3
9184	3140	U+69CD	U+69CD
9185	3141	U+69FD	U+69FD
9186	3142	U+6F15	U+6F15
9187	3143	U+71E5	U+71E5
9188	3144	U+4E89	U+4E89
9189	3145	U+75E9	U+75E9
918A	3146	U+76F8	U+76F8
918B	3147	U+7A93	U+7A93
918C	3148	U+7CDF	U+7CDF
918D	3149	U+7DCF	U+7DCF
918E	3150	U+7D9C	U+7D9C
918F	3151	U+8061	U+8061
9190	3152	U+8349	U+8349
9191	3153	U+8358	U+8358
9192	3154	U+846C	U+846C
9193	3155	U+84BC	U+84BC
9194	3156	U+85FB	U+85FB
9195	3157	U+88C5	U+88C5
9196	3158	U+8D70	U+8D70
9197	3159	U+9001	U+9001
9198	3160	U+906D	U+906D
9199	3161	U+9397	U+9397
919A	3162	U+971C	U+971C
919B	3163	U+9A12	U+9A12
919C	3164	U+50CF	U+50CF
919D	3165	U+5897	U+5897
919E	3166	U+618E	U+618E
919F	3167	U+81D3	U+81D3
91A0	3168	U+8535	U+8535
91A1	3169	U+8D08	U+8D08
91A2	3170	U+9020	U+9020
91A3	3171	U+4FC3	U+4FC3
91A4	3172	U+5074	U+5074
91A5	3173	U+5247	U+5247
91A6	3174	U+5373	U+5373
91A7	3175	U+606F	U+606F
91A8	3176	U+6349	U+6349
91A9	3177	U+675F	U+675F
91AA	3178	U+6E2C	U+6E2C
91AB	3179	U+8DB3	U+8DB3
91AC	3180	U+901F	U+901F
91AD	3181	U+4FD7	U+4FD7
91AE	3182	U+5C5E	U+5C5E
91AF	3183	U+8CCA	U+8CCA
91B0	3184	U+65CF	U+65CF
91B1	3185	U+7D9A	U+7D9A
91B2	3186	U+5352	U+5352
91B3	3187	U+8896	U+8896
91B4	3188	U+5176	U+5176
91B5	3189	U+63C3	U+63C3
91B6	3190	U+5B58	U+5B58
91B7	3191	U+5B6B	U+5B6B
91B8	3192	U+5C0A	U+5C0A
91B9	3193	U+640D	U+640D
91BA	3194	U+6751	U+6751
91BB	3195	U+905C	U+905C
91BC	3196	U+4ED6	U+4ED6
91BD	3197	U+591A	U+591A
91BE	3198	U+592A	U+592A
91BF	3199	U+6C70	U+6C70
91C0	3200	U+8A51	U+8A51
91C1	3201	U+553E	U+553E
91C2	3202	U+5815	U+5815
91C3	3203	U+59A5	U+59A5
91C4	3204	U+60F0	U+60F0
91C5	3205	U+6253	U+6253
91C6	3206	U+67C1	U+67C1
91C7	3207	U+8235	U+8235
91C8	3208	U+6955	U+6955
91C9	3209	U+9640	U+9640
91CA	3210	U+99C4	U+99C4
91CB	3211	U+9A28	U+9A28
91CC	3212	U+4F53	U+4F53
91CD	3213	U+5806	U+5806
91CE	3214	U+5BFE	U+5BFE
91CF	3215	U+8010	U+8010
91D0	3216	U+5CB1	U+5CB1
91D1	3217	U+5E2F	U+5E2F
91D2	3218	U+5F85	U+5F85
91D3	3219	U+6020	U+6020
91D4	3220	U+614B	U+614B
91D5	3221	U+6234	U+6234
91D6	3222	U+66FF	U+66FF
91D7	3223	U+6CF0	U+6CF0
91D8	3224	U+6EDE	U+6EDE
91D9	3225	U+80CE	U+80CE
91DA	3226	U+817F	U+817F
91DB	3227	U+82D4	U+82D4
91DC	3228	U+888B	U+888B
91DD	3229	U+8CB8	U+8CB8
91DE	3230	U+9000	U+9000
91DF	3231	U+902E	U+902E
91E0	3232	U+968A	U+968A
91E1	3233	U+9EDB	U+9EDB
91E2	3234	U+9BDB	U+9BDB
91E3	3235	U+4EE3	U+4EE3
91E4	3236	U+53F0	U+53F0
91E5	3237	U+5927	U+5927
91E6	3238	U+7B2C	U+7B2C
91E7	3239	U+918D	U+918D
91E8	3240	U+984C	U+984C
91E9	3241	U+9DF9	U+9DF9
91EA	3242	U+6EDD	U+6EDD
91EB	3243	U+7027	U+7027
91EC	3244	U+5353	U+5353
91ED	3245	U+5544	U+5544
91EE	3246	U+5B85	U+5B85
91EF	3247	U+6258	U+6258
91F0	3248	U+629E	U+629E
91F1	3249	U+62D3	U+62D3
91F2	3250	U+6CA2	U+6CA2
91F3	3251	U+6FEF	U+6FEF
91F4	3252	U+7422	U+7422
91F5	3253	U+8A17	U+8A17
91F6	3254	U+9438	U+9438
91F7	3255	U+6FC1	U+6FC1
91F8	3256	U+8AFE	U+8AFE
91F9	3257	U+8338	U+8338
91FA	3258	U+51E7	U+51E7
91FB	3259	U+86F8	U+86F8
91FC	3260	U+53EA	U+53EA
9240	3264	U+53E9	U+53E9
9241	3265	U+4F46	U+4F46
9242	3266	U+9054	U+9054
9243	3267	U+8FB0	U+8FB0
9244	3268	U+596A	U+596A
9245	3269	U+8131	U+8131
9246	3270	U+5DFD	U+5DFD
9247	3271	U+7AEA	U+7AEA
9248	3272	U+8FBF	U+8FBF
9249	3273	U+68DA	U+68DA
924A	3274	U+8C37	U+8C37
924B	3275	U+72F8	U+72F8
924C	3276	U+9C48	U+9C48
924D	3277	U+6A3D	U+6A3D
924E	3278	U+8AB0	U+8AB0
924F	3279	U+4E39	U+4E39
9250	3280	U+5358	U+5358
9251	3281	U+5606	U+5606
9252	3282	U+5766	U+5766
9253	3283	U+62C5	U+62C5
9254	3284	U+63A2	U+63A2
9255	3285	U+65E6	U+65E6
9256	3286	U+6B4E	U+6B4E
9257	3287	U+6DE1	U+6DE1
9258	3288	U+6E5B	U+6E5B
9259	3289	U+70AD	U+70AD
925A	3290	U+77ED	U+77ED
925B	3291	U+7AEF	U+7AEF
925C	3292	U+7BAA	U+7BAA
925D	3293	U+7DBB	U+7DBB
925E	3294	U+803D	U+803D
925F	3295	U+80C6	U+80C6
9260	3296	U+86CB	U+86CB
9261	3297	U+8A95	U+8A95
9262	3298	U+935B	U+935B
9263	3299	U+56E3	U+56E3
9264	3300	U+58C7	U+58C7
9265	3301	U+5F3E	U+5F3E
9266	3302	U+65AD	U+65AD
9267	3303	U+6696	U+6696
9268	3304	U+6A80	U+6A80
9269	3305	U+6BB5	U+6BB5
926A	3306	U+7537	U+7537
926B	3307	U+8AC7	U+8AC7
926C	3308	U+5024	U+5024
926D	3309	U+77E5	U+77E5
926E	3310	U+5730	U+5730
926F	3311	U+5F1B	U+5F1B
9270	3312	U+6065	U+6065
9271	3313	U+667A	U+667A
9272	3314	U+6C60	U+6C60
9273	3315	U+75F4	U+75F4
9274	3316	U+7A1A	U+7A1A
9275	3317	U+7F6E	U+7F6E
9276	3318	U+81F4	U+81F4
9277	3319	U+8718	U+8718
9278	3320	U+9045	U+9045
9279	3321	U+99B3	U+99B3
927A	3322	U+7BC9	U+7BC9
927B	3323	U+755C	U+755C
927C	3324	U+7AF9	U+7AF9
927D	3325	U+7B51	U+7B51
927E	3326	U+84C4	U+84C4
9280	3328	U+9010	U+9010
9281	3329	U+79E9	U+79E9
9282	3330	U+7A92	U+7A92
9283	3331	U+8336	U+8336
9284	3332	U+5AE1	U+5AE1
9285	3333	U+7740	U+7740
9286	3334	U+4E2D	U+4E2D
9287	3335	U+4EF2	U+4EF2
9288	3336	U+5B99	U+5B99
9289	3337	U+5FE0	U+5FE0
928A	3338	U+62BD	U+62BD
928B	3339	U+663C	U+663C
928C	3340	U+67F1	U+67F1
928D	3341	U+6CE8	U+6CE8
928E	3342	U+866B	U+866B
928F	3343	U+8877	U+8877
9290	3344	U+8A3B	U+8A3B
9291	3345	U+914E	U+914E
9292	3346	U+92F3	U+92F3
9293	3347	U+99D0	U+99D0
9294	3348	U+6A17	U+6A17
9295	3349	U+7026	U+7026
9296	3350	U+732A	U+732A
9297	3351	U+82E7	U+82E7
9298	3352	U+8457	U+8457
9299	3353	U+8CAF	U+8CAF
929A	3354	U+4E01	U+4E01
929B	3355	U+5146	U+5146
929C	3356	U+51CB	U+51CB
929D	3357	U+558B	U+558B
929E	3358	U+5BF5	U+5BF5
929F	3359	U+5E16	U+5E16
92A0	3360	U+5E33	U+5E33
92A1	3361	U+5E81	U+5E81
92A2	3362	U+5F14	U+5F14
92A3	3363	U+5F35	U+5F35
92A4	3364	U+5F6B	U+5F6B
92A5	3365	U+5FB4	U+5FB4
92A6	3366	U+61F2	U+61F2
92A7	3367	U+6311	U+6311
92A8	3368	U+66A2	U+66A2
92A9	3369	U+671D	U+671D
92AA	3370	U+6F6E	U+6F6E
92AB	3371	U+7252	U+7252
92AC	3372	U+753A	U+753A
92AD	3373	U+773A	U+773A
92AE	3374	U+8074	U+8074
92AF	3375	U+8139	U+8139
92B0	3376	U+8178	U+8178
92B1	3377	U+8776	U+8776
92B2	3378	U+8ABF	U+8ABF
92B3	3379	U+8ADC	U+8ADC
92B4	3380	U+8D85	U+8D85
92B5	3381	U+8DF3	U+8DF3
92B6	3382	U+929A	U+929A
92B7	3383	U+9577	U+9577
92B8	3384	U+9802	U+9802
92B9	3385	U+9CE5	U+9CE5
92BA	3386	U+52C5	U+52C5
92BB	3387	U+6357	U+6357
92BC	3388	U+76F4	U+76F4
92BD	3389	U+6715	U+6715
92BE	3390	U+6C88	U+6C88
92BF	3391	U+73CD	U+73CD
92C0	3392	U+8CC3	U+8CC3
92C1	3393	U+93AE	U+93AE
92C2	3394	U+9673	U+9673
92C3	3395	U+6D25	U+6D25
92C4	3396	U+589C	U+589C
92C5	3397	U+690E	U+690E
92C6	3398	U+69CC	U+69CC
92C7	3399	U+8FFD	U+8FFD
92C8	3400	U+939A	U+939A
92C9	3401	U+75DB	U+75DB
92CA	3402	U+901A	U+901A
92CB	3403	U+585A	U+585A
92CC	3404	U+6802	U+6802
92CD	3405	U+63B4	U+63B4
92CE	3406	U+69FB	U+69FB
92CF	3407	U+4F43	U+4F43
92D0	3408	U+6F2C	U+6F2C
92D1	3409	U+67D8	U+67D8
92D2	3410	U+8FBB	U+8FBB
92D3	3411	U+8526	U+8526
92D4	3412	U+7DB4	U+7DB4
92D5	3413	U+9354	U+9354
92D6	3414	U+693F	U+693F
92D7	3415	U+6F70	U+6F70
92D8	3416	U+576A	U+576A
92D9	3417	U+58F7	U+58F7
92DA	3418	U+5B2C	U+5B2C
92DB	3419	U+7D2C	U+7D2C
92DC	3420	U+722A	U+722A
92DD	3421	U+540A	U+540A
92DE	3422	U+91E3	U+91E3
92DF	3423	U+9DB4	U+9DB4
92E0	3424	U+4EAD	U+4EAD
92E1	3425	U+4F4E	U+4F4E
92E2	3426	U+505C	U+505C
92E3	3427	U+5075	U+5075
92E4	3428	U+5243	U+5243
92E5	3429	U+8C9E	U+8C9E
92E6	3430	U+5448	U+5448
92E7	3431	U+5824	U+5824
92E8	3432	U+5B9A	U+5B9A
92E9	3433	U+5E1D	U+5E1D
92EA	3434	U+5E95	U+5E95
92EB	3435	U+5EAD	U+5EAD
92EC	3436	U+5EF7	U+5EF7
92ED	3437	U+5F1F	U+5F1F
92EE	3438	U+608C	U+608C
92EF	3439	U+62B5	U+62B5
92F0	3440	U+633A	U+633A
92F1	3441	U+63D0	U+63D0
92F2	3442	U+68AF	U+68AF
92F3	3443	U+6C40	U+6C40
92F4	3444	U+7887	U+7887
92F5	3445	U+798E	U+798E
92F6	3446	U+7A0B	U+7A0B
92F7	3447	U+7DE0	U+7DE0
92F8	3448	U+8247	U+8247
92F9	3449	U+8A02	U+8A02
92FA	3450	U+8AE6	U+8AE6
92FB	3451	U+8E44	U+8E44
92FC	3452	U+9013	U+9013
9340	3456	U+90B8	U+90B8
9341	3457	U+912D	U+912D
9342	3458	U+91D8	U+91D8
9343	3459	U+9F0E	U+9F0E
9344	3460	U+6CE5	U+6CE5
9345	3461	U+6458	U+6458
9346	3462	U+64E2	U+64E2
9347	3463	U+6575	U+6575
9348	3464	U+6EF4	U+6EF4
9349	3465	U+7684	U+7684
934A	3466	U+7B1B	U+7B1B
934B	3467	U+9069	U+9069
934C	3468	U+93D1	U+93D1
934D	3469	U+6EBA	U+6EBA
934E	3470	U+54F2	U+54F2
934F	3471	U+5FB9	U+5FB9
9350	3472	U+64A4	U+64A4
9351	3473	U+8F4D	U+8F4D
9352	3474	U+8FED	U+8FED
9353	3475	U+9244	U+9244
9354	3476	U+5178	U+5178
9355	3477	U+586B	U+586B
9356	3478	U+5929	U+5929
9357	3479	U+5C55	U+5C55
9358	3480	U+5E97	U+5E97
9359	3481	U+6DFB	U+6DFB
935A	3482	U+7E8F	U+7E8F
935B	3483	U+751C	U+751C
935C	3484	U+8CBC	U+8CBC
935D	3485	U+8EE2	U+8EE2
935E	3486	U+985B	U+985B
935F	3487	U+70B9	U+70B9
9360	3488	U+4F1D	U+4F1D
9361	3489	U+6BBF	U+6BBF
9362	3490	U+6FB1	U+6FB1
9363	3491	U+7530	U+7530
9364	3492	U+96FB	U+96FB
9365	3493	U+514E	U+514E
9366	3494	U+5410	U+5410
9367	3495	U+5835	U+5835
9368	3496	U+5857	U+5857
9369	3497	U+59AC	U+59AC
936A	3498	U+5C60	U+5C60
936B	3499	U+5F92	U+5F92
936C	3500	U+6597	U+6597
936D	3501	U+675C	U+675C
936E	3502	U+6E21	U+6E21
936F	3503	U+767B	U+767B
9370	3504	U+83DF	U+83DF
9371	3505	U+8CED	U+8CED
9372	3506	U+9014	U+9014
9373	3507	U+90FD	U+90FD
9374	3508	U+934D	U+934D
9375	3509	U+7825	U+7825
9376	3510	U+783A	U+783A
9377	3511	U+52AA	U+52AA
9378	3512	U+5EA6	U+5EA6
9379	3513	U+571F	U+571F
937A	3514	U+5974	U+5974
937B	3515	U+6012	U+6012
937C	3516	U+5012	U+5012
937D	3517	U+515A	U+515A
937E	3518	U+51AC	U+51AC
9380	3520	U+51CD	U+51CD
9381	3521	U+5200	U+5200
9382	3522	U+5510	U+5510
9383	3523	U+5854	U+5854
9384	3524	U+5858	U+5858
9385	3525	U+5957	U+5957
9386	3526	U+5B95	U+5B95
9387	3527	U+5CF6	U+5CF6
9388	3528	U+5D8B	U+5D8B
9389	3529	U+60BC	U+60BC
938A	3530	U+6295	U+6295
938B	3531	U+642D	U+642D
938C	3532	U+6771	U+6771
938D	3533	U+6843	U+6843
938E	3534	U+68BC	U+68BC
938F	3535	U+68DF	U+68DF
9390	3536	U+76D7	U+76D7
9391	3537	U+6DD8	U+6DD8
9392	3538	U+6E6F	U+6E6F
9393	3539	U+6D9B	U+6D9B
9394	3540	U+706F	U+706F
9395	3541	U+71C8	U+71C8
9396	3542	U+5F53	U+5F53
9397	3543	U+75D8	U+75D8
9398	3544	U+7977	U+7977
9399	3545	U+7B49	U+7B49
939A	3546	U+7B54	U+7B54
939B	3547	U+7B52	U+7B52
939C	3548	U+7CD6	U+7CD6
939D	3549	U+7D71	U+7D71
939E	3550	U+5230	U+5230
939F	3551	U+8463	U+8463
93A0	3552	U+8569	U+8569
93A1	3553	U+85E4	U+85E4
93A2	3554	U+8A0E	U+8A0E
93A3	3555	U+8B04	U+8B04
93A4	3556	U+8C46	U+8C46
93A5	3557	U+8E0F	U+8E0F
93A6	3558	U+9003	U+9003
93A7	3559	U+900F	U+900F
93A8	3560	U+9419	U+9419
93A9	3561	U+9676	U+9676
93AA	3562	U+982D	U+982D
93AB	3563	U+9A30	U+9A30
93AC	3564	U+95D8	U+95D8
93AD	3565	U+50CD	U+50CD
93AE	3566	U+52D5	U+52D5
93AF	3567	U+540C	U+540C
93B0	3568	U+5802	U+5802
93B1	3569	U+5C0E	U+5C0E
93B2	3570	U+61A7	U+61A7
93B3	3571	U+649E	U+649E
93B4	3572	U+6D1E	U+6D1E
93B5	3573	U+77B3	U+77B3
93B6	3574	U+7AE5	U+7AE5
93B7	3575	U+80F4	U+80F4
93B8	3576	U+8404	U+8404
93B9	3577	U+9053	U+9053
93BA	3578	U+9285	U+9285
93BB	3579	U+5CE0	U+5CE0
93BC	3580	U+9D07	U+9D07
93BD	3581	U+533F	U+533F
93BE	3582	U+5F97	U+5F97
93BF	3583	U+5FB3	U+5FB3
93C0	3584	U+6D9C	U+6D9C
93C1	3585	U+7279	U+7279
93C2	3586	U+7763	U+7763
93C3	3587	U+79BF	U+79BF
93C4	3588	U+7BE4	U+7BE4
93C5	3589	U+6BD2	U+6BD2
93C6	3590	U+72EC	U+72EC
93C7	3591	U+8AAD	U+8AAD
93C8	3592	U+6803	U+6803
93C9	3593	U+6A61	U+6A61
93CA	3594	U+51F8	U+51F8
93CB	3595	U+7A81	U+7A81
93CC	3596	U+6934	U+6934
93CD	3597	U+5C4A	U+5C4A
93CE	3598	U+9CF6	U+9CF6
93CF	3599	U+82EB	U+82EB
93D0	3600	U+5BC5	U+5BC5
93D1	3601	U+9149	U+9149
93D2	3602	U+701E	U+701E
93D3	3603	U+5678	U+5678
93D4	3604	U+5C6F	U+5C6F
93D5	3605	U+60C7	U+60C7
93D6	3606	U+6566	U+6566
93D7	3607	U+6C8C	U+6C8C
93D8	3608	U+8C5A	U+8C5A
93D9	3609	U+9041	U+9041
93DA	3610	U+9813	U+9813
93DB	3611	U+5451	U+5451
93DC	3612	U+66C7	U+66C7
93DD	3613	U+920D	U+920D
93DE	3614	U+5948	U+5948
93DF	3615	U+90A3	U+90A3
93E0	3616	U+5185	U+5185
93E1	3617	U+4E4D	U+4E4D
93E2	3618	U+51EA	U+51EA
93E3	3619	U+8599	U+8599
93E4	3620	U+8B0E	U+8B0E
93E5	3621	U+7058	U+7058
93E6	3622	U+637A	U+637A
93E7	3623	U+934B	U+934B
93E8	3624	U+6962	U+6962
93E9	3625	U+99B4	U+99B4
93EA	3626	U+7E04	U+7E04
93EB	3627	U+7577	U+7577
93EC	3628	U+5357	U+5357
93ED	3629	U+6960	U+6960
93EE	3630	U+8EDF	U+8EDF
93EF	3631	U+96E3	U+96E3
93F0	3632	U+6C5D	U+6C5D
93F1	3633	U+4E8C	U+4E8C
93F2	3634	U+5C3C	U+5C3C
93F3	3635	U+5F10	U+5F10
93F4	3636	U+8FE9	U+8FE9
93F5	3637	U+5302	U+5302
93F6	3638	U+8CD1	U+8CD1
93F7	3639	U+8089	U+8089
93F8	3640	U+8679	U+8679
93F9	3641	U+5EFF	U+5EFF
93FA	3642	U+65E5	U+65E5
93FB	3643	U+4E73	U+4E73
93FC	3644	U+5165	U+5165
9440	3648	U+5982	U+5982
9441	3649	U+5C3F	U+5C3F
9442	3650	U+97EE	U+97EE
9443	3651	U+4EFB	U+4EFB
9444	3652	U+598A	U+598A
9445	3653	U+5FCD	U+5FCD
9446	3654	U+8A8D	U+8A8D
9447	3655	U+6FE1	U+6FE1
9448	3656	U+79B0	U+79B0
9449	3657	U+7962	U+7962
944A	3658	U+5BE7	U+5BE7
944B	3659	U+8471	U+8471
944C	3660	U+732B	U+732B
944D	3661	U+71B1	U+71B1
944E	3662	U+5E74	U+5E74
944F	3663	U+5FF5	U+5FF5
9450	3664	U+637B	U+637B
9451	3665	U+649A	U+649A
9452	3666	U+71C3	U+71C3
9453	3667	U+7C98	U+7C98
9454	3668	U+4E43	U+4E43
9455	3669	U+5EFC	U+5EFC
9456	3670	U+4E4B	U+4E4B
9457	3671	U+57DC	U+57DC
9458	3672	U+56A2	U+56A2
9459	3673	U+60A9	U+60A9
945A	3674	U+6FC3	U+6FC3
945B	3675	U+7D0D	U+7D0D
945C	3676	U+80FD	U+80FD
945D	3677	U+8133	U+8133
945E	3678	U+81BF	U+81BF
945F	3679	U+8FB2	U+8FB2
9460	3680	U+8997	U+8997
9461	3681	U+86A4	U+86A4
9462	3682	U+5DF4	U+5DF4
9463	3683	U+628A	U+628A
9464	3684	U+64AD	U+64AD
9465	3685	U+8987	U+8987
9466	3686	U+6777	U+6777
9467	3687	U+6CE2	U+6CE2
9468	3688	U+6D3E	U+6D3E
9469	3689	U+7436	U+7436
946A	3690	U+7834	U+7834
946B	3691	U+5A46	U+5A46
946C	3692	U+7F75	U+7F75
946D	3693	U+82AD	U+82AD
946E	3694	U+99AC	U+99AC
946F	3695	U+4FF3	U+4FF3
9470	3696	U+5EC3	U+5EC3
9471	3697	U+62DD	U+62DD
9472	3698	U+6392	U+6392
9473	3699	U+6557	U+6557
9474	3700	U+676F	U+676F
9475	3701	U+76C3	U+76C3
9476	3702	U+724C	U+724C
9477	3703	U+80CC	U+80CC
9478	3704	U+80BA	U+80BA
9479	3705	U+8F29	U+8F29
947A	3706	U+914D	U+914D
947B	3707	U+500D	U+500D
947C	3708	U+57F9	U+57F9
947D	3709	U+5A92	U+5A92
947E	3710	U+6885	U+6885
9480	3712	U+6973	U+6973
9481	3713	U+7164	U+7164
9482	3714	U+72FD	U+72FD
9483	3715	U+8CB7	U+8CB7
9484	3716	U+58F2	U+58F2
9485	3717	U+8CE0	U+8CE0
9486	3718	U+966A	U+966A
9487	3719	U+9019	U+9019
9488	3720	U+877F	U+877F
9489	3721	U+79E4	U+79E4
948A	3722	U+77E7	U+77E7
948B	3723	U+8429	U+8429
948C	3724	U+4F2F	U+4F2F
948D	3725	U+5265	U+5265
948E	3726	U+535A	U+535A
948F	3727	U+62CD	U+62CD
9490	3728	U+67CF	U+67CF
9491	3729	U+6CCA	U+6CCA
9492	3730	U+767D	U+767D
9493	3731	U+7B94	U+7B94
9494	3732	U+7C95	U+7C95
9495	3733	U+8236	U+8236
9496	3734	U+8584	U+8584
9497	3735	U+8FEB	U+8FEB
9498	3736	U+66DD	U+66DD
9499	3737	U+6F20	U+6F20
949A	3738	U+7206	U+7206
949B	3739	U+7E1B	U+7E1B
949C	3740	U+83AB	U+83AB
949D	3741	U+99C1	U+99C1
949E	3742	U+9EA6	U+9EA6
949F	3743	U+51FD	U+51FD
94A0	3744	U+7BB1	U+7BB1
94A1	3745	U+7872	U+7872
94A2	3746	U+7BB8	U+7BB8
94A3	3747	U+8087	U+8087
94A4	3748	U+7B48	U+7B48
94A5	3749	U+6AE8	U+6AE8
94A6	3750	U+5E61	U+5E61
94A7	3751	U+808C	U+808C
94A8	3752	U+7551	U+7551
94A9	3753	U+7560	U+7560
94AA	3754	U+516B	U+516B
94AB	3755	U+9262	U+9262
94AC	3756	U+6E8C	U+6E8C
94AD	3757	U+767A	U+767A
94AE	3758	U+9197	U+9197
94AF	3759	U+9AEA	U+9AEA
94B0	3760	U+4F10	U+4F10
94B1	3761	U+7F70	U+7F70
94B2	3762	U+629C	U+629C
94B3	3763	U+7B4F	U+7B4F
94B4	3764	U+95A5	U+95A5
94B5	3765	U+9CE9	U+9CE9
94B6	3766	U+567A	U+567A
94B7	3767	U+5859	U+5859
94B8	3768	U+86E4	U+86E4
94B9	3769	U+96BC	U+96BC
94BA	3770	U+4F34	U+4F34
94BB	3771	U+5224	U+5224
94BC	3772	U+534A	U+534A
94BD	3773	U+53CD	U+53CD
94BE	3774	U+53DB	U+53DB
94BF	3775	U+5E06	U+5E06
94C0	3776	U+642C	U+642C
94C1	3777	U+6591	U+6591
94C2	3778	U+677F	U+677F
94C3	3779	U+6C3E	U+6C3E
94C4	3780	U+6C4E	U+6C4E
94C5	3781	U+7248	U+7248
94C6	3782	U+72AF	U+72AF
94C7	3783	U+73ED	U+73ED
94C8	3784	U+7554	U+7554
94C9	3785	U+7E41	U+7E41
94CA	3786	U+822C	U+822C
94CB	3787	U+85E9	U+85E9
94CC	3788	U+8CA9	U+8CA9
94CD	3789	U+7BC4	U+7BC4
94CE	3790	U+91C6	U+91C6
94CF	3791	U+7169	U+7169
94D0	3792	U+9812	U+9812
94D1	3793	U+98EF	U+98EF
94D2	3794	U+633D	U+633D
94D3	3795	U+6669	U+6669
94D4	3796	U+756A	U+756A
94D5	3797	U+76E4	U+76E4
94D6	3798	U+78D0	U+78D0
94D7	3799	U+8543	U+8543
94D8	3800	U+86EE	U+86EE
94D9	3801	U+532A	U+532A
94DA	3802	U+5351	U+5351
94DB	3803	U+5426	U+5426
94DC	3804	U+5983	U+5983
94DD	3805	U+5E87	U+5E87
94DE	3806	U+5F7C	U+5F7C
94DF	3807	U+60B2	U+60B2
94E0	3808	U+6249	U+6249
94E1	3809	U+6279	U+6279
94E2	3810	U+62AB	U+62AB
94E3	3811	U+6590	U+6590
94E4	3812	U+6BD4	U+6BD4
94E5	3813	U+6CCC	U+6CCC
94E6	3814	U+75B2	U+75B2
94E7	3815	U+76AE	U+76AE
94E8	3816	U+7891	U+7891
94E9	3817	U+79D8	U+79D8
94EA	3818	U+7DCB	U+7DCB
94EB	3819	U+7F77	U+7F77
94EC	3820	U+80A5	U+80A5
94ED	3821	U+88AB	U+88AB
94EE	3822	U+8AB9	U+8AB9
94EF	3823	U+8CBB	U+8CBB
94F0	3824	U+907F	U+907F
94F1	3825	U+975E	U+975E
94F2	3826	U+98DB	U+98DB
94F3	3827	U+6A0B	U+6A0B
94F4	3828	U+7C38	U+7C38
94F5	3829	U+5099	U+5099
94F6	3830	U+5C3E	U+5C3E
94F7	3831	U+5FAE	U+5FAE
94F8	3832	U+6787	U+6787
94F9	3833	U+6BD8	U+6BD8
94FA	3834	U+7435	U+7435
94FB	3835	U+7709	U+7709
94FC	3836	U+7F8E	U+7F8E
9540	3840	U+9F3B	U+9F3B
9541	3841	U+67CA	U+67CA
9542	3842	U+7A17	U+7A17
9543	3843	U+5339	U+5339
9544	3844	U+758B	U+758B
9545	3845	U+9AED	U+9AED
9546	3846	U+5F66	U+5F66
9547	3847	U+819D	U+819D
9548	3848	U+83F1	U+83F1
9549	3849	U+8098	U+8098
954A	3850	U+5F3C	U+5F3C
954B	3851	U+5FC5	U+5FC5
954C	3852	U+7562	U+7562
954D	3853	U+7B46	U+7B46
954E	3854	U+903C	U+903C
954F	3855	U+6867	U+6867
9550	3856	U+59EB	U+59EB
9551	3857	U+5A9B	U+5A9B
9552	3858	U+7D10	U+7D10
9553	3859	U+767E	U+767E
9554	3860	U+8B2C	U+8B2C
9555	3861	U+4FF5	U+4FF5
9556	3862	U+5F6A	U+5F6A
9557	3863	U+6A19	U+6A19
9558	3864	U+6C37	U+6C37
9559	3865	U+6F02	U+6F02
955A	3866	U+74E2	U+74E2
955B	3867	U+7968	U+7968
955C	3868	U+8868	U+8868
955D	3869	U+8A55	U+8A55
955E	3870	U+8C79	U+8C79
955F	3871	U+5EDF	U+5EDF
9560	3872	U+63CF	U+63CF
9561	3873	U+75C5	U+75C5
9562	3874	U+79D2	U+79D2
9563	3875	U+82D7	U+82D7
9564	3876	U+9328	U+9328
9565	3877	U+92F2	U+92F2
9566	3878	U+849C	U+849C
9567	3879	U+86ED	U+86ED
9568	3880	U+9C2D	U+9C2D
9569	3881	U+54C1	U+54C1
956A	3882	U+5F6C	U+5F6C
956B	3883	U+658C	U+658C
956C	3884	U+6D5C	U+6D5C
956D	3885	U+7015	U+7015
956E	3886	U+8CA7	U+8CA7
956F	3887	U+8CD3	U+8CD3
9570	3888	U+983B	U+983B
9571	3889	U+654F	U+654F
9572	3890	U+74F6	U+74F6
9573	3891	U+4E0D	U+4E0D
9574	3892	U+4ED8	U+4ED8
9575	3893	U+57E0	U+57E0
9576	3894	U+592B	U+592B
9577	3895	U+5A66	U+5A66
9578	3896	U+5BCC	U+5BCC
9579	3897	U+51A8	U+51A8
957A	3898	U+5E03	U+5E03
957B	3899	U+5E9C	U+5E9C
957C	3900	U+6016	U+6016
957D	3901	U+6276	U+6276
957E	3902	U+6577	U+6577
9580	3904	U+65A7	U+65A7
9581	3905	U+666E	U+666E
9582	3906	U+6D6E	U+6D6E
9583	3907	U+7236	U+7236
9584	3908	U+7B26	U+7B26
9585	3909	U+8150	U+8150
9586	3910	U+819A	U+819A
9587	3911	U+8299	U+8299
9588	3912	U+8B5C	U+8B5C
9589	3913	U+8CA0	U+8CA0
958A	3914	U+8CE6	U+8CE6
958B	3915	U+8D74	U+8D74
958C	3916	U+961C	U+961C
958D	3917	U+9644	U+9644
958E	3918	U+4FAE	U+4FAE
958F	3919	U+64AB	U+64AB
9590	3920	U+6B66	U+6B66
9591	3921	U+821E	U+821E
9592	3922	U+8461	U+8461
9593	3923	U+856A	U+856A
9594	3924	U+90E8	U+90E8
9595	3925	U+5C01	U+5C01
9596	3926	U+6953	U+6953
9597	3927	U+98A8	U+98A8
9598	3928	U+847A	U+847A
9599	3929	U+8557	U+8557
959A	3930	U+4F0F	U+4F0F
959B	3931	U+526F	U+526F
959C	3932	U+5FA9	U+5FA9
959D	3933	U+5E45	U+5E45
959E	3934	U+670D	U+670D
959F	3935	U+798F	U+798F
95A0	3936	U+8179	U+8179
95A1	3937	U+8907	U+8907
95A2	3938	U+8986	U+8986
95A3	3939	U+6DF5	U+6DF5
95A4	3940	U+5F17	U+5F17
95A5	3941	U+6255	U+6255
95A6	3942	U+6CB8	U+6CB8
95A7	3943	U+4ECF	U+4ECF
95A8	3944	U+7269	U+7269
95A9	3945	U+9B92	U+9B92
95AA	3946	U+5206	U+5206
95AB	3947	U+543B	U+543B
95AC	3948	U+5674	U+5674
95AD	3949	U+58B3	U+58B3
95AE	3950	U+61A4	U+61A4
95AF	3951	U+626E	U+626E
95B0	3952	U+711A	U+711A
95B1	3953	U+596E	U+596E
95B2	3954	U+7C89	U+7C89
95B3	3955	U+7CDE	U+7CDE
95B4	3956	U+7D1B	U+7D1B
95B5	3957	U+96F0	U+96F0
95B6	3958	U+6587	U+6587
95B7	3959	U+805E	U+805E
95B8	3960	U+4E19	U+4E19
95B9	3961	U+4F75	U+4F75
95BA	3962	U+5175	U+5175
95BB	3963	U+5840	U+5840
95BC	3964	U+5E63	U+5E63
95BD	3965	U+5E73	U+5E73
95BE	3966	U+5F0A	U+5F0A
95BF	3967	U+67C4	U+67C4
95C0	3968	U+4E26	U+4E26
95C1	3969	U+853D	U+853D
95C2	3970	U+9589	U+9589
95C3	3971	U+965B	U+965B
95C4	3972	U+7C73	U+7C73
95C5	3973	U+9801	U+9801
95C6	3974	U+50FB	U+50FB
95C7	3975	U+58C1	U+58C1
95C8	3976	U+7656	U+7656
95C9	3977	U+78A7	U+78A7
95CA	3978	U+5225	U+5225
95CB	3979	U+77A5	U+77A5
95CC	3980	U+8511	U+8511
95CD	3981	U+7B86	U+7B86
95CE	3982	U+504F	U+504F
95CF	3983	U+5909	U+5909
95D0	3984	U+7247	U+7247
95D1	3985	U+7BC7	U+7BC7
95D2	3986	U+7DE8	U+7DE8
95D3	3987	U+8FBA	U+8FBA
95D4	3988	U+8FD4	U+8FD4
95D5	3989	U+904D	U+904D
95D6	3990	U+4FBF	U+4FBF
95D7	3991	U+52C9	U+52C9
95D8	3992	U+5A29	U+5A29
95D9	3993	U+5F01	U+5F01
95DA	3994	U+97AD	U+97AD
95DB	3995	U+4FDD	U+4FDD
95DC	3996	U+8217	U+8217
95DD	3997	U+92EA	U+92EA
95DE	3998	U+5703	U+5703
95DF	3999	U+6355	U+6355
95E0	4000	U+6B69	U+6B69
95E1	4001	U+752B	U+752B
95E2	4002	U+88DC	U+88DC
95E3	4003	U+8F14	U+8F14
95E4	4004	U+7A42	U+7A42
95E5	4005	U+52DF	U+52DF
95E6	4006	U+5893	U+5893
95E7	4007	U+6155	U+6155
95E8	4008	U+620A	U+620A
95E9	4009	U+66AE	U+66AE
95EA	4010	U+6BCD	U+6BCD
95EB	4011	U+7C3F	U+7C3F
95EC	4012	U+83E9	U+83E9
95ED	4013	U+5023	U+5023
95EE	4014	U+4FF8	U+4FF8
95EF	4015	U+5305	U+5305
95F0	4016	U+5446	U+5446
95F1	4017	U+5831	U+5831
95F2	4018	U+5949	U+5949
95F3	4019	U+5B9D	U+5B9D
95F4	4020	U+5CF0	U+5CF0
95F5	4021	U+5CEF	U+5CEF
95F6	4022	U+5D29	U+5D29
95F7	4023	U+5E96	U+5E96
95F8	4024	U+62B1	U+62B1
95F9	4025	U+6367	U+6367
95FA	4026	U+653E	U+653E
95FB	4027	U+65B9	U+65B9
95FC	4028	U+670B	U+670B
9640	4032	U+6CD5	U+6CD5
9641	4033	U+6CE1	U+6CE1
9642	4034	U+70F9	U+70F9
9643	4035	U+7832	U+7832
9644	4036	U+7E2B	U+7E2B
9645	4037	U+80DE	U+80DE
9646	4038	U+82B3	U+82B3
9647	4039	U+840C	U+840C
9648	4040	U+84EC	U+84EC
9649	4041	U+8702	U+8702
964A	4042	U+8912	U+8912
964B	4043	U+8A2A	U+8A2A
964C	4044	U+8C4A	U+8C4A
964D	4045	U+90A6	U+90A6
964E	4046	U+92D2	U+92D2
964F	4047	U+98FD	U+98FD
9650	4048	U+9CF3	U+9CF3
9651	4049	U+9D6C	U+9D6C
9652	4050	U+4E4F	U+4E4F
9653	4051	U+4EA1	U+4EA1
9654	4052	U+508D	U+508D
9655	4053	U+5256	U+5256
9656	4054	U+574A	U+574A
9657	4055	U+59A8	U+59A8
9658	4056	U+5E3D	U+5E3D
9659	4057	U+5FD8	U+5FD8
965A	4058	U+5FD9	U+5FD9
965B	4059	U+623F	U+623F
965C	4060	U+66B4	U+66B4
965D	4061	U+671B	U+671B
965E	4062	U+67D0	U+67D0
965F	4063	U+68D2	U+68D2
9660	4064	U+5192	U+5192
9661	4065	U+7D21	U+7D21
9662	4066	U+80AA	U+80AA
9663	4067	U+81A8	U+81A8
9664	4068	U+8B00	U+8B00
9665	4069	U+8C8C	U+8C8C
9666	4070	U+8CBF	U+8CBF
9667	4071	U+927E	U+927E
9668	4072	U+9632	U+9632
9669	4073	U+5420	U+5420
966A	4074	U+982C	U+982C
966B	4075	U+5317	U+5317
966C	4076	U+50D5	U+50D5
966D	4077	U+535C	U+535C
966E	4078	U+58A8	U+58A8
966F	4079	U+64B2	U+64B2
9670	4080	U+6734	U+6734
9671	4081	U+7267	U+7267
9672	4082	U+7766	U+7766
9673	4083	U+7A46	U+7A46
9674	4084	U+91E6	U+91E6
9675	4085	U+52C3	U+52C3
9676	4086	U+6CA1	U+6CA1
9677	4087	U+6B86	U+6B86
9678	4088	U+5800	U+5800
9679	4089	U+5E4C	U+5E4C
967A	4090	U+5954	U+5954
967B	4091	U+672C	U+672C
967C	4092	U+7FFB	U+7FFB
967D	4093	U+51E1	U+51E1
967E	4094	U+76C6	U+76C6
9680	4096	U+6469	U+6469
9681	4097	U+78E8	U+78E8
9682	4098	U+9B54	U+9B54
9683	4099	U+9EBB	U+9EBB
9684	4100	U+57CB	U+57CB
9685	4101	U+59B9	U+59B9
9686	4102	U+6627	U+6627
9687	4103	U+679A	U+679A
9688	4104	U+6BCE	U+6BCE
9689	4105	U+54E9	U+54E9
968A	4106	U+69D9	U+69D9
968B	4107	U+5E55	U+5E55
968C	4108	U+819C	U+819C
968D	4109	U+6795	U+6795
968E	4110	U+9BAA	U+9BAA
968F	4111	U+67FE	U+67FE
9690	4112	U+9C52	U+9C52
9691	4113	U+685D	U+685D
9692	4114	U+4EA6	U+4EA6
9693	4115	U+4FE3	U+4FE3
9694	4116	U+53C8	U+53C8
9695	4117	U+62B9	U+62B9
9696	4118	U+672B	U+672B
9697	4119	U+6CAB	U+6CAB
9698	4120	U+8FC4	U+8FC4
9699	4121	U+4FAD	U+4FAD
969A	4122	U+7E6D	U+7E6D
969B	4123	U+9EBF	U+9EBF
969C	4124	U+4E07	U+4E07
969D	4125	U+6162	U+6162
969E	4126	U+6E80	U+6E80
969F	4127	U+6F2B	U+6F2B
96A0	4128	U+8513	U+8513
96A1	4129	U+5473	U+5473
96A2	4130	U+672A	U+672A
96A3	4131	U+9B45	U+9B45
96A4	4132	U+5DF3	U+5DF3
96A5	4133	U+7B95	U+7B95
96A6	4134	U+5CAC	U+5CAC
96A7	4135	U+5BC6	U+5BC6
96A8	4136	U+871C	U+871C
96A9	4137	U+6E4A	U+6E4A
96AA	4138	U+84D1	U+84D1
96AB	4139	U+7A14	U+7A14
96AC	4140	U+8108	U+8108
96AD	4141	U+5999	U+5999
96AE	4142	U+7C8D	U+7C8D
96AF	4143	U+6C11	U+6C11
96B0	4144	U+7720	U+7720
96B1	4145	U+52D9	U+52D9
96B2	4146	U+5922	U+5922
96B3	4147	U+7121	U+7121
96B4	4148	U+725F	U+725F
96B5	4149	U+77DB	U+77DB
96B6	4150	U+9727	U+9727
96B7	4151	U+9D61	U+9D61
96B8	4152	U+690B	U+690B
96B9	4153	U+5A7F	U+5A7F
96BA	4154	U+5A18	U+5A18
96BB	4155	U+51A5	U+51A5
96BC	4156	U+540D	U+540D
96BD	4157	U+547D	U+547D
96BE	4158	U+660E	U+660E
96BF	4159	U+76DF	U+76DF
96C0	4160	U+8FF7	U+8FF7
96C1	4161	U+9298	U+9298
96C2	4162	U+9CF4	U+9CF4
96C3	4163	U+59EA	U+59EA
96C4	4164	U+725D	U+725D
96C5	4165	U+6EC5	U+6EC5
96C6	4166	U+514D	U+514D
96C7	4167	U+68C9	U+68C9
96C8	4168	U+7DBF	U+7DBF
96C9	4169	U+7DEC	U+7DEC
96CA	4170	U+9762	U+9762
96CB	4171	U+9EBA	U+9EBA
96CC	4172	U+6478	U+6478
96CD	4173	U+6A21	U+6A21
96CE	4174	U+8302	U+8302
96CF	4175	U+5984	U+5984
96D0	4176	U+5B5F	U+5B5F
96D1	4177	U+6BDB	U+6BDB
96D2	4178	U+731B	U+731B
96D3	4179	U+76F2	U+76F2
96D4	4180	U+7DB2	U+7DB2
96D5	4181	U+8017	U+8017
96D6	4182	U+8499	U+8499
96D7	4183	U+5132	U+5132
96D8	4184	U+6728	U+6728
96D9	4185	U+9ED9	U+9ED9
96DA	4186	U+76EE	U+76EE
96DB	4187	U+6762	U+6762
96DC	4188	U+52FF	U+52FF
96DD	4189	U+9905	U+9905
96DE	4190	U+5C24	U+5C24
96DF	4191	U+623B	U+623B
96E0	4192	U+7C7E	U+7C7E
96E1	4193	U+8CB0	U+8CB0
96E2	4194	U+554F	U+554F
96E3	4195	U+60B6	U+60B6
96E4	4196	U+7D0B	U+7D0B
96E5	4197	U+9580	U+9580
96E6	4198	U+5301	U+5301
96E7	4199	U+4E5F	U+4E5F
96E8	4200	U+51B6	U+51B6
96E9	4201	U+591C	U+591C
96EA	4202	U+723A	U+723A
96EB	4203	U+8036	U+8036
96EC	4204	U+91CE	U+91CE
96ED	4205	U+5F25	U+5F25
96EE	4206	U+77E2	U+77E2
96EF	4207	U+5384	U+5384
96F0	4208	U+5F79	U+5F79
96F1	4209	U+7D04	U+7D04
96F2	4210	U+85AC	U+85AC
96F3	4211	U+8A33	U+8A33
96F4	4212	U+8E8D	U+8E8D
96F5	4213	U+9756	U+9756
96F6	4214	U+67F3	U+67F3
96F7	4215	U+85AE	U+85AE
96F8	4216	U+9453	U+9453
96F9	4217	U+6109	U+6109
96FA	4218	U+6108	U+6108
96FB	4219	U+6CB9	U+6CB9
96FC	4220	U+7652	U+7652
9740	4224	U+8AED	U+8AED
9741	4225	U+8F38	U+8F38
9742	4226	U+552F	U+552F
9743	4227	U+4F51	U+4F51
9744	4228	U+512A	U+512A
9745	4229	U+52C7	U+52C7
9746	4230	U+53CB	U+53CB
9747	4231	U+5BA5	U+5BA5
9748	4232	U+5E7D	U+5E7D
9749	4233	U+60A0	U+60A0
974A	4234	U+6182	U+6182
974B	4235	U+63D6	U+63D6
974C	4236	U+6709	U+6709
974D	4237	U+67DA	U+67DA
974E	4238	U+6E67	U+6E67
974F	4239	U+6D8C	U+6D8C
9750	4240	U+7336	U+7336
9751	4241	U+7337	U+7337
9752	4242	U+7531	U+7531
9753	4243	U+7950	U+7950
9754	4244	U+88D5	U+88D5
9755	4245	U+8A98	U+8A98
9756	4246	U+904A	U+904A
9757	4247	U+9091	U+9091
9758	4248	U+90F5	U+90F5
9759	4249	U+96C4	U+96C4
975A	4250	U+878D	U+878D
975B	4251	U+5915	U+5915
975C	4252	U+4E88	U+4E88
975D	4253	U+4F59	U+4F59
975E	4254	U+4E0E	U+4E0E
975F	4255	U+8A89	U+8A89
9760	4256	U+8F3F	U+8F3F
9761	4257	U+9810	U+9810
9762	4258	U+50AD	U+50AD
9763	4259	U+5E7C	U+5E7C
9764	4260	U+5996	U+5996
9765	4261	U+5BB9	U+5BB9
9766	4262	U+5EB8	U+5EB8
9767	4263	U+63DA	U+63DA
9768	4264	U+63FA	U+63FA
9769	4265	U+64C1	U+64C1
976A	4266	U+66DC	U+66DC
976B	4267	U+694A	U+694A
976C	4268	U+69D8	U+69D8
976D	4269	U+6D0B	U+6D0B
976E	4270	U+6EB6	U+6EB6
976F	4271	U+7194	U+7194
9770	4272	U+7528	U+7528
9771	4273	U+7AAF	U+7AAF
9772	4274	U+7F8A	U+7F8A
9773	4275	U+8000	U+8000
9774	4276	U+8449	U+8449
9775	4277	U+84C9	U+84C9
9776	4278	U+8981	U+8981
9777	4279	U+8B21	U+8B21
9778	4280	U+8E0A	U+8E0A
9779	4281	U+9065	U+9065
977A	4282	U+967D	U+967D
977B	4283	U+990A	U+990A
977C	4284	U+617E	U+617E
977D	4285	U+6291	U+6291
977E	4286	U+6B32	U+6B32
9780	4288	U+6C83	U+6C83
9781	4289	U+6D74	U+6D74
9782	4290	U+7FCC	U+7FCC
9783	4291	U+7FFC	U+7FFC
9784	4292	U+6DC0	U+6DC0
9785	4293	U+7F85	U+7F85
9786	4294	U+87BA	U+87BA
9787	4295	U+88F8	U+88F8
9788	4296	U+6765	U+6765
9789	4297	U+83B1	U+83B1
978A	4298	U+983C	U+983C
978B	4299	U+96F7	U+96F7
978C	4300	U+6D1B	U+6D1B
978D	4301	U+7D61	U+7D61
978E	4302	U+843D	U+843D
978F	4303	U+916A	U+916A
9790	4304	U+4E71	U+4E71
9791	4305	U+5375	U+5375
9792	4306	U+5D50	U+5D50
9793	4307	U+6B04	U+6B04
9794	4308	U+6FEB	U+6FEB
9795	4309	U+85CD	U+85CD
9796	4310	U+862D	U+862D
9797	4311	U+89A7	U+89A7
9798	4312	U+5229	U+5229
9799	4313	U+540F	U+540F
979A	4314	U+5C65	U+5C65
979B	4315	U+674E	U+674E
979C	4316	U+68A8	U+68A8
979D	4317	U+7406	U+7406
979E	4318	U+7483	U+7483
979F	4319	U+75E2	U+75E2
97A0	4320	U+88CF	U+88CF
97A1	4321	U+88E1	U+88E1
97A2	4322	U+91CC	U+91CC
97A3	4323	U+96E2	U+96E2
97A4	4324	U+9678	U+9678
97A5	4325	U+5F8B	U+5F8B
97A6	4326	U+7387	U+7387
97A7	4327	U+7ACB	U+7ACB
97A8	4328	U+844E	U+844E
97A9	4329	U+63A0	U+63A0
97AA	4330	U+7565	U+7565
97AB	4331	U+5289	U+5289
97AC	4332	U+6D41	U+6D41
97AD	4333	U+6E9C	U+6E9C
97AE	4334	U+7409	U+7409
97AF	4335	U+7559	U+7559
97B0	4336	U+786B	U+786B
97B1	4337	U+7C92	U+7C92
97B2	4338	U+9686	U+9686
97B3	4339	U+7ADC	U+7ADC
97B4	4340	U+9F8D	U+9F8D
97B5	4341	U+4FB6	U+4FB6
97B6	4342	U+616E	U+616E
97B7	4343	U+65C5	U+65C5
97B8	4344	U+865C	U+865C
97B9	4345	U+4E86	U+4E86
97BA	4346	U+4EAE	U+4EAE
97BB	4347	U+50DA	U+50DA
97BC	4348	U+4E21	U+4E21
97BD	4349	U+51CC	U+51CC
97BE	4350	U+5BEE	U+5BEE
97BF	4351	U+6599	U+6599
97C0	4352	U+6881	U+6881
97C1	4353	U+6DBC	U+6DBC
97C2	4354	U+731F	U+731F
97C3	4355	U+7642	U+7642
97C4	4356	U+77AD	U+77AD
97C5	4357	U+7A1C	U+7A1C
97C6	4358	U+7CE7	U+7CE7
97C7	4359	U+826F	U+826F
97C8	4360	U+8AD2	U+8AD2
97C9	4361	U+907C	U+907C
97CA	4362	U+91CF	U+91CF
97CB	4363	U+9675	U+9675
97CC	4364	U+9818	U+9818
97CD	4365	U+529B	U+529B
97CE	4366	U+7DD1	U+7DD1
97CF	4367	U+502B	U+502B
97D0	4368	U+5398	U+5398
97D1	4369	U+6797	U+6797
97D2	4370	U+6DCB	U+6DCB
97D3	4371	U+71D0	U+71D0
97D4	4372	U+7433	U+7433
97D5	4373	U+81E8	U+81E8
97D6	4374	U+8F2A	U+8F2A
97D7	4375	U+96A3	U+96A3
97D8	4376	U+9C57	U+9C57
97D9	4377	U+9E9F	U+9E9F
97DA	4378	U+7460	U+7460
97DB	4379	U+5841	U+5841
97DC	4380	U+6D99	U+6D99
97DD	4381	U+7D2F	U+7D2F
97DE	4382	U+985E	U+985E
97DF	4383	U+4EE4	U+4EE4
97E0	4384	U+4F36	U+4F36
97E1	4385	U+4F8B	U+4F8B
97E2	4386	U+51B7	U+51B7
97E3	4387	U+52B1	U+52B1
97E4	4388	U+5DBA	U+5DBA
97E5	4389	U+601C	U+601C
97E6	4390	U+73B2	U+73B2
97E7	4391	U+793C	U+793C
97E8	4392	U+82D3	U+82D3
97E9	4393	U+9234	U+9234
97EA	4394	U+96B7	U+96B7
97EB	4395	U+96F6	U+96F6
97EC	4396	U+970A	U+970A
97ED	4397	U+9E97	U+9E97
97EE	4398	U+9F62	U+9F62
97EF	4399	U+66A6	U+66A6
97F0	4400	U+6B74	U+6B74
97F1	4401	U+5217	U+5217
97F2	4402	U+52A3	U+52A3
97F3	4403	U+70C8	U+70C8
97F4	4404	U+88C2	U+88C2
97F5	4405	U+5EC9	U+5EC9
97F6	4406	U+604B	U+604B
97F7	4407	U+6190	U+6190
97F8	4408	U+6F23	U+6F23
97F9	4409	U+7149	U+7149
97FA	4410	U+7C3E	U+7C3E
97FB	4411	U+7DF4	U+7DF4
97FC	4412	U+806F	U+806F
9840	4416	U+84EE	U+84EE
9841	4417	U+9023	U+9023
9842	4418	U+932C	U+932C
9843	4419	U+5442	U+5442
9844	4420	U+9B6F	U+9B6F
9845	4421	U+6AD3	U+6AD3
9846	4422	U+7089	U+7089
9847	4423	U+8CC2	U+8CC2
9848	4424	U+8DEF	U+8DEF
9849	4425	U+9732	U+9732
984A	4426	U+52B4	U+52B4
984B	4427	U+5A41	U+5A41
984C	4428	U+5ECA	U+5ECA
984D	4429	U+5F04	U+5F04
984E	4430	U+6717	U+6717
984F	4431	U+697C	U+697C
9850	4432	U+6994	U+6994
9851	4433	U+6D6A	U+6D6A
9852	4434	U+6F0F	U+6F0F
9853	4435	U+7262	U+7262
9854	4436	U+72FC	U+72FC
9855	4437	U+7BED	U+7BED
9856	4438	U+8001	U+8001
9857	4439	U+807E	U+807E
9858	4440	U+874B	U+874B
9859	4441	U+90CE	U+90CE
985A	4442	U+516D	U+516D
985B	4443	U+9E93	U+9E93
985C	4444	U+7984	U+7984
985D	4445	U+808B	U+808B
985E	4446	U+9332	U+9332
985F	4447	U+8AD6	U+8AD6
9860	4448	U+502D	U+502D
9861	4449	U+548C	U+548C
9862	4450	U+8A71	U+8A71
9863	4451	U+6B6A	U+6B6A
9864	4452	U+8CC4	U+8CC4
9865	4453	U+8107	U+8107
9866	4454	U+60D1	U+60D1
9867	4455	U+67A0	U+67A0
9868	4456	U+9DF2	U+9DF2
9869	4457	U+4E99	U+4E99
986A	4458	U+4E98	U+4E98
986B	4459	U+9C10	U+9C10
986C	4460	U+8A6B	U+8A6B
986D	4461	U+85C1	U+85C1
986E	4462	U+8568	U+8568
986F	4463	U+6900	U+6900
9870	4464	U+6E7E	U+6E7E
9871	4465	U+7897	U+7897
9872	4466	U+8155	U+8155
9873	4467		U+30FB
9874	4468		U+30FB
9875	4469		U+30FB
9876	4470		U+30FB
9877	4471		U+30FB
9878	4472		U+30FB
9879	4473		U+30FB
987A	4474		U+30FB
987B	4475		U+30FB
987C	4476		U+30FB
987D	4477		U+30FB
987E	4478		U+30FB
9880	4480		U+30FB
9881	4481		U+30FB
9882	4482		U+30FB
9883	4483		U+30FB
9884	4484		U+30FB
9885	4485		U+30FB
9886	4486		U+30FB
9887	4487		U+30FB
9888	4488		U+30FB
9889	4489		U+30FB
988A	4490		U+30FB
988B	4491		U+30FB
988C	4492		U+30FB
988D	4493		U+30FB
988E	4494		U+30FB
988F	4495		U+30FB
9890	4496		U+30FB
9891	4497		U+30FB
9892	4498		U+30FB
9893	4499		U+30FB
9894	4500		U+30FB
9895	4501		U+30FB
9896	4502		U+30FB
9897	4503		U+30FB
9898	4504		U+30FB
9899	4505		U+30FB
989A	4506		U+30FB
989B	4507		U+30FB
989C	4508		U+30FB
989D	4509		U+30FB
989E	4510		U+30FB
989F	4511	U+5F0C	U+5F0C
98A0	4512	U+4E10	U+4E10
98A1	4513	U+4E15	U+4E15
98A2	4514	U+4E2A	U+4E2A
98A3	4515	U+4E31	U+4E31
98A4	4516	U+4E36	U+4E36
98A5	4517	U+4E3C	U+4E3C
98A6	4518	U+4E3F	U+4E3F
98A7	4519	U+4E42	U+4E42
98A8	4520	U+4E56	U+4E56
98A9	4521	U+4E58	U+4E58
98AA	4522	U+4E82	U+4E82
98AB	4523	U+4E85	U+4E85
98AC	4524	U+8C6B	U+8C6B
98AD	4525	U+4E8A	U+4E8A
98AE	4526	U+8212	U+8212
98AF	4527	U+5F0D	U+5F0D
98B0	4528	U+4E8E	U+4E8E
98B1	4529	U+4E9E	U+4E9E
98B2	4530	U+4E9F	U+4E9F
98B3	4531	U+4EA0	U+4EA0
98B4	4532	U+4EA2	U+4EA2
98B5	4533	U+4EB0	U+4EB0
98B6	4534	U+4EB3	U+4EB3
98B7	4535	U+4EB6	U+4EB6
98B8	4536	U+4ECE	U+4ECE
98B9	4537	U+4ECD	U+4ECD
98BA	4538	U+4EC4	U+4EC4
98BB	4539	U+4EC6	U+4EC6
98BC	4540	U+4EC2	U+4EC2
98BD	4541	U+4ED7	U+4ED7
98BE	4542	U+4EDE	U+4EDE
98BF	4543	U+4EED	U+4EED
98C0	4544	U+4EDF	U+4EDF
98C1	4545	U+4EF7	U+4EF7
98C2	4546	U+4F09	U+4F09
98C3	4547	U+4F5A	U+4F5A
98C4	4548	U+4F30	U+4F30
98C5	4549	U+4F5B	U+4F5B
98C6	4550	U+4F5D	U+4F5D
98C7	4551	U+4F57	U+4F57
98C8	4552	U+4F47	U+4F47
98C9	4553	U+4F76	U+4F76
98CA	4554	U+4F88	U+4F88
98CB	4555	U+4F8F	U+4F8F
98CC	4556	U+4F98	U+4F98
98CD	4557	U+4F7B	U+4F7B
98CE	4558	U+4F69	U+4F69
98CF	4559	U+4F70	U+4F70
98D0	4560	U+4F91	U+4F91
98D1	4561	U+4F6F	U+4F6F
98D2	4562	U+4F86	U+4F86
98D3	4563	U+4F96	U+4F96
98D4	4564	U+5118	U+5118
98D5	4565	U+4FD4	U+4FD4
98D6	4566	U+4FDF	U+4FDF
98D7	4567	U+4FCE	U+4FCE
98D8	4568	U+4FD8	U+4FD8
98D9	4569	U+4FDB	U+4FDB
98DA	4570	U+4FD1	U+4FD1
98DB	4571	U+4FDA	U+4FDA
98DC	4572	U+4FD0	U+4FD0
98DD	4573	U+4FE4	U+4FE4
98DE	4574	U+4FE5	U+4FE5
98DF	4575	U+501A	U+501A
98E0	4576	U+5028	U+5028
98E1	4577	U+5014	U+5014
98E2	4578	U+502A	U+502A
98E3	4579	U+5025	U+5025
98E4	4580	U+5005	U+5005
98E5	4581	U+4F1C	U+4F1C
98E6	4582	U+4FF6	U+4FF6
98E7	4583	U+5021	U+5021
98E8	4584	U+5029	U+5029
98E9	4585	U+502C	U+502C
98EA	4586	U+4FFE	U+4FFE
98EB	4587	U+4FEF	U+4FEF
98EC	4588	U+5011	U+5011
98ED	4589	U+5006	U+5006
98EE	4590	U+5043	U+5043
98EF	4591	U+5047	U+5047
98F0	4592	U+6703	U+6703
98F1	4593	U+5055	U+5055
98F2	4594	U+5050	U+5050
98F3	4595	U+5048	U+5048
98F4	4596	U+505A	U+505A
98F5	4597	U+5056	U+5056
98F6	4598	U+506C	U+506C
98F7	4599	U+5078	U+5078
98F8	4600	U+5080	U+5080
98F9	4601	U+509A	U+509A
98FA	4602	U+5085	U+5085
98FB	4603	U+50B4	U+50B4
98FC	4604	U+50B2	U+50B2
9940	4608	U+50C9	U+50C9
9941	4609	U+50CA	U+50CA
9942	4610	U+50B3	U+50B3
9943	4611	U+50C2	U+50C2
9944	4612	U+50D6	U+50D6
9945	4613	U+50DE	U+50DE
9946	4614	U+50E5	U+50E5
9947	4615	U+50ED	U+50ED
9948	4616	U+50E3	U+50E3
9949	4617	U+50EE	U+50EE
994A	4618	U+50F9	U+50F9
994B	4619	U+50F5	U+50F5
994C	4620	U+5109	U+5109
994D	4621	U+5101	U+5101
994E	4622	U+5102	U+5102
994F	4623	U+5116	U+5116
9950	4624	U+5115	U+5115
9951	4625	U+5114	U+5114
9952	4626	U+511A	U+511A
9953	4627	U+5121	U+5121
9954	4628	U+513A	U+513A
9955	4629	U+5137	U+5137
9956	4630	U+513C	U+513C
9957	4631	U+513B	U+513B
9958	4632	U+513F	U+513F
9959	4633	U+5140	U+5140
995A	4634	U+5152	U+5152
995B	4635	U+514C	U+514C
995C	4636	U+5154	U+5154
995D	4637	U+5162	U+5162
995E	4638	U+7AF8	U+7AF8
995F	4639	U+5169	U+5169
9960	4640	U+516A	U+516A
9961	4641	U+516E	U+516E
9962	4642	U+5180	U+5180
9963	4643	U+5182	U+5182
9964	4644	U+56D8	U+56D8
9965	4645	U+518C	U+518C
9966	4646	U+5189	U+5189
9967	4647	U+518F	U+518F
9968	4648	U+5191	U+5191
9969	4649	U+5193	U+5193
996A	4650	U+5195	U+5195
996B	4651	U+5196	U+5196
996C	4652	U+51A4	U+51A4
996D	4653	U+51A6	U+51A6
996E	4654	U+51A2	U+51A2
996F	4655	U+51A9	U+51A9
9970	4656	U+51AA	U+51AA
9971	4657	U+51AB	U+51AB
9972	4658	U+51B3	U+51B3
9973	4659	U+51B1	U+51B1
9974	4660	U+51B2	U+51B2
9975	4661	U+51B0	U+51B0
9976	4662	U+51B5	U+51B5
9977	4663	U+51BD	U+51BD
9978	4664	U+51C5	U+51C5
9979	4665	U+51C9	U+51C9
997A	4666	U+51DB	U+51DB
997B	4667	U+51E0	U+51E0
997C	4668	U+8655	U+8655
997D	4669	U+51E9	U+51E9
997E	4670	U+51ED	U+51ED
9980	4672	U+51F0	U+51F0
9981	4673	U+51F5	U+51F5
9982	4674	U+51FE	U+51FE
9983	4675	U+5204	U+5204
9984	4676	U+520B	U+520B
9985	4677	U+5214	U+5214
9986	4678	U+520E	U+520E
9987	4679	U+5227	U+5227
9988	4680	U+522A	U+522A
9989	4681	U+522E	U+522E
998A	4682	U+5233	U+5233
998B	4683	U+5239	U+5239
998C	4684	U+524F	U+524F
998D	4685	U+5244	U+5244
998E	4686	U+524B	U+524B
998F	4687	U+524C	U+524C
9990	4688	U+525E	U+525E
9991	4689	U+5254	U+5254
9992	4690	U+526A	U+526A
9993	4691	U+5274	U+5274
9994	4692	U+5269	U+5269
9995	4693	U+5273	U+5273
9996	4694	U+527F	U+527F
9997	4695	U+527D	U+527D
9998	4696	U+528D	U+528D
9999	4697	U+5294	U+5294
999A	4698	U+5292	U+5292
999B	4699	U+5271	U+5271
999C	4700	U+5288	U+5288
999D	4701	U+5291	U+5291
999E	4702	U+8FA8	U+8FA8
999F	4703	U+8FA7	U+8FA7
99A0	4704	U+52AC	U+52AC
99A1	4705	U+52AD	U+52AD
99A2	4706	U+52BC	U+52BC
99A3	4707	U+52B5	U+52B5
99A4	4708	U+52C1	U+52C1
99A5	4709	U+52CD	U+52CD
99A6	4710	U+52D7	U+52D7
99A7	4711	U+52DE	U+52DE
99A8	4712	U+52E3	U+52E3
99A9	4713	U+52E6	U+52E6
99AA	4714	U+98ED	U+98ED
99AB	4715	U+52E0	U+52E0
99AC	4716	U+52F3	U+52F3
99AD	4717	U+52F5	U+52F5
99AE	4718	U+52F8	U+52F8
99AF	4719	U+52F9	U+52F9
99B0	4720	U+5306	U+5306
99B1	4721	U+5308	U+5308
99B2	4722	U+7538	U+7538
99B3	4723	U+530D	U+530D
99B4	4724	U+5310	U+5310
99B5	4725	U+530F	U+530F
99B6	4726	U+5315	U+5315
99B7	4727	U+531A	U+531A
99B8	4728	U+5323	U+5323
99B9	4729	U+532F	U+532F
99BA	4730	U+5331	U+5331
99BB	4731	U+5333	U+5333
99BC	4732	U+5338	U+5338
99BD	4733	U+5340	U+5340
99BE	4734	U+5346	U+5346
99BF	4735	U+5345	U+5345
99C0	4736	U+4E17	U+4E17
99C1	4737	U+5349	U+5349
99C2	4738	U+534D	U+534D
99C3	4739	U+51D6	U+51D6
99C4	4740	U+535E	U+535E
99C5	4741	U+5369	U+5369
99C6	4742	U+536E	U+536E
99C7	4743	U+5918	U+5918
99C8	4744	U+537B	U+537B
99C9	4745	U+5377	U+5377
99CA	4746	U+5382	U+5382
99CB	4747	U+5396	U+5396
99CC	4748	U+53A0	U+53A0
99CD	4749	U+53A6	U+53A6
99CE	4750	U+53A5	U+53A5
99CF	4751	U+53AE	U+53AE
99D0	4752	U+53B0	U+53B0
99D1	4753	U+53B6	U+53B6
99D2	4754	U+53C3	U+53C3
99D3	4755	U+7C12	U+7C12
99D4	4756	U+96D9	U+96D9
99D5	4757	U+53DF	U+53DF
99D6	4758	U+66FC	U+66FC
99D7	4759	U+71EE	U+71EE
99D8	4760	U+53EE	U+53EE
99D9	4761	U+53E8	U+53E8
99DA	4762	U+53ED	U+53ED
99DB	4763	U+53FA	U+53FA
99DC	4764	U+5401	U+5401
99DD	4765	U+543D	U+543D
99DE	4766	U+5440	U+5440
99DF	4767	U+542C	U+542C
99E0	4768	U+542D	U+542D
99E1	4769	U+543C	U+543C
99E2	4770	U+542E	U+542E
99E3	4771	U+5436	U+5436
99E4	4772	U+5429	U+5429
99E5	4773	U+541D	U+541D
99E6	4774	U+544E	U+544E
99E7	4775	U+548F	U+548F
99E8	4776	U+5475	U+5475
99E9	4777	U+548E	U+548E
99EA	4778	U+545F	U+545F
99EB	4779	U+5471	U+5471
99EC	4780	U+5477	U+5477
99ED	4781	U+5470	U+5470
99EE	4782	U+5492	U+5492
99EF	4783	U+547B	U+547B
99F0	4784	U+5480	U+5480
99F1	4785	U+5476	U+5476
99F2	4786	U+5484	U+5484
99F3	4787	U+5490	U+5490
99F4	4788	U+5486	U+5486
99F5	4789	U+54C7	U+54C7
99F6	4790	U+54A2	U+54A2
99F7	4791	U+54B8	U+54B8
99F8	4792	U+54A5	U+54A5
99F9	4793	U+54AC	U+54AC
99FA	4794	U+54C4	U+54C4
99FB	4795	U+54C8	U+54C8
99FC	4796	U+54A8	U+54A8
9A40	4800	U+54AB	U+54AB
9A41	4801	U+54C2	U+54C2
9A42	4802	U+54A4	U+54A4
9A43	4803	U+54BE	U+54BE
9A44	4804	U+54BC	U+54BC
9A45	4805	U+54D8	U+54D8
9A46	4806	U+54E5	U+54E5
9A47	4807	U+54E6	U+54E6
9A48	4808	U+550F	U+550F
9A49	4809	U+5514	U+5514
9A4A	4810	U+54FD	U+54FD
9A4B	4811	U+54EE	U+54EE
9A4C	4812	U+54ED	U+54ED
9A4D	4813	U+54FA	U+54FA
9A4E	4814	U+54E2	U+54E2
9A4F	4815	U+5539	U+5539
9A50	4816	U+5540	U+5540
9A51	4817	U+5563	U+5563
9A52	4818	U+554C	U+554C
9A53	4819	U+552E	U+552E
9A54	4820	U+555C	U+555C
9A55	4821	U+5545	U+5545
9A56	4822	U+5556	U+5556
9A57	4823	U+5557	U+5557
9A58	4824	U+5538	U+5538
9A59	4825	U+5533	U+5533
9A5A	4826	U+555D	U+555D
9A5B	4827	U+5599	U+5599
9A5C	4828	U+5580	U+5580
9A5D	4829	U+54AF	U+54AF
9A5E	4830	U+558A	U+558A
9A5F	4831	U+559F	U+559F
9A60	4832	U+557B	U+557B
9A61	4833	U+557E	U+557E
9A62	4834	U+5598	U+5598
9A63	4835	U+559E	U+559E
9A64	4836	U+55AE	U+55AE
9A65	4837	U+557C	U+557C
9A66	4838	U+5583	U+5583
9A67	4839	U+55A9	U+55A9
9A68	4840	U+5587	U+5587
9A69	4841	U+55A8	U+55A8
9A6A	4842	U+55DA	U+55DA
9A6B	4843	U+55C5	U+55C5
9A6C	4844	U+55DF	U+55DF
9A6D	4845	U+55C4	U+55C4
9A6E	4846	U+55DC	U+55DC
9A6F	4847	U+55E4	U+55E4
9A70	4848	U+55D4	U+55D4
9A71	4849	U+5614	U+5614
9A72	4850	U+55F7	U+55F7
9A73	4851	U+5616	U+5616
9A74	4852	U+55FE	U+55FE
9A75	4853	U+55FD	U+55FD
9A76	4854	U+561B	U+561B
9A77	4855	U+55F9	U+55F9
9A78	4856	U+564E	U+564E
9A79	4857	U+5650	U+5650
9A7A	4858	U+71DF	U+71DF
9A7B	4859	U+5634	U+5634
9A7C	4860	U+5636	U+5636
9A7D	4861	U+5632	U+5632
9A7E	4862	U+5638	U+5638
9A80	4864	U+566B	U+566B
9A81	4865	U+5664	U+5664
9A82	4866	U+562F	U+562F
9A83	4867	U+566C	U+566C
9A84	4868	U+566A	U+566A
9A85	4869	U+5686	U+5686
9A86	4870	U+5680	U+5680
9A87	4871	U+568A	U+568A
9A88	4872	U+56A0	U+56A0
9A89	4873	U+5694	U+5694
9A8A	4874	U+568F	U+568F
9A8B	4875	U+56A5	U+56A5
9A8C	4876	U+56AE	U+56AE
9A8D	4877	U+56B6	U+56B6
9A8E	4878	U+56B4	U+56B4
9A8F	4879	U+56C2	U+56C2
9A90	4880	U+56BC	U+56BC
9A91	4881	U+56C1	U+56C1
9A92	4882	U+56C3	U+56C3
9A93	4883	U+56C0	U+56C0
9A94	4884	U+56C8	U+56C8
9A95	4885	U+56CE	U+56CE
9A96	4886	U+56D1	U+56D1
9A97	4887	U+56D3	U+56D3
9A98	4888	U+56D7	U+56D7
9A99	4889	U+56EE	U+56EE
9A9A	4890	U+56F9	U+56F9
9A9B	4891	U+5700	U+5700
9A9C	4892	U+56FF	U+56FF
9A9D	4893	U+5704	U+5704
9A9E	4894	U+5709	U+5709
9A9F	4895	U+5708	U+5708
9AA0	4896	U+570B	U+570B
9AA1	4897	U+570D	U+570D
9AA2	4898	U+5713	U+5713
9AA3	4899	U+5718	U+5718
9AA4	4900	U+5716	U+5716
9AA5	4901	U+55C7	U+55C7
9AA6	4902	U+571C	U+571C
9AA7	4903	U+5726	U+5726
9AA8	4904	U+5737	U+5737
9AA9	4905	U+5738	U+5738
9AAA	4906	U+574E	U+574E
9AAB	4907	U+573B	U+573B
9AAC	4908	U+5740	U+5740
9AAD	4909	U+574F	U+574F
9AAE	4910	U+5769	U+5769
9AAF	4911	U+57C0	U+57C0
9AB0	4912	U+5788	U+5788
9AB1	4913	U+5761	U+5761
9AB2	4914	U+577F	U+577F
9AB3	4915	U+5789	U+5789
9AB4	4916	U+5793	U+5793
9AB5	4917	U+57A0	U+57A0
9AB6	4918	U+57B3	U+57B3
9AB7	4919	U+57A4	U+57A4
9AB8	4920	U+57AA	U+57AA
9AB9	4921	U+57B0	U+57B0
9ABA	4922	U+57C3	U+57C3
9ABB	4923	U+57C6	U+57C6
9ABC	4924	U+57D4	U+57D4
9ABD	4925	U+57D2	U+57D2
9ABE	4926	U+57D3	U+57D3
9ABF	4927	U+580A	U+580A
9AC0	4928	U+57D6	U+57D6
9AC1	4929	U+57E3	U+57E3
9AC2	4930	U+580B	U+580B
9AC3	4931	U+5819	U+5819
9AC4	4932	U+581D	U+581D
9AC5	4933	U+5872	U+5872
9AC6	4934	U+5821	U+5821
9AC7	4935	U+5862	U+5862
9AC8	4936	U+584B	U+584B
9AC9	4937	U+5870	U+5870
9ACA	4938	U+6BC0	U+6BC0
9ACB	4939	U+5852	U+5852
9ACC	4940	U+583D	U+583D
9ACD	4941	U+5879	U+5879
9ACE	4942	U+5885	U+5885
9ACF	4943	U+58B9	U+58B9
9AD0	4944	U+589F	U+589F
9AD1	4945	U+58AB	U+58AB
9AD2	4946	U+58BA	U+58BA
9AD3	4947	U+58DE	U+58DE
9AD4	4948	U+58BB	U+58BB
9AD5	4949	U+58B8	U+58B8
9AD6	4950	U+58AE	U+58AE
9AD7	4951	U+58C5	U+58C5
9AD8	4952	U+58D3	U+58D3
9AD9	4953	U+58D1	U+58D1
9ADA	4954	U+58D7	U+58D7
9ADB	4955	U+58D9	U+58D9
9ADC	4956	U+58D8	U+58D8
9ADD	4957	U+58E5	U+58E5
9ADE	4958	U+58DC	U+58DC
9ADF	4959	U+58E4	U+58E4
9AE0	4960	U+58DF	U+58DF
9AE1	4961	U+58EF	U+58EF
9AE2	4962	U+58FA	U+58FA
9AE3	4963	U+58F9	U+58F9
9AE4	4964	U+58FB	U+58FB
9AE5	4965	U+58FC	U+58FC
9AE6	4966	U+58FD	U+58FD
9AE7	4967	U+5902	U+5902
9AE8	4968	U+590A	U+590A
9AE9	4969	U+5910	U+5910
9AEA	4970	U+591B	U+591B
9AEB	4971	U+68A6	U+68A6
9AEC	4972	U+5925	U+5925
9AED	4973	U+592C	U+592C
9AEE	4974	U+592D	U+592D
9AEF	4975	U+5932	U+5932
9AF0	4976	U+5938	U+5938
9AF1	4977	U+593E	U+593E
9AF2	4978	U+7AD2	U+7AD2
9AF3	4979	U+5955	U+5955
9AF4	4980	U+5950	U+5950
9AF5	4981	U+594E	U+594E
9AF6	4982	U+595A	U+595A
9AF7	4983	U+5958	U+5958
9AF8	4984	U+5962	U+5962
9AF9	4985	U+5960	U+5960
9AFA	4986	U+5967	U+5967
9AFB	4987	U+596C	U+596C
9AFC	4988	U+5969	U+5969
9B40	4992	U+5978	U+5978
9B41	4993	U+5981	U+5981
9B42	4994	U+599D	U+599D
9B43	4995	U+4F5E	U+4F5E
9B44	4996	U+4FAB	U+4FAB
9B45	4997	U+59A3	U+59A3
9B46	4998	U+59B2	U+59B2
9B47	4999	U+59C6	U+59C6
9B48	5000	U+59E8	U+59E8
9B49	5001	U+59DC	U+59DC
9B4A	5002	U+598D	U+598D
9B4B	5003	U+59D9	U+59D9
9B4C	5004	U+59DA	U+59DA
9B4D	5005	U+5A25	U+5A25
9B4E	5006	U+5A1F	U+5A1F
9B4F	5007	U+5A11	U+5A11
9B50	5008	U+5A1C	U+5A1C
9B51	5009	U+5A09	U+5A09
9B52	5010	U+5A1A	U+5A1A
9B53	5011	U+5A40	U+5A40
9B54	5012	U+5A6C	U+5A6C
9B55	5013	U+5A49	U+5A49
9B56	5014	U+5A35	U+5A35
9B57	5015	U+5A36	U+5A36
9B58	5016	U+5A62	U+5A62
9B59	5017	U+5A6A	U+5A6A
9B5A	5018	U+5A9A	U+5A9A
9B5B	5019	U+5ABC	U+5ABC
9B5C	5020	U+5ABE	U+5ABE
9B5D	5021	U+5ACB	U+5ACB
9B5E	5022	U+5AC2	U+5AC2
9B5F	5023	U+5ABD	U+5ABD
9B60	5024	U+5AE3	U+5AE3
9B61	5025	U+5AD7	U+5AD7
9B62	5026	U+5AE6	U+5AE6
9B63	5027	U+5AE9	U+5AE9
9B64	5028	U+5AD6	U+5AD6
9B65	5029	U+5AFA	U+5AFA
9B66	5030	U+5AFB	U+5AFB
9B67	5031	U+5B0C	U+5B0C
9B68	5032	U+5B0B	U+5B0B
9B69	5033	U+5B16	U+5B16
9B6A	5034	U+5B32	U+5B32
9B6B	5035	U+5AD0	U+5AD0
9B6C	5036	U+5B2A	U+5B2A
9B6D	5037	U+5B36	U+5B36
9B6E	5038	U+5B3E	U+5B3E
9B6F	5039	U+5B43	U+5B43
9B70	5040	U+5B45	U+5B45
9B71	5041	U+5B40	U+5B40
9B72	5042	U+5B51	U+5B51
9B73	5043	U+5B55	U+5B55
9B74	5044	U+5B5A	U+5B5A
9B75	5045	U+5B5B	U+5B5B
9B76	5046	U+5B65	U+5B65
9B77	5047	U+5B69	U+5B69
9B78	5048	U+5B70	U+5B70
9B79	5049	U+5B73	U+5B73
9B7A	5050	U+5B75	U+5B75
9B7B	5051	U+5B78	U+5B78
9B7C	5052	U+6588	U+6588
9B7D	5053	U+5B7A	U+5B7A
9B7E	5054	U+5B80	U+5B80
9B80	5056	U+5B83	U+5B83
9B81	5057	U+5BA6	U+5BA6
9B82	5058	U+5BB8	U+5BB8
9B83	5059	U+5BC3	U+5BC3
9B84	5060	U+5BC7	U+5BC7
9B85	5061	U+5BC9	U+5BC9
9B86	5062	U+5BD4	U+5BD4
9B87	5063	U+5BD0	U+5BD0
9B88	5064	U+5BE4	U+5BE4
9B89	5065	U+5BE6	U+5BE6
9B8A	5066	U+5BE2	U+5BE2
9B8B	5067	U+5BDE	U+5BDE
9B8C	5068	U+5BE5	U+5BE5
9B8D	5069	U+5BEB	U+5BEB
9B8E	5070	U+5BF0	U+5BF0
9B8F	5071	U+5BF6	U+5BF6
9B90	5072	U+5BF3	U+5BF3
9B91	5073	U+5C05	U+5C05
9B92	5074	U+5C07	U+5C07
9B93	5075	U+5C08	U+5C08
9B94	5076	U+5C0D	U+5C0D
9B95	5077	U+5C13	U+5C13
9B96	5078	U+5C20	U+5C20
9B97	5079	U+5C22	U+5C22
9B98	5080	U+5C28	U+5C28
9B99	5081	U+5C38	U+5C38
9B9A	5082	U+5C39	U+5C39
9B9B	5083	U+5C41	U+5C41
9B9C	5084	U+5C46	U+5C46
9B9D	5085	U+5C4E	U+5C4E
9B9E	5086	U+5C53	U+5C53
9B9F	5087	U+5C50	U+5C50
9BA0	5088	U+5C4F	U+5C4F
9BA1	5089	U+5B71	U+5B71
9BA2	5090	U+5C6C	U+5C6C
9BA3	5091	U+5C6E	U+5C6E
9BA4	5092	U+4E62	U+4E62
9BA5	5093	U+5C76	U+5C76
9BA6	5094	U+5C79	U+5C79
9BA7	5095	U+5C8C	U+5C8C
9BA8	5096	U+5C91	U+5C91
9BA9	5097	U+5C94	U+5C94
9BAA	5098	U+599B	U+599B
9BAB	5099	U+5CAB	U+5CAB
9BAC	5100	U+5CBB	U+5CBB
9BAD	5101	U+5CB6	U+5CB6
9BAE	5102	U+5CBC	U+5CBC
9BAF	5103	U+5CB7	U+5CB7
9BB0	5104	U+5CC5	U+5CC5
9BB1	5105	U+5CBE	U+5CBE
9BB2	5106	U+5CC7	U+5CC7
9BB3	5107	U+5CD9	U+5CD9
9BB4	5108	U+5CE9	U+5CE9
9BB5	5109	U+5CFD	U+5CFD
9BB6	5110	U+5CFA	U+5CFA
9BB7	5111	U+5CED	U+5CED
9BB8	5112	U+5D8C	U+5D8C
9BB9	5113	U+5CEA	U+5CEA
9BBA	5114	U+5D0B	U+5D0B
9BBB	5115	U+5D15	U+5D15
9BBC	5116	U+5D17	U+5D17
9BBD	5117	U+5D5C	U+5D5C
9BBE	5118	U+5D1F	U+5D1F
9BBF	5119	U+5D1B	U+5D1B
9BC0	5120	U+5D11	U+5D11
9BC1	5121	U+5D14	U+5D14
9BC2	5122	U+5D22	U+5D22
9BC3	5123	U+5D1A	U+5D1A
9BC4	5124	U+5D19	U+5D19
9BC5	5125	U+5D18	U+5D18
9BC6	5126	U+5D4C	U+5D4C
9BC7	5127	U+5D52	U+5D52
9BC8	5128	U+5D4E	U+5D4E
9BC9	5129	U+5D4B	U+5D4B
9BCA	5130	U+5D6C	U+5D6C
9BCB	5131	U+5D73	U+5D73
9BCC	5132	U+5D76	U+5D76
9BCD	5133	U+5D87	U+5D87
9BCE	5134	U+5D84	U+5D84
9BCF	5135	U+5D82	U+5D82
9BD0	5136	U+5DA2	U+5DA2
9BD1	5137	U+5D9D	U+5D9D
9BD2	5138	U+5DAC	U+5DAC
9BD3	5139	U+5DAE	U+5DAE
9BD4	5140	U+5DBD	U+5DBD
9BD5	5141	U+5D90	U+5D90
9BD6	5142	U+5DB7	U+5DB7
9BD7	5143	U+5DBC	U+5DBC
9BD8	5144	U+5DC9	U+5DC9
9BD9	5145	U+5DCD	U+5DCD
9BDA	5146	U+5DD3	U+5DD3
9BDB	5147	U+5DD2	U+5DD2
9BDC	5148	U+5DD6	U+5DD6
9BDD	5149	U+5DDB	U+5DDB
9BDE	5150	U+5DEB	U+5DEB
9BDF	5151	U+5DF2	U+5DF2
9BE0	5152	U+5DF5	U+5DF5
9BE1	5153	U+5E0B	U+5E0B
9BE2	5154	U+5E1A	U+5E1A
9BE3	5155	U+5E19	U+5E19
9BE4	5156	U+5E11	U+5E11
9BE5	5157	U+5E1B	U+5E1B
9BE6	5158	U+5E36	U+5E36
9BE7	5159	U+5E37	U+5E37
9BE8	5160	U+5E44	U+5E44
9BE9	5161	U+5E43	U+5E43
9BEA	5162	U+5E40	U+5E40
9BEB	5163	U+5E4E	U+5E4E
9BEC	5164	U+5E57	U+5E57
9BED	5165	U+5E54	U+5E54
9BEE	5166	U+5E5F	U+5E5F
9BEF	5167	U+5E62	U+5E62
9BF0	5168	U+5E64	U+5E64
9BF1	5169	U+5E47	U+5E47
9BF2	5170	U+5E75	U+5E75
9BF3	5171	U+5E76	U+5E76
9BF4	5172	U+5E7A	U+5E7A
9BF5	5173	U+9EBC	U+9EBC
9BF6	5174	U+5E7F	U+5E7F
9BF7	5175	U+5EA0	U+5EA0
9BF8	5176	U+5EC1	U+5EC1
9BF9	5177	U+5EC2	U+5EC2
9BFA	5178	U+5EC8	U+5EC8
9BFB	5179	U+5ED0	U+5ED0
9BFC	5180	U+5ECF	U+5ECF
9C40	5184	U+5ED6	U+5ED6
9C41	5185	U+5EE3	U+5EE3
9C42	5186	U+5EDD	U+5EDD
9C43	5187	U+5EDA	U+5EDA
9C44	5188	U+5EDB	U+5EDB
9C45	5189	U+5EE2	U+5EE2
9C46	5190	U+5EE1	U+5EE1
9C47	5191	U+5EE8	U+5EE8
9C48	5192	U+5EE9	U+5EE9
9C49	5193	U+5EEC	U+5EEC
9C4A	5194	U+5EF1	U+5EF1
9C4B	5195	U+5EF3	U+5EF3
9C4C	5196	U+5EF0	U+5EF0
9C4D	5197	U+5EF4	U+5EF4
9C4E	5198	U+5EF8	U+5EF8
9C4F	5199	U+5EFE	U+5EFE
9C50	5200	U+5F03	U+5F03
9C51	5201	U+5F09	U+5F09
9C52	5202	U+5F5D	U+5F5D
9C53	5203	U+5F5C	U+5F5C
9C54	5204	U+5F0B	U+5F0B
9C55	5205	U+5F11	U+5F11
9C56	5206	U+5F16	U+5F16
9C57	5207	U+5F29	U+5F29
9C58	5208	U+5F2D	U+5F2D
9C59	5209	U+5F38	U+5F38
9C5A	5210	U+5F41	U+5F41
9C5B	5211	U+5F48	U+5F48
9C5C	5212	U+5F4C	U+5F4C
9C5D	5213	U+5F4E	U+5F4E
9C5E	5214	U+5F2F	U+5F2F
9C5F	5215	U+5F51	U+5F51
9C60	5216	U+5F56	U+5F56
9C61	5217	U+5F57	U+5F57
9C62	5218	U+5F59	U+5F59
9C63	5219	U+5F61	U+5F61
9C64	5220	U+5F6D	U+5F6D
9C65	5221	U+5F73	U+5F73
9C66	5222	U+5F77	U+5F77
9C67	5223	U+5F83	U+5F83
9C68	5224	U+5F82	U+5F82
9C69	5225	U+5F7F	U+5F7F
9C6A	5226	U+5F8A	U+5F8A
9C6B	5227	U+5F88	U+5F88
9C6C	5228	U+5F91	U+5F91
9C6D	5229	U+5F87	U+5F87
9C6E	5230	U+5F9E	U+5F9E
9C6F	5231	U+5F99	U+5F99
9C70	5232	U+5F98	U+5F98
9C71	5233	U+5FA0	U+5FA0
9C72	5234	U+5FA8	U+5FA8
9C73	5235	U+5FAD	U+5FAD
9C74	5236	U+5FBC	U+5FBC
9C75	5237	U+5FD6	U+5FD6
9C76	5238	U+5FFB	U+5FFB
9C77	5239	U+5FE4	U+5FE4
9C78	5240	U+5FF8	U+5FF8
9C79	5241	U+5FF1	U+5FF1
9C7A	5242	U+5FDD	U+5FDD
9C7B	5243	U+60B3	U+60B3
9C7C	5244	U+5FFF	U+5FFF
9C7D	5245	U+6021	U+6021
9C7E	5246	U+6060	U+6060
9C80	5248	U+6019	U+6019
9C81	5249	U+6010	U+6010
9C82	5250	U+6029	U+6029
9C83	5251	U+600E	U+600E
9C84	5252	U+6031	U+6031
9C85	5253	U+601B	U+601B
9C86	5254	U+6015	U+6015
9C87	5255	U+602B	U+602B
9C88	5256	U+6026	U+6026
9C89	5257	U+600F	U+600F
9C8A	5258	U+603A	U+603A
9C8B	5259	U+605A	U+605A
9C8C	5260	U+6041	U+6041
9C8D	5261	U+606A	U+606A
9C8E	5262	U+6077	U+6077
9C8F	5263	U+605F	U+605F
9C90	5264	U+604A	U+604A
9C91	5265	U+6046	U+6046
9C92	5266	U+604D	U+604D
9C93	5267	U+6063	U+6063
9C94	5268	U+6043	U+6043
9C95	5269	U+6064	U+6064
9C96	5270	U+6042	U+6042
9C97	5271	U+606C	U+606C
9C98	5272	U+606B	U+606B
9C99	5273	U+6059	U+6059
9C9A	5274	U+6081	U+6081
9C9B	5275	U+608D	U+608D
9C9C	5276	U+60E7	U+60E7
9C9D	5277	U+6083	U+6083
9C9E	5278	U+609A	U+609A
9C9F	5279	U+6084	U+6084
9CA0	5280	U+609B	U+609B
9CA1	5281	U+6096	U+6096
9CA2	5282	U+6097	U+6097
9CA3	5283	U+6092	U+6092
9CA4	5284	U+60A7	U+60A7
9CA5	5285	U+608B	U+608B
9CA6	5286	U+60E1	U+60E1
9CA7	5287	U+60B8	U+60B8
9CA8	5288	U+60E0	U+60E0
9CA9	5289	U+60D3	U+60D3
9CAA	5290	U+60B4	U+60B4
9CAB	5291	U+5FF0	U+5FF0
9CAC	5292	U+60BD	U+60BD
9CAD	5293	U+60C6	U+60C6
9CAE	5294	U+60B5	U+60B5
9CAF	5295	U+60D8	U+60D8
9CB0	5296	U+614D	U+614D
9CB1	5297	U+6115	U+6115
9CB2	5298	U+6106	U+6106
9CB3	5299	U+60F6	U+60F6
9CB4	5300	U+60F7	U+60F7
9CB5	5301	U+6100	U+6100
9CB6	5302	U+60F4	U+60F4
9CB7	5303	U+60FA	U+60FA
9CB8	5304	U+6103	U+6103
9CB9	5305	U+6121	U+6121
9CBA	5306	U+60FB	U+60FB
9CBB	5307	U+60F1	U+60F1
9CBC	5308	U+610D	U+610D
9CBD	5309	U+610E	U+610E
9CBE	5310	U+6147	U+6147
9CBF	5311	U+613E	U+613E
9CC0	5312	U+6128	U+6128
9CC1	5313	U+6127	U+6127
9CC2	5314	U+614A	U+614A
9CC3	5315	U+613F	U+613F
9CC4	5316	U+613C	U+613C
9CC5	5317	U+612C	U+612C
9CC6	5318	U+6134	U+6134
9CC7	5319	U+613D	U+613D
9CC8	5320	U+6142	U+6142
9CC9	5321	U+6144	U+6144
9CCA	5322	U+6173	U+6173
9CCB	5323	U+6177	U+6177
9CCC	5324	U+6158	U+6158
9CCD	5325	U+6159	U+6159
9CCE	5326	U+615A	U+615A
9CCF	5327	U+616B	U+616B
9CD0	5328	U+6174	U+6174
9CD1	5329	U+616F	U+616F
9CD2	5330	U+6165	U+6165
9CD3	5331	U+6171	U+6171
9CD4	5332	U+615F	U+615F
9CD5	5333	U+615D	U+615D
9CD6	5334	U+6153	U+6153
9CD7	5335	U+6175	U+6175
9CD8	5336	U+6199	U+6199
9CD9	5337	U+6196	U+6196
9CDA	5338	U+6187	U+6187
9CDB	5339	U+61AC	U+61AC
9CDC	5340	U+6194	U+6194
9CDD	5341	U+619A	U+619A
9CDE	5342	U+618A	U+618A
9CDF	5343	U+6191	U+6191
9CE0	5344	U+61AB	U+61AB
9CE1	5345	U+61AE	U+61AE
9CE2	5346	U+61CC	U+61CC
9CE3	5347	U+61CA	U+61CA
9CE4	5348	U+61C9	U+61C9
9CE5	5349	U+61F7	U+61F7
9CE6	5350	U+61C8	U+61C8
9CE7	5351	U+61C3	U+61C3
9CE8	5352	U+61C6	U+61C6
9CE9	5353	U+61BA	U+61BA
9CEA	5354	U+61CB	U+61CB
9CEB	5355	U+7F79	U+7F79
9CEC	5356	U+61CD	U+61CD
9CED	5357	U+61E6	U+61E6
9CEE	5358	U+61E3	U+61E3
9CEF	5359	U+61F6	U+61F6
9CF0	5360	U+61FA	U+61FA
9CF1	5361	U+61F4	U+61F4
9CF2	5362	U+61FF	U+61FF
9CF3	5363	U+61FD	U+61FD
9CF4	5364	U+61FC	U+61FC
9CF5	5365	U+61FE	U+61FE
9CF6	5366	U+6200	U+6200
9CF7	5367	U+6208	U+6208
9CF8	5368	U+6209	U+6209
9CF9	5369	U+620D	U+620D
9CFA	5370	U+620C	U+620C
9CFB	5371	U+6214	U+6214
9CFC	5372	U+621B	U+621B
9D40	5376	U+621E	U+621E
9D41	5377	U+6221	U+6221
9D42	5378	U+622A	U+622A
9D43	5379	U+622E	U+622E
9D44	5380	U+6230	U+6230
9D45	5381	U+6232	U+6232
9D46	5382	U+6233	U+6233
9D47	5383	U+6241	U+6241
9D48	5384	U+624E	U+624E
9D49	5385	U+625E	U+625E
9D4A	5386	U+6263	U+6263
9D4B	5387	U+625B	U+625B
9D4C	5388	U+6260	U+6260
9D4D	5389	U+6268	U+6268
9D4E	5390	U+627C	U+627C
9D4F	5391	U+6282	U+6282
9D50	5392	U+6289	U+6289
9D51	5393	U+627E	U+627E
9D52	5394	U+6292	U+6292
9D53	5395	U+6293	U+6293
9D54	5396	U+6296	U+6296
9D55	5397	U+62D4	U+62D4
9D56	5398	U+6283	U+6283
9D57	5399	U+6294	U+6294
9D58	5400	U+62D7	U+62D7
9D59	5401	U+62D1	U+62D1
9D5A	5402	U+62BB	U+62BB
9D5B	5403	U+62CF	U+62CF
9D5C	5404	U+62FF	U+62FF
9D5D	5405	U+62C6	U+62C6
9D5E	5406	U+64D4	U+64D4
9D5F	5407	U+62C8	U+62C8
9D60	5408	U+62DC	U+62DC
9D61	5409	U+62CC	U+62CC
9D62	5410	U+62CA	U+62CA
9D63	5411	U+62C2	U+62C2
9D64	5412	U+62C7	U+62C7
9D65	5413	U+629B	U+629B
9D66	5414	U+62C9	U+62C9
9D67	5415	U+630C	U+630C
9D68	5416	U+62EE	U+62EE
9D69	5417	U+62F1	U+62F1
9D6A	5418	U+6327	U+6327
9D6B	5419	U+6302	U+6302
9D6C	5420	U+6308	U+6308
9D6D	5421	U+62EF	U+62EF
9D6E	5422	U+62F5	U+62F5
9D6F	5423	U+6350	U+6350
9D70	5424	U+633E	U+633E
9D71	5425	U+634D	U+634D
9D72	5426	U+641C	U+641C
9D73	5427	U+634F	U+634F
9D74	5428	U+6396	U+6396
9D75	5429	U+638E	U+638E
9D76	5430	U+6380	U+6380
9D77	5431	U+63AB	U+63AB
9D78	5432	U+6376	U+6376
9D79	5433	U+63A3	U+63A3
9D7A	5434	U+638F	U+638F
9D7B	5435	U+6389	U+6389
9D7C	5436	U+639F	U+639F
9D7D	5437	U+63B5	U+63B5
9D7E	5438	U+636B	U+636B
9D80	5440	U+6369	U+6369
9D81	5441	U+63BE	U+63BE
9D82	5442	U+63E9	U+63E9
9D83	5443	U+63C0	U+63C0
9D84	5444	U+63C6	U+63C6
9D85	5445	U+63E3	U+63E3
9D86	5446	U+63C9	U+63C9
9D87	5447	U+63D2	U+63D2
9D88	5448	U+63F6	U+63F6
9D89	5449	U+63C4	U+63C4
9D8A	5450	U+6416	U+6416
9D8B	5451	U+6434	U+6434
9D8C	5452	U+6406	U+6406
9D8D	5453	U+6413	U+6413
9D8E	5454	U+6426	U+6426
9D8F	5455	U+6436	U+6436
9D90	5456	U+651D	U+651D
9D91	5457	U+6417	U+6417
9D92	5458	U+6428	U+6428
9D93	5459	U+640F	U+640F
9D94	5460	U+6467	U+6467
9D95	5461	U+646F	U+646F
9D96	5462	U+6476	U+6476
9D97	5463	U+644E	U+644E
9D98	5464	U+652A	U+652A
9D99	5465	U+6495	U+6495
9D9A	5466	U+6493	U+6493
9D9B	5467	U+64A5	U+64A5
9D9C	5468	U+64A9	U+64A9
9D9D	5469	U+6488	U+6488
9D9E	5470	U+64BC	U+64BC
9D9F	5471	U+64DA	U+64DA
9DA0	5472	U+64D2	U+64D2
9DA1	5473	U+64C5	U+64C5
9DA2	5474	U+64C7	U+64C7
9DA3	5475	U+64BB	U+64BB
9DA4	5476	U+64D8	U+64D8
9DA5	5477	U+64C2	U+64C2
9DA6	5478	U+64F1	U+64F1
9DA7	5479	U+64E7	U+64E7
9DA8	5480	U+8209	U+8209
9DA9	5481	U+64E0	U+64E0
9DAA	5482	U+64E1	U+64E1
9DAB	5483	U+62AC	U+62AC
9DAC	5484	U+64E3	U+64E3
9DAD	5485	U+64EF	U+64EF
9DAE	5486	U+652C	U+652C
9DAF	5487	U+64F6	U+64F6
9DB0	5488	U+64F4	U+64F4
9DB1	5489	U+64F2	U+64F2
9DB2	5490	U+64FA	U+64FA
9DB3	5491	U+6500	U+6500
9DB4	5492	U+64FD	U+64FD
9DB5	5493	U+6518	U+6518
9DB6	5494	U+651C	U+651C
9DB7	5495	U+6505	U+6505
9DB8	5496	U+6524	U+6524
9DB9	5497	U+6523	U+6523
9DBA	5498	U+652B	U+652B
9DBB	5499	U+6534	U+6534
9DBC	5500	U+6535	U+6535
9DBD	5501	U+6537	U+6537
9DBE	5502	U+6536	U+6536
9DBF	5503	U+6538	U+6538
9DC0	5504	U+754B	U+754B
9DC1	5505	U+6548	U+6548
9DC2	5506	U+6556	U+6556
9DC3	5507	U+6555	U+6555
9DC4	5508	U+654D	U+654D
9DC5	5509	U+6558	U+6558
9DC6	5510	U+655E	U+655E
9DC7	5511	U+655D	U+655D
9DC8	5512	U+6572	U+6572
9DC9	5513	U+6578	U+6578
9DCA	5514	U+6582	U+6582
9DCB	5515	U+6583	U+6583
9DCC	5516	U+8B8A	U+8B8A
9DCD	5517	U+659B	U+659B
9DCE	5518	U+659F	U+659F
9DCF	5519	U+65AB	U+65AB
9DD0	5520	U+65B7	U+65B7
9DD1	5521	U+65C3	U+65C3
9DD2	5522	U+65C6	U+65C6
9DD3	5523	U+65C1	U+65C1
9DD4	5524	U+65C4	U+65C4
9DD5	5525	U+65CC	U+65CC
9DD6	5526	U+65D2	U+65D2
9DD7	5527	U+65DB	U+65DB
9DD8	5528	U+65D9	U+65D9
9DD9	5529	U+65E0	U+65E0
9DDA	5530	U+65E1	U+65E1
9DDB	5531	U+65F1	U+65F1
9DDC	5532	U+6772	U+6772
9DDD	5533	U+660A	U+660A
9DDE	5534	U+6603	U+6603
9DDF	5535	U+65FB	U+65FB
9DE0	5536	U+6773	U+6773
9DE1	5537	U+6635	U+6635
9DE2	5538	U+6636	U+6636
9DE3	5539	U+6634	U+6634
9DE4	5540	U+661C	U+661C
9DE5	5541	U+664F	U+664F
9DE6	5542	U+6644	U+6644
9DE7	5543	U+6649	U+6649
9DE8	5544	U+6641	U+6641
9DE9	5545	U+665E	U+665E
9DEA	5546	U+665D	U+665D
9DEB	5547	U+6664	U+6664
9DEC	5548	U+6667	U+6667
9DED	5549	U+6668	U+6668
9DEE	5550	U+665F	U+665F
9DEF	5551	U+6662	U+6662
9DF0	5552	U+6670	U+6670
9DF1	5553	U+6683	U+6683
9DF2	5554	U+6688	U+6688
9DF3	5555	U+668E	U+668E
9DF4	5556	U+6689	U+6689
9DF5	5557	U+6684	U+6684
9DF6	5558	U+6698	U+6698
9DF7	5559	U+669D	U+669D
9DF8	5560	U+66C1	U+66C1
9DF9	5561	U+66B9	U+66B9
9DFA	5562	U+66C9	U+66C9
9DFB	5563	U+66BE	U+66BE
9DFC	5564	U+66BC	U+66BC
9E40	5568	U+66C4	U+66C4
9E41	5569	U+66B8	U+66B8
9E42	5570	U+66D6	U+66D6
9E43	5571	U+66DA	U+66DA
9E44	5572	U+66E0	U+66E0
9E45	5573	U+663F	U+663F
9E46	5574	U+66E6	U+66E6
9E47	5575	U+66E9	U+66E9
9E48	5576	U+66F0	U+66F0
9E49	5577	U+66F5	U+66F5
9E4A	5578	U+66F7	U+66F7
9E4B	5579	U+670F	U+670F
9E4C	5580	U+6716	U+6716
9E4D	5581	U+671E	U+671E
9E4E	5582	U+6726	U+6726
9E4F	5583	U+6727	U+6727
9E50	5584	U+9738	U+9738
9E51	5585	U+672E	U+672E
9E52	5586	U+673F	U+673F
9E53	5587	U+6736	U+6736
9E54	5588	U+6741	U+6741
9E55	5589	U+6738	U+6738
9E56	5590	U+6737	U+6737
9E57	5591	U+6746	U+6746
9E58	5592	U+675E	U+675E
9E59	5593	U+6760	U+6760
9E5A	5594	U+6759	U+6759
9E5B	5595	U+6763	U+6763
9E5C	5596	U+6764	U+6764
9E5D	5597	U+6789	U+6789
9E5E	5598	U+6770	U+6770
9E5F	5599	U+67A9	U+67A9
9E60	5600	U+677C	U+677C
9E61	5601	U+676A	U+676A
9E62	5602	U+678C	U+678C
9E63	5603	U+678B	U+678B
9E64	5604	U+67A6	U+67A6
9E65	5605	U+67A1	U+67A1
9E66	5606	U+6785	U+6785
9E67	5607	U+67B7	U+67B7
9E68	5608	U+67EF	U+67EF
9E69	5609	U+67B4	U+67B4
9E6A	5610	U+67EC	U+67EC
9E6B	5611	U+67B3	U+67B3
9E6C	5612	U+67E9	U+67E9
9E6D	5613	U+67B8	U+67B8
9E6E	5614	U+67E4	U+67E4
9E6F	5615	U+67DE	U+67DE
9E70	5616	U+67DD	U+67DD
9E71	5617	U+67E2	U+67E2
9E72	5618	U+67EE	U+67EE
9E73	5619	U+67B9	U+67B9
9E74	5620	U+67CE	U+67CE
9E75	5621	U+67C6	U+67C6
9E76	5622	U+67E7	U+67E7
9E77	5623	U+6A9C	U+6A9C
9E78	5624	U+681E	U+681E
9E79	5625	U+6846	U+6846
9E7A	5626	U+6829	U+6829
9E7B	5627	U+6840	U+6840
9E7C	5628	U+684D	U+684D
9E7D	5629	U+6832	U+6832
9E7E	5630	U+684E	U+684E
9E80	5632	U+68B3	U+68B3
9E81	5633	U+682B	U+682B
9E82	5634	U+6859	U+6859
9E83	5635	U+6863	U+6863
9E84	5636	U+6877	U+6877
9E85	5637	U+687F	U+687F
9E86	5638	U+689F	U+689F
9E87	5639	U+688F	U+688F
9E88	5640	U+68AD	U+68AD
9E89	5641	U+6894	U+6894
9E8A	5642	U+689D	U+689D
9E8B	5643	U+689B	U+689B
9E8C	5644	U+6883	U+6883
9E8D	5645	U+6AAE	U+6AAE
9E8E	5646	U+68B9	U+68B9
9E8F	5647	U+6874	U+6874
9E90	5648	U+68B5	U+68B5
9E91	5649	U+68A0	U+68A0
9E92	5650	U+68BA	U+68BA
9E93	5651	U+690F	U+690F
9E94	5652	U+688D	U+688D
9E95	5653	U+687E	U+687E
9E96	5654	U+6901	U+6901
9E97	5655	U+68CA	U+68CA
9E98	5656	U+6908	U+6908
9E99	5657	U+68D8	U+68D8
9E9A	5658	U+6922	U+6922
9E9B	5659	U+6926	U+6926
9E9C	5660	U+68E1	U+68E1
9E9D	5661	U+690C	U+690C
9E9E	5662	U+68CD	U+68CD
9E9F	5663	U+68D4	U+68D4
9EA0	5664	U+68E7	U+68E7
9EA1	5665	U+68D5	U+68D5
9EA2	5666	U+6936	U+6936
9EA3	5667	U+6912	U+6912
9EA4	5668	U+6904	U+6904
9EA5	5669	U+68D7	U+68D7
9EA6	5670	U+68E3	U+68E3
9EA7	5671	U+6925	U+6925
9EA8	5672	U+68F9	U+68F9
9EA9	5673	U+68E0	U+68E0
9EAA	5674	U+68EF	U+68EF
9EAB	5675	U+6928	U+6928
9EAC	5676	U+692A	U+692A
9EAD	5677	U+691A	U+691A
9EAE	5678	U+6923	U+6923
9EAF	5679	U+6921	U+6921
9EB0	5680	U+68C6	U+68C6
9EB1	5681	U+6979	U+6979
9EB2	5682	U+6977	U+6977
9EB3	5683	U+695C	U+695C
9EB4	5684	U+6978	U+6978
9EB5	5685	U+696B	U+696B
9EB6	5686	U+6954	U+6954
9EB7	5687	U+697E	U+697E
9EB8	5688	U+696E	U+696E
9EB9	5689	U+6939	U+6939
9EBA	5690	U+6974	U+6974
9EBB	5691	U+693D	U+693D
9EBC	5692	U+6959	U+6959
9EBD	5693	U+6930	U+6930
9EBE	5694	U+6961	U+6961
9EBF	5695	U+695E	U+695E
9EC0	5696	U+695D	U+695D
9EC1	5697	U+6981	U+6981
9EC2	5698	U+696A	U+696A
9EC3	5699	U+69B2	U+69B2
9EC4	5700	U+69AE	U+69AE
9EC5	5701	U+69D0	U+69D0
9EC6	5702	U+69BF	U+69BF
9EC7	5703	U+69C1	U+69C1
9EC8	5704	U+69D3	U+69D3
9EC9	5705	U+69BE	U+69BE
9ECA	5706	U+69CE	U+69CE
9ECB	5707	U+5BE8	U+5BE8
9ECC	5708	U+69CA	U+69CA
9ECD	5709	U+69DD	U+69DD
9ECE	5710	U+69BB	U+69BB
9ECF	5711	U+69C3	U+69C3
9ED0	5712	U+69A7	U+69A7
9ED1	5713	U+6A2E	U+6A2E
9ED2	5714	U+6991	U+6991
9ED3	5715	U+69A0	U+69A0
9ED4	5716	U+699C	U+699C
9ED5	5717	U+6995	U+6995
9ED6	5718	U+69B4	U+69B4
9ED7	5719	U+69DE	U+69DE
9ED8	5720	U+69E8	U+69E8
9ED9	5721	U+6A02	U+6A02
9EDA	5722	U+6A1B	U+6A1B
9EDB	5723	U+69FF	U+69FF
9EDC	5724	U+6B0A	U+6B0A
9EDD	5725	U+69F9	U+69F9
9EDE	5726	U+69F2	U+69F2
9EDF	5727	U+69E7	U+69E7
9EE0	5728	U+6A05	U+6A05
9EE1	5729	U+69B1	U+69B1
9EE2	5730	U+6A1E	U+6A1E
9EE3	5731	U+69ED	U+69ED
9EE4	5732	U+6A14	U+6A14
9EE5	5733	U+69EB	U+69EB
9EE6	5734	U+6A0A	U+6A0A
9EE7	5735	U+6A12	U+6A12
9EE8	5736	U+6AC1	U+6AC1
9EE9	5737	U+6A23	U+6A23
9EEA	5738	U+6A13	U+6A13
9EEB	5739	U+6A44	U+6A44
9EEC	5740	U+6A0C	U+6A0C
9EED	5741	U+6A72	U+6A72
9EEE	5742	U+6A36	U+6A36
9EEF	5743	U+6A78	U+6A78
9EF0	5744	U+6A47	U+6A47
9EF1	5745	U+6A62	U+6A62
9EF2	5746	U+6A59	U+6A59
9EF3	5747	U+6A66	U+6A66
9EF4	5748	U+6A48	U+6A48
9EF5	5749	U+6A38	U+6A38
9EF6	5750	U+6A22	U+6A22
9EF7	5751	U+6A90	U+6A90
9EF8	5752	U+6A8D	U+6A8D
9EF9	5753	U+6AA0	U+6AA0
9EFA	5754	U+6A84	U+6A84
9EFB	5755	U+6AA2	U+6AA2
9EFC	5756	U+6AA3	U+6AA3
9F40	5760	U+6A97	U+6A97
9F41	5761	U+8617	U+8617
9F42	5762	U+6ABB	U+6ABB
9F43	5763	U+6AC3	U+6AC3
9F44	5764	U+6AC2	U+6AC2
9F45	5765	U+6AB8	U+6AB8
9F46	5766	U+6AB3	U+6AB3
9F47	5767	U+6AAC	U+6AAC
9F48	5768	U+6ADE	U+6ADE
9F49	5769	U+6AD1	U+6AD1
9F4A	5770	U+6ADF	U+6ADF
9F4B	5771	U+6AAA	U+6AAA
9F4C	5772	U+6ADA	U+6ADA
9F4D	5773	U+6AEA	U+6AEA
9F4E	5774	U+6AFB	U+6AFB
9F4F	5775	U+6B05	U+6B05
9F50	5776	U+8616	U+8616
9F51	5777	U+6AFA	U+6AFA
9F52	5778	U+6B12	U+6B12
9F53	5779	U+6B16	U+6B16
9F54	5780	U+9B31	U+9B31
9F55	5781	U+6B1F	U+6B1F
9F56	5782	U+6B38	U+6B38
9F57	5783	U+6B37	U+6B37
9F58	5784	U+76DC	U+76DC
9F59	5785	U+6B39	U+6B39
9F5A	5786	U+98EE	U+98EE
9F5B	5787	U+6B47	U+6B47
9F5C	5788	U+6B43	U+6B43
9F5D	5789	U+6B49	U+6B49
9F5E	5790	U+6B50	U+6B50
9F5F	5791	U+6B59	U+6B59
9F60	5792	U+6B54	U+6B54
9F61	5793	U+6B5B	U+6B5B
9F62	5794	U+6B5F	U+6B5F
9F63	5795	U+6B61	U+6B61
9F64	5796	U+6B78	U+6B78
9F65	5797	U+6B79	U+6B79
9F66	5798	U+6B7F	U+6B7F
9F67	5799	U+6B80	U+6B80
9F68	5800	U+6B84	U+6B84
9F69	5801	U+6B83	U+6B83
9F6A	5802	U+6B8D	U+6B8D
9F6B	5803	U+6B98	U+6B98
9F6C	5804	U+6B95	U+6B95
9F6D	5805	U+6B9E	U+6B9E
9F6E	5806	U+6BA4	U+6BA4
9F6F	5807	U+6BAA	U+6BAA
9F70	5808	U+6BAB	U+6BAB
9F71	5809	U+6BAF	U+6BAF
9F72	5810	U+6BB2	U+6BB2
9F73	5811	U+6BB1	U+6BB1
9F74	5812	U+6BB3	U+6BB3
9F75	5813	U+6BB7	U+6BB7
9F76	5814	U+6BBC	U+6BBC
9F77	5815	U+6BC6	U+6BC6
9F78	5816	U+6BCB	U+6BCB
9F79	5817	U+6BD3	U+6BD3
9F7A	5818	U+6BDF	U+6BDF
9F7B	5819	U+6BEC	U+6BEC
9F7C	5820	U+6BEB	U+6BEB
9F7D	5821	U+6BF3	U+6BF3
9F7E	5822	U+6BEF	U+6BEF
9F80	5824	U+9EBE	U+9EBE
9F81	5825	U+6C08	U+6C08
9F82	5826	U+6C13	U+6C13
9F83	5827	U+6C14	U+6C14
9F84	5828	U+6C1B	U+6C1B
9F85	5829	U+6C24	U+6C24
9F86	5830	U+6C23	U+6C23
9F87	5831	U+6C5E	U+6C5E
9F88	5832	U+6C55	U+6C55
9F89	5833	U+6C62	U+6C62
9F8A	5834	U+6C6A	U+6C6A
9F8B	5835	U+6C82	U+6C82
9F8C	5836	U+6C8D	U+6C8D
9F8D	5837	U+6C9A	U+6C9A
9F8E	5838	U+6C81	U+6C81
9F8F	5839	U+6C9B	U+6C9B
9F90	5840	U+6C7E	U+6C7E
9F91	5841	U+6C68	U+6C68
9F92	5842	U+6C73	U+6C73
9F93	5843	U+6C92	U+6C92
9F94	5844	U+6C90	U+6C90
9F95	5845	U+6CC4	U+6CC4
9F96	5846	U+6CF1	U+6CF1
9F97	5847	U+6CD3	U+6CD3
9F98	5848	U+6CBD	U+6CBD
9F99	5849	U+6CD7	U+6CD7
9F9A	5850	U+6CC5	U+6CC5
9F9B	5851	U+6CDD	U+6CDD
9F9C	5852	U+6CAE	U+6CAE
9F9D	5853	U+6CB1	U+6CB1
9F9E	5854	U+6CBE	U+6CBE
9F9F	5855	U+6CBA	U+6CBA
9FA0	5856	U+6CDB	U+6CDB
9FA1	5857	U+6CEF	U+6CEF
9FA2	5858	U+6CD9	U+6CD9
9FA3	5859	U+6CEA	U+6CEA
9FA4	5860	U+6D1F	U+6D1F
9FA5	5861	U+884D	U+884D
9FA6	5862	U+6D36	U+6D36
9FA7	5863	U+6D2B	U+6D2B
9FA8	5864	U+6D3D	U+6D3D
9FA9	5865	U+6D38	U+6D38
9FAA	5866	U+6D19	U+6D19
9FAB	5867	U+6D35	U+6D35
9FAC	5868	U+6D33	U+6D33
9FAD	5869	U+6D12	U+6D12
9FAE	5870	U+6D0C	U+6D0C
9FAF	5871	U+6D63	U+6D63
9FB0	5872	U+6D93	U+6D93
9FB1	5873	U+6D64	U+6D64
9FB2	5874	U+6D5A	U+6D5A
9FB3	5875	U+6D79	U+6D79
9FB4	5876	U+6D59	U+6D59
9FB5	5877	U+6D8E	U+6D8E
9FB6	5878	U+6D95	U+6D95
9FB7	5879	U+6FE4	U+6FE4
9FB8	5880	U+6D85	U+6D85
9FB9	5881	U+6DF9	U+6DF9
9FBA	5882	U+6E15	U+6E15
9FBB	5883	U+6E0A	U+6E0A
9FBC	5884	U+6DB5	U+6DB5
9FBD	5885	U+6DC7	U+6DC7
9FBE	5886	U+6DE6	U+6DE6
9FBF	5887	U+6DB8	U+6DB8
9FC0	5888	U+6DC6	U+6DC6
9FC1	5889	U+6DEC	U+6DEC
9FC2	5890	U+6DDE	U+6DDE
9FC3	5891	U+6DCC	U+6DCC
9FC4	5892	U+6DE8	U+6DE8
9FC5	5893	U+6DD2	U+6DD2
9FC6	5894	U+6DC5	U+6DC5
9FC7	5895	U+6DFA	U+6DFA
9FC8	5896	U+6DD9	U+6DD9
9FC9	5897	U+6DE4	U+6DE4
9FCA	5898	U+6DD5	U+6DD5
9FCB	5899	U+6DEA	U+6DEA
9FCC	5900	U+6DEE	U+6DEE
9FCD	5901	U+6E2D	U+6E2D
9FCE	5902	U+6E6E	U+6E6E
9FCF	5903	U+6E2E	U+6E2E
9FD0	5904	U+6E19	U+6E19
9FD1	5905	U+6E72	U+6E72
9FD2	5906	U+6E5F	U+6E5F
9FD3	5907	U+6E3E	U+6E3E
9FD4	5908	U+6E23	U+6E23
9FD5	5909	U+6E6B	U+6E6B
9FD6	5910	U+6E2B	U+6E2B
9FD7	5911	U+6E76	U+6E76
9FD8	5912	U+6E4D	U+6E4D
9FD9	5913	U+6E1F	U+6E1F
9FDA	5914	U+6E43	U+6E43
9FDB	5915	U+6E3A	U+6E3A
9FDC	5916	U+6E4E	U+6E4E
9FDD	5917	U+6E24	U+6E24
9FDE	5918	U+6EFF	U+6EFF
9FDF	5919	U+6E1D	U+6E1D
9FE0	5920	U+6E38	U+6E38
9FE1	5921	U+6E82	U+6E82
9FE2	5922	U+6EAA	U+6EAA
9FE3	5923	U+6E98	U+6E98
9FE4	5924	U+6EC9	U+6EC9
9FE5	5925	U+6EB7	U+6EB7
9FE6	5926	U+6ED3	U+6ED3
9FE7	5927	U+6EBD	U+6EBD
9FE8	5928	U+6EAF	U+6EAF
9FE9	5929	U+6EC4	U+6EC4
9FEA	5930	U+6EB2	U+6EB2
9FEB	5931	U+6ED4	U+6ED4
9FEC	5932	U+6ED5	U+6ED5
9FED	5933	U+6E8F	U+6E8F
9FEE	5934	U+6EA5	U+6EA5
9FEF	5935	U+6EC2	U+6EC2
9FF0	5936	U+6E9F	U+6E9F
9FF1	5937	U+6F41	U+6F41
9FF2	5938	U+6F11	U+6F11
9FF3	5939	U+704C	U+704C
9FF4	5940	U+6EEC	U+6EEC
9FF5	5941	U+6EF8	U+6EF8
9FF6	5942	U+6EFE	U+6EFE
9FF7	5943	U+6F3F	U+6F3F
9FF8	5944	U+6EF2	U+6EF2
9FF9	5945	U+6F31	U+6F31
9FFA	5946	U+6EEF	U+6EEF
9FFB	5947	U+6F32	U+6F32
9FFC	5948	U+6ECC	U+6ECC
E040	5952	U+6F3E	U+6F3E
E041	5953	U+6F13	U+6F13
E042	5954	U+6EF7	U+6EF7
E043	5955	U+6F86	U+6F86
E044	5956	U+6F7A	U+6F7A
E045	5957	U+6F78	U+6F78
E046	5958	U+6F81	U+6F81
E047	5959	U+6F80	U+6F80
E048	5960	U+6F6F	U+6F6F
E049	5961	U+6F5B	U+6F5B
E04A	5962	U+6FF3	U+6FF3
E04B	5963	U+6F6D	U+6F6D
E04C	5964	U+6F82	U+6F82
E04D	5965	U+6F7C	U+6F7C
E04E	5966	U+6F58	U+6F58
E04F	5967	U+6F8E	U+6F8E
E050	5968	U+6F91	U+6F91
E051	5969	U+6FC2	U+6FC2
E052	5970	U+6F66	U+6F66
E053	5971	U+6FB3	U+6FB3
E054	5972	U+6FA3	U+6FA3
E055	5973	U+6FA1	U+6FA1
E056	5974	U+6FA4	U+6FA4
E057	5975	U+6FB9	U+6FB9
E058	5976	U+6FC6	U+6FC6
E059	5977	U+6FAA	U+6FAA
E05A	5978	U+6FDF	U+6FDF
E05B	5979	U+6FD5	U+6FD5
E05C	5980	U+6FEC	U+6FEC
E05D	5981	U+6FD4	U+6FD4
E05E	5982	U+6FD8	U+6FD8
E05F	5983	U+6FF1	U+6FF1
E060	5984	U+6FEE	U+6FEE
E061	5985	U+6FDB	U+6FDB
E062	5986	U+7009	U+7009
E063	5987	U+700B	U+700B
E064	5988	U+6FFA	U+6FFA
E065	5989	U+7011	U+7011
E066	5990	U+7001	U+7001
E067	5991	U+700F	U+700F
E068	5992	U+6FFE	U+6FFE
E069	5993	U+701B	U+701B
E06A	5994	U+701A	U+701A
E06B	5995	U+6F74	U+6F74
E06C	5996	U+701D	U+701D
E06D	5997	U+7018	U+7018
E06E	5998	U+701F	U+701F
E06F	5999	U+7030	U+7030
E070	6000	U+703E	U+703E
E071	6001	U+7032	U+7032
E072	6002	U+7051	U+7051
E073	6003	U+7063	U+7063
E074	6004	U+7099	U+7099
E075	6005	U+7092	U+7092
E076	6006	U+70AF	U+70AF
E077	6007	U+70F1	U+70F1
E078	6008	U+70AC	U+70AC
E079	6009	U+70B8	U+70B8
E07A	6010	U+70B3	U+70B3
E07B	6011	U+70AE	U+70AE
E07C	6012	U+70DF	U+70DF
E07D	6013	U+70CB	U+70CB
E07E	6014	U+70DD	U+70DD
E080	6016	U+70D9	U+70D9
E081	6017	U+7109	U+7109
E082	6018	U+70FD	U+70FD
E083	6019	U+711C	U+711C
E084	6020	U+7119	U+7119
E085	6021	U+7165	U+7165
E086	6022	U+7155	U+7155
E087	6023	U+7188	U+7188
E088	6024	U+7166	U+7166
E089	6025	U+7162	U+7162
E08A	6026	U+714C	U+714C
E08B	6027	U+7156	U+7156
E08C	6028	U+716C	U+716C
E08D	6029	U+718F	U+718F
E08E	6030	U+71FB	U+71FB
E08F	6031	U+7184	U+7184
E090	6032	U+7195	U+7195
E091	6033	U+71A8	U+71A8
E092	6034	U+71AC	U+71AC
E093	6035	U+71D7	U+71D7
E094	6036	U+71B9	U+71B9
E095	6037	U+71BE	U+71BE
E096	6038	U+71D2	U+71D2
E097	6039	U+71C9	U+71C9
E098	6040	U+71D4	U+71D4
E099	6041	U+71CE	U+71CE
E09A	6042	U+71E0	U+71E0
E09B	6043	U+71EC	U+71EC
E09C	6044	U+71E7	U+71E7
E09D	6045	U+71F5	U+71F5
E09E	6046	U+71FC	U+71FC
E09F	6047	U+71F9	U+71F9
E0A0	6048	U+71FF	U+71FF
E0A1	6049	U+720D	U+720D
E0A2	6050	U+7210	U+7210
E0A3	6051	U+721B	U+721B
E0A4	6052	U+7228	U+7228
E0A5	6053	U+722D	U+722D
E0A6	6054	U+722C	U+722C
E0A7	6055	U+7230	U+7230
E0A8	6056	U+7232	U+7232
E0A9	6057	U+723B	U+723B
E0AA	6058	U+723C	U+723C
E0AB	6059	U+723F	U+723F
E0AC	6060	U+7240	U+7240
E0AD	6061	U+7246	U+7246
E0AE	6062	U+724B	U+724B
E0AF	6063	U+7258	U+7258
E0B0	6064	U+7274	U+7274
E0B1	6065	U+727E	U+727E
E0B2	6066	U+7282	U+7282
E0B3	6067	U+7281	U+7281
E0B4	6068	U+7287	U+7287
E0B5	6069	U+7292	U+7292
E0B6	6070	U+7296	U+7296
E0B7	6071	U+72A2	U+72A2
E0B8	6072	U+72A7	U+72A7
E0B9	6073	U+72B9	U+72B9
E0BA	6074	U+72B2	U+72B2
E0BB	6075	U+72C3	U+72C3
E0BC	6076	U+72C6	U+72C6
E0BD	6077	U+72C4	U+72C4
E0BE	6078	U+72CE	U+72CE
E0BF	6079	U+72D2	U+72D2
E0C0	6080	U+72E2	U+72E2
E0C1	6081	U+72E0	U+72E0
E0C2	6082	U+72E1	U+72E1
E0C3	6083	U+72F9	U+72F9
E0C4	6084	U+72F7	U+72F7
E0C5	6085	U+500F	U+500F
E0C6	6086	U+7317	U+7317
E0C7	6087	U+730A	U+730A
E0C8	6088	U+731C	U+731C
E0C9	6089	U+7316	U+7316
E0CA	6090	U+731D	U+731D
E0CB	6091	U+7334	U+7334
E0CC	6092	U+732F	U+732F
E0CD	6093	U+7329	U+7329
E0CE	6094	U+7325	U+7325
E0CF	6095	U+733E	U+733E
E0D0	6096	U+734E	U+734E
E0D1	6097	U+734F	U+734F
E0D2	6098	U+9ED8	U+9ED8
E0D3	6099	U+7357	U+7357
E0D4	6100	U+736A	U+736A
E0D5	6101	U+7368	U+7368
E0D6	6102	U+7370	U+7370
E0D7	6103	U+7378	U+7378
E0D8	6104	U+7375	U+7375
E0D9	6105	U+737B	U+737B
E0DA	6106	U+737A	U+737A
E0DB	6107	U+73C8	U+73C8
E0DC	6108	U+73B3	U+73B3
E0DD	6109	U+73CE	U+73CE
E0DE	6110	U+73BB	U+73BB
E0DF	6111	U+73C0	U+73C0
E0E0	6112	U+73E5	U+73E5
E0E1	6113	U+73EE	U+73EE
E0E2	6114	U+73DE	U+73DE
E0E3	6115	U+74A2	U+74A2
E0E4	6116	U+7405	U+7405
E0E5	6117	U+746F	U+746F
E0E6	6118	U+7425	U+7425
E0E7	6119	U+73F8	U+73F8
E0E8	6120	U+7432	U+7432
E0E9	6121	U+743A	U+743A
E0EA	6122	U+7455	U+7455
E0EB	6123	U+743F	U+743F
E0EC	6124	U+745F	U+745F
E0ED	6125	U+7459	U+7459
E0EE	6126	U+7441	U+7441
E0EF	6127	U+745C	U+745C
E0F0	6128	U+7469	U+7469
E0F1	6129	U+7470	U+7470
E0F2	6130	U+7463	U+7463
E0F3	6131	U+746A	U+746A
E0F4	6132	U+7476	U+7476
E0F5	6133	U+747E	U+747E
E0F6	6134	U+748B	U+748B
E0F7	6135	U+749E	U+749E
E0F8	6136	U+74A7	U+74A7
E0F9	6137	U+74CA	U+74CA
E0FA	6138	U+74CF	U+74CF
E0FB	6139	U+74D4	U+74D4
E0FC	6140	U+73F1	U+73F1
E140	6144	U+74E0	U+74E0
E141	6145	U+74E3	U+74E3
E142	6146	U+74E7	U+74E7
E143	6147	U+74E9	U+74E9
E144	6148	U+74EE	U+74EE
E145	6149	U+74F2	U+74F2
E146	6150	U+74F0	U+74F0
E147	6151	U+74F1	U+74F1
E148	6152	U+74F8	U+74F8
E149	6153	U+74F7	U+74F7
E14A	6154	U+7504	U+7504
E14B	6155	U+7503	U+7503
E14C	6156	U+7505	U+7505
E14D	6157	U+750C	U+750C
E14E	6158	U+750E	U+750E
E14F	6159	U+750D	U+750D
E150	6160	U+7515	U+7515
E151	6161	U+7513	U+7513
E152	6162	U+751E	U+751E
E153	6163	U+7526	U+7526
E154	6164	U+752C	U+752C
E155	6165	U+753C	U+753C
E156	6166	U+7544	U+7544
E157	6167	U+754D	U+754D
E158	6168	U+754A	U+754A
E159	6169	U+7549	U+7549
E15A	6170	U+755B	U+755B
E15B	6171	U+7546	U+7546
E15C	6172	U+755A	U+755A
E15D	6173	U+7569	U+7569
E15E	6174	U+7564	U+7564
E15F	6175	U+7567	U+7567
E160	6176	U+756B	U+756B
E161	6177	U+756D	U+756D
E162	6178	U+7578	U+7578
E163	6179	U+7576	U+7576
E164	6180	U+7586	U+7586
E165	6181	U+7587	U+7587
E166	6182	U+7574	U+7574
E167	6183	U+758A	U+758A
E168	6184	U+7589	U+7589
E169	6185	U+7582	U+7582
E16A	6186	U+7594	U+7594
E16B	6187	U+759A	U+759A
E16C	6188	U+759D	U+759D
E16D	6189	U+75A5	U+75A5
E16E	6190	U+75A3	U+75A3
E16F	6191	U+75C2	U+75C2
E170	6192	U+75B3	U+75B3
E171	6193	U+75C3	U+75C3
E172	6194	U+75B5	U+75B5
E173	6195	U+75BD	U+75BD
E174	6196	U+75B8	U+75B8
E175	6197	U+75BC	U+75BC
E176	6198	U+75B1	U+75B1
E177	6199	U+75CD	U+75CD
E178	6200	U+75CA	U+75CA
E179	6201	U+75D2	U+75D2
E17A	6202	U+75D9	U+75D9
E17B	6203	U+75E3	U+75E3
E17C	6204	U+75DE	U+75DE
E17D	6205	U+75FE	U+75FE
E17E	6206	U+75FF	U+75FF
E180	6208	U+75FC	U+75FC
E181	6209	U+7601	U+7601
E182	6210	U+75F0	U+75F0
E183	6211	U+75FA	U+75FA
E184	6212	U+75F2	U+75F2
E185	6213	U+75F3	U+75F3
E186	6214	U+760B	U+760B
E187	6215	U+760D	U+760D
E188	6216	U+7609	U+7609
E189	6217	U+761F	U+761F
E18A	6218	U+7627	U+7627
E18B	6219	U+7620	U+7620
E18C	6220	U+7621	U+7621
E18D	6221	U+7622	U+7622
E18E	6222	U+7624	U+7624
E18F	6223	U+7634	U+7634
E190	6224	U+7630	U+7630
E191	6225	U+763B	U+763B
E192	6226	U+7647	U+7647
E193	6227	U+7648	U+7648
E194	6228	U+7646	U+7646
E195	6229	U+765C	U+765C
E196	6230	U+7658	U+7658
E197	6231	U+7661	U+7661
E198	6232	U+7662	U+7662
E199	6233	U+7668	U+7668
E19A	6234	U+7669	U+7669
E19B	6235	U+766A	U+766A
E19C	6236	U+7667	U+7667
E19D	6237	U+766C	U+766C
E19E	6238	U+7670	U+7670
E19F	6239	U+7672	U+7672
E1A0	6240	U+7676	U+7676
E1A1	6241	U+7678	U+7678
E1A2	6242	U+767C	U+767C
E1A3	6243	U+7680	U+7680
E1A4	6244	U+7683	U+7683
E1A5	6245	U+7688	U+7688
E1A6	6246	U+768B	U+768B
E1A7	6247	U+768E	U+768E
E1A8	6248	U+7696	U+7696
E1A9	6249	U+7693	U+7693
E1AA	6250	U+7699	U+7699
E1AB	6251	U+769A	U+769A
E1AC	6252	U+76B0	U+76B0
E1AD	6253	U+76B4	U+76B4
E1AE	6254	U+76B8	U+76B8
E1AF	6255	U+76B9	U+76B9
E1B0	6256	U+76BA	U+76BA
E1B1	6257	U+76C2	U+76C2
E1B2	6258	U+76CD	U+76CD
E1B3	6259	U+76D6	U+76D6
E1B4	6260	U+76D2	U+76D2
E1B5	6261	U+76DE	U+76DE
E1B6	6262	U+76E1	U+76E1
E1B7	6263	U+76E5	U+76E5
E1B8	6264	U+76E7	U+76E7
E1B9	6265	U+76EA	U+76EA
E1BA	6266	U+862F	U+862F
E1BB	6267	U+76FB	U+76FB
E1BC	6268	U+7708	U+7708
E1BD	6269	U+7707	U+7707
E1BE	6270	U+7704	U+7704
E1BF	6271	U+7729	U+7729
E1C0	6272	U+7724	U+7724
E1C1	6273	U+771E	U+771E
E1C2	6274	U+7725	U+7725
E1C3	6275	U+7726	U+7726
E1C4	6276	U+771B	U+771B
E1C5	6277	U+7737	U+7737
E1C6	6278	U+7738	U+7738
E1C7	6279	U+7747	U+7747
E1C8	6280	U+775A	U+775A
E1C9	6281	U+7768	U+7768
E1CA	6282	U+776B	U+776B
E1CB	6283	U+775B	U+775B
E1CC	6284	U+7765	U+7765
E1CD	6285	U+777F	U+777F
E1CE	6286	U+777E	U+777E
E1CF	6287	U+7779	U+7779
E1D0	6288	U+778E	U+778E
E1D1	6289	U+778B	U+778B
E1D2	6290	U+7791	U+7791
E1D3	6291	U+77A0	U+77A0
E1D4	6292	U+779E	U+779E
E1D5	6293	U+77B0	U+77B0
E1D6	6294	U+77B6	U+77B6
E1D7	6295	U+77B9	U+77B9
E1D8	6296	U+77BF	U+77BF
E1D9	6297	U+77BC	U+77BC
E1DA	6298	U+77BD	U+77BD
E1DB	6299	U+77BB	U+77BB
E1DC	6300	U+77C7	U+77C7
E1DD	6301	U+77CD	U+77CD
E1DE	6302	U+77D7	U+77D7
E1DF	6303	U+77DA	U+77DA
E1E0	6304	U+77DC	U+77DC
E1E1	6305	U+77E3	U+77E3
E1E2	6306	U+77EE	U+77EE
E1E3	6307	U+77FC	U+77FC
E1E4	6308	U+780C	U+780C
E1E5	6309	U+7812	U+7812
E1E6	6310	U+7926	U+7926
E1E7	6311	U+7820	U+7820
E1E8	6312	U+792A	U+792A
E1E9	6313	U+7845	U+7845
E1EA	6314	U+788E	U+788E
E1EB	6315	U+7874	U+7874
E1EC	6316	U+7886	U+7886
E1ED	6317	U+787C	U+787C
E1EE	6318	U+789A	U+789A
E1EF	6319	U+788C	U+788C
E1F0	6320	U+78A3	U+78A3
E1F1	6321	U+78B5	U+78B5
E1F2	6322	U+78AA	U+78AA
E1F3	6323	U+78AF	U+78AF
E1F4	6324	U+78D1	U+78D1
E1F5	6325	U+78C6	U+78C6
E1F6	6326	U+78CB	U+78CB
E1F7	6327	U+78D4	U+78D4
E1F8	6328	U+78BE	U+78BE
E1F9	6329	U+78BC	U+78BC
E1FA	6330	U+78C5	U+78C5
E1FB	6331	U+78CA	U+78CA
E1FC	6332	U+78EC	U+78EC
E240	6336	U+78E7	U+78E7
E241	6337	U+78DA	U+78DA
E242	6338	U+78FD	U+78FD
E243	6339	U+78F4	U+78F4
E244	6340	U+7907	U+7907
E245	6341	U+7912	U+7912
E246	6342	U+7911	U+7911
E247	6343	U+7919	U+7919
E248	6344	U+792C	U+792C
E249	6345	U+792B	U+792B
E24A	6346	U+7940	U+7940
E24B	6347	U+7960	U+7960
E24C	6348	U+7957	U+7957
E24D	6349	U+795F	U+795F
E24E	6350	U+795A	U+795A
E24F	6351	U+7955	U+7955
E250	6352	U+7953	U+7953
E251	6353	U+797A	U+797A
E252	6354	U+797F	U+797F
E253	6355	U+798A	U+798A
E254	6356	U+799D	U+799D
E255	6357	U+79A7	U+79A7
E256	6358	U+9F4B	U+9F4B
E257	6359	U+79AA	U+79AA
E258	6360	U+79AE	U+79AE
E259	6361	U+79B3	U+79B3
E25A	6362	U+79B9	U+79B9
E25B	6363	U+79BA	U+79BA
E25C	6364	U+79C9	U+79C9
E25D	6365	U+79D5	U+79D5
E25E	6366	U+79E7	U+79E7
E25F	6367	U+79EC	U+79EC
E260	6368	U+79E1	U+79E1
E261	6369	U+79E3	U+79E3
E262	6370	U+7A08	U+7A08
E263	6371	U+7A0D	U+7A0D
E264	6372	U+7A18	U+7A18
E265	6373	U+7A19	U+7A19
E266	6374	U+7A20	U+7A20
E267	6375	U+7A1F	U+7A1F
E268	6376	U+7980	U+7980
E269	6377	U+7A31	U+7A31
E26A	6378	U+7A3B	U+7A3B
E26B	6379	U+7A3E	U+7A3E
E26C	6380	U+7A37	U+7A37
E26D	6381	U+7A43	U+7A43
E26E	6382	U+7A57	U+7A57
E26F	6383	U+7A49	U+7A49
E270	6384	U+7A61	U+7A61
E271	6385	U+7A62	U+7A62
E272	6386	U+7A69	U+7A69
E273	6387	U+9F9D	U+9F9D
E274	6388	U+7A70	U+7A70
E275	6389	U+7A79	U+7A79
E276	6390	U+7A7D	U+7A7D
E277	6391	U+7A88	U+7A88
E278	6392	U+7A97	U+7A97
E279	6393	U+7A95	U+7A95
E27A	6394	U+7A98	U+7A98
E27B	6395	U+7A96	U+7A96
E27C	6396	U+7AA9	U+7AA9
E27D	6397	U+7AC8	U+7AC8
E27E	6398	U+7AB0	U+7AB0
E280	6400	U+7AB6	U+7AB6
E281	6401	U+7AC5	U+7AC5
E282	6402	U+7AC4	U+7AC4
E283	6403	U+7ABF	U+7ABF
E284	6404	U+9083	U+9083
E285	6405	U+7AC7	U+7AC7
E286	6406	U+7ACA	U+7ACA
E287	6407	U+7ACD	U+7ACD
E288	6408	U+7ACF	U+7ACF
E289	6409	U+7AD5	U+7AD5
E28A	6410	U+7AD3	U+7AD3
E28B	6411	U+7AD9	U+7AD9
E28C	6412	U+7ADA	U+7ADA
E28D	6413	U+7ADD	U+7ADD
E28E	6414	U+7AE1	U+7AE1
E28F	6415	U+7AE2	U+7AE2
E290	6416	U+7AE6	U+7AE6
E291	6417	U+7AED	U+7AED
E292	6418	U+7AF0	U+7AF0
E293	6419	U+7B02	U+7B02
E294	6420	U+7B0F	U+7B0F
E295	6421	U+7B0A	U+7B0A
E296	6422	U+7B06	U+7B06
E297	6423	U+7B33	U+7B33
E298	6424	U+7B18	U+7B18
E299	6425	U+7B19	U+7B19
E29A	6426	U+7B1E	U+7B1E
E29B	6427	U+7B35	U+7B35
E29C	6428	U+7B28	U+7B28
E29D	6429	U+7B36	U+7B36
E29E	6430	U+7B50	U+7B50
E29F	6431	U+7B7A	U+7B7A
E2A0	6432	U+7B04	U+7B04
E2A1	6433	U+7B4D	U+7B4D
E2A2	6434	U+7B0B	U+7B0B
E2A3	6435	U+7B4C	U+7B4C
E2A4	6436	U+7B45	U+7B45
E2A5	6437	U+7B75	U+7B75
E2A6	6438	U+7B65	U+7B65
E2A7	6439	U+7B74	U+7B74
E2A8	6440	U+7B67	U+7B67
E2A9	6441	U+7B70	U+7B70
E2AA	6442	U+7B71	U+7B71
E2AB	6443	U+7B6C	U+7B6C
E2AC	6444	U+7B6E	U+7B6E
E2AD	6445	U+7B9D	U+7B9D
E2AE	6446	U+7B98	U+7B98
E2AF	6447	U+7B9F	U+7B9F
E2B0	6448	U+7B8D	U+7B8D
E2B1	6449	U+7B9C	U+7B9C
E2B2	6450	U+7B9A	U+7B9A
E2B3	6451	U+7B8B	U+7B8B
E2B4	6452	U+7B92	U+7B92
E2B5	6453	U+7B8F	U+7B8F
E2B6	6454	U+7B5D	U+7B5D
E2B7	6455	U+7B99	U+7B99
E2B8	6456	U+7BCB	U+7BCB
E2B9	6457	U+7BC1	U+7BC1
E2BA	6458	U+7BCC	U+7BCC
E2BB	6459	U+7BCF	U+7BCF
E2BC	6460	U+7BB4	U+7BB4
E2BD	6461	U+7BC6	U+7BC6
E2BE	6462	U+7BDD	U+7BDD
E2BF	6463	U+7BE9	U+7BE9
E2C0	6464	U+7C11	U+7C11
E2C1	6465	U+7C14	U+7C14
E2C2	6466	U+7BE6	U+7BE6
E2C3	6467	U+7BE5	U+7BE5
E2C4	6468	U+7C60	U+7C60
E2C5	6469	U+7C00	U+7C00
E2C6	6470	U+7C07	U+7C07
E2C7	6471	U+7C13	U+7C13
E2C8	6472	U+7BF3	U+7BF3
E2C9	6473	U+7BF7	U+7BF7
E2CA	6474	U+7C17	U+7C17
E2CB	6475	U+7C0D	U+7C0D
E2CC	6476	U+7BF6	U+7BF6
E2CD	6477	U+7C23	U+7C23
E2CE	6478	U+7C27	U+7C27
E2CF	6479	U+7C2A	U+7C2A
E2D0	6480	U+7C1F	U+7C1F
E2D1	6481	U+7C37	U+7C37
E2D2	6482	U+7C2B	U+7C2B
E2D3	6483	U+7C3D	U+7C3D
E2D4	6484	U+7C4C	U+7C4C
E2D5	6485	U+7C43	U+7C43
E2D6	6486	U+7C54	U+7C54
E2D7	6487	U+7C4F	U+7C4F
E2D8	6488	U+7C40	U+7C40
E2D9	6489	U+7C50	U+7C50
E2DA	6490	U+7C58	U+7C58
E2DB	6491	U+7C5F	U+7C5F
E2DC	6492	U+7C64	U+7C64
E2DD	6493	U+7C56	U+7C56
E2DE	6494	U+7C65	U+7C65
E2DF	6495	U+7C6C	U+7C6C
E2E0	6496	U+7C75	U+7C75
E2E1	6497	U+7C83	U+7C83
E2E2	6498	U+7C90	U+7C90
E2E3	6499	U+7CA4	U+7CA4
E2E4	6500	U+7CAD	U+7CAD
E2E5	6501	U+7CA2	U+7CA2
E2E6	6502	U+7CAB	U+7CAB
E2E7	6503	U+7CA1	U+7CA1
E2E8	6504	U+7CA8	U+7CA8
E2E9	6505	U+7CB3	U+7CB3
E2EA	6506	U+7CB2	U+7CB2
E2EB	6507	U+7CB1	U+7CB1
E2EC	6508	U+7CAE	U+7CAE
E2ED	6509	U+7CB9	U+7CB9
E2EE	6510	U+7CBD	U+7CBD
E2EF	6511	U+7CC0	U+7CC0
E2F0	6512	U+7CC5	U+7CC5
E2F1	6513	U+7CC2	U+7CC2
E2F2	6514	U+7CD8	U+7CD8
E2F3	6515	U+7CD2	U+7CD2
E2F4	6516	U+7CDC	U+7CDC
E2F5	6517	U+7CE2	U+7CE2
E2F6	6518	U+9B3B	U+9B3B
E2F7	6519	U+7CEF	U+7CEF
E2F8	6520	U+7CF2	U+7CF2
E2F9	6521	U+7CF4	U+7CF4
E2FA	6522	U+7CF6	U+7CF6
E2FB	6523	U+7CFA	U+7CFA
E2FC	6524	U+7D06	U+7D06
E340	6528	U+7D02	U+7D02
E341	6529	U+7D1C	U+7D1C
E342	6530	U+7D15	U+7D15
E343	6531	U+7D0A	U+7D0A
E344	6532	U+7D45	U+7D45
E345	6533	U+7D4B	U+7D4B
E346	6534	U+7D2E	U+7D2E
E347	6535	U+7D32	U+7D32
E348	6536	U+7D3F	U+7D3F
E349	6537	U+7D35	U+7D35
E34A	6538	U+7D46	U+7D46
E34B	6539	U+7D73	U+7D73
E34C	6540	U+7D56	U+7D56
E34D	6541	U+7D4E	U+7D4E
E34E	6542	U+7D72	U+7D72
E34F	6543	U+7D68	U+7D68
E350	6544	U+7D6E	U+7D6E
E351	6545	U+7D4F	U+7D4F
E352	6546	U+7D63	U+7D63
E353	6547	U+7D93	U+7D93
E354	6548	U+7D89	U+7D89
E355	6549	U+7D5B	U+7D5B
E356	6550	U+7D8F	U+7D8F
E357	6551	U+7D7D	U+7D7D
E358	6552	U+7D9B	U+7D9B
E359	6553	U+7DBA	U+7DBA
E35A	6554	U+7DAE	U+7DAE
E35B	6555	U+7DA3	U+7DA3
E35C	6556	U+7DB5	U+7DB5
E35D	6557	U+7DC7	U+7DC7
E35E	6558	U+7DBD	U+7DBD
E35F	6559	U+7DAB	U+7DAB
E360	6560	U+7E3D	U+7E3D
E361	6561	U+7DA2	U+7DA2
E362	6562	U+7DAF	U+7DAF
E363	6563	U+7DDC	U+7DDC
E364	6564	U+7DB8	U+7DB8
E365	6565	U+7D9F	U+7D9F
E366	6566	U+7DB0	U+7DB0
E367	6567	U+7DD8	U+7DD8
E368	6568	U+7DDD	U+7DDD
E369	6569	U+7DE4	U+7DE4
E36A	6570	U+7DDE	U+7DDE
E36B	6571	U+7DFB	U+7DFB
E36C	6572	U+7DF2	U+7DF2
E36D	6573	U+7DE1	U+7DE1
E36E	6574	U+7E05	U+7E05
E36F	6575	U+7E0A	U+7E0A
E370	6576	U+7E23	U+7E23
E371	6577	U+7E21	U+7E21
E372	6578	U+7E12	U+7E12
E373	6579	U+7E31	U+7E31
E374	6580	U+7E1F	U+7E1F
E375	6581	U+7E09	U+7E09
E376	6582	U+7E0B	U+7E0B
E377	6583	U+7E22	U+7E22
E378	6584	U+7E46	U+7E46
E379	6585	U+7E66	U+7E66
E37A	6586	U+7E3B	U+7E3B
E37B	6587	U+7E35	U+7E35
E37C	6588	U+7E39	U+7E39
E37D	6589	U+7E43	U+7E43
E37E	6590	U+7E37	U+7E37
E380	6592	U+7E32	U+7E32
E381	6593	U+7E3A	U+7E3A
E382	6594	U+7E67	U+7E67
E383	6595	U+7E5D	U+7E5D
E384	6596	U+7E56	U+7E56
E385	6597	U+7E5E	U+7E5E
E386	6598	U+7E59	U+7E59
E387	6599	U+7E5A	U+7E5A
E388	6600	U+7E79	U+7E79
E389	6601	U+7E6A	U+7E6A
E38A	6602	U+7E69	U+7E69
E38B	6603	U+7E7C	U+7E7C
E38C	6604	U+7E7B	U+7E7B
E38D	6605	U+7E83	U+7E83
E38E	6606	U+7DD5	U+7DD5
E38F	6607	U+7E7D	U+7E7D
E390	6608	U+8FAE	U+8FAE
E391	6609	U+7E7F	U+7E7F
E392	6610	U+7E88	U+7E88
E393	6611	U+7E89	U+7E89
E394	6612	U+7E8C	U+7E8C
E395	6613	U+7E92	U+7E92
E396	6614	U+7E90	U+7E90
E397	6615	U+7E93	U+7E93
E398	6616	U+7E94	U+7E94
E399	6617	U+7E96	U+7E96
E39A	6618	U+7E8E	U+7E8E
E39B	6619	U+7E9B	U+7E9B
E39C	6620	U+7E9C	U+7E9C
E39D	6621	U+7F38	U+7F38
E39E	6622	U+7F3A	U+7F3A
E39F	6623	U+7F45	U+7F45
E3A0	6624	U+7F4C	U+7F4C
E3A1	6625	U+7F4D	U+7F4D
E3A2	6626	U+7F4E	U+7F4E
E3A3	6627	U+7F50	U+7F50
E3A4	6628	U+7F51	U+7F51
E3A5	6629	U+7F55	U+7F55
E3A6	6630	U+7F54	U+7F54
E3A7	6631	U+7F58	U+7F58
E3A8	6632	U+7F5F	U+7F5F
E3A9	6633	U+7F60	U+7F60
E3AA	6634	U+7F68	U+7F68
E3AB	6635	U+7F69	U+7F69
E3AC	6636	U+7F67	U+7F67
E3AD	6637	U+7F78	U+7F78
E3AE	6638	U+7F82	U+7F82
E3AF	6639	U+7F86	U+7F86
E3B0	6640	U+7F83	U+7F83
E3B1	6641	U+7F88	U+7F88
E3B2	6642	U+7F87	U+7F87
E3B3	6643	U+7F8C	U+7F8C
E3B4	6644	U+7F94	U+7F94
E3B5	6645	U+7F9E	U+7F9E
E3B6	6646	U+7F9D	U+7F9D
E3B7	6647	U+7F9A	U+7F9A
E3B8	6648	U+7FA3	U+7FA3
E3B9	6649	U+7FAF	U+7FAF
E3BA	6650	U+7FB2	U+7FB2
E3BB	6651	U+7FB9	U+7FB9
E3BC	6652	U+7FAE	U+7FAE
E3BD	6653	U+7FB6	U+7FB6
E3BE	6654	U+7FB8	U+7FB8
E3BF	6655	U+8B71	U+8B71
E3C0	6656	U+7FC5	U+7FC5
E3C1	6657	U+7FC6	U+7FC6
E3C2	6658	U+7FCA	U+7FCA
E3C3	6659	U+7FD5	U+7FD5
E3C4	6660	U+7FD4	U+7FD4
E3C5	6661	U+7FE1	U+7FE1
E3C6	6662	U+7FE6	U+7FE6
E3C7	6663	U+7FE9	U+7FE9
E3C8	6664	U+7FF3	U+7FF3
E3C9	6665	U+7FF9	U+7FF9
E3CA	6666	U+98DC	U+98DC
E3CB	6667	U+8006	U+8006
E3CC	6668	U+8004	U+8004
E3CD	6669	U+800B	U+800B
E3CE	6670	U+8012	U+8012
E3CF	6671	U+8018	U+8018
E3D0	6672	U+8019	U+8019
E3D1	6673	U+801C	U+801C
E3D2	6674	U+8021	U+8021
E3D3	6675	U+8028	U+8028
E3D4	6676	U+803F	U+803F
E3D5	6677	U+803B	U+803B
E3D6	6678	U+804A	U+804A
E3D7	6679	U+8046	U+8046
E3D8	6680	U+8052	U+8052
E3D9	6681	U+8058	U+8058
E3DA	6682	U+805A	U+805A
E3DB	6683	U+805F	U+805F
E3DC	6684	U+8062	U+8062
E3DD	6685	U+8068	U+8068
E3DE	6686	U+8073	U+8073
E3DF	6687	U+8072	U+8072
E3E0	6688	U+8070	U+8070
E3E1	6689	U+8076	U+8076
E3E2	6690	U+8079	U+8079
E3E3	6691	U+807D	U+807D
E3E4	6692	U+807F	U+807F
E3E5	6693	U+8084	U+8084
E3E6	6694	U+8086	U+8086
E3E7	6695	U+8085	U+8085
E3E8	6696	U+809B	U+809B
E3E9	6697	U+8093	U+8093
E3EA	6698	U+809A	U+809A
E3EB	6699	U+80AD	U+80AD
E3EC	6700	U+5190	U+5190
E3ED	6701	U+80AC	U+80AC
E3EE	6702	U+80DB	U+80DB
E3EF	6703	U+80E5	U+80E5
E3F0	6704	U+80D9	U+80D9
E3F1	6705	U+80DD	U+80DD
E3F2	6706	U+80C4	U+80C4
E3F3	6707	U+80DA	U+80DA
E3F4	6708	U+80D6	U+80D6
E3F5	6709	U+8109	U+8109
E3F6	6710	U+80EF	U+80EF
E3F7	6711	U+80F1	U+80F1
E3F8	6712	U+811B	U+811B
E3F9	6713	U+8129	U+8129
E3FA	6714	U+8123	U+8123
E3FB	6715	U+812F	U+812F
E3FC	6716	U+814B	U+814B
E440	6720	U+968B	U+968B
E441	6721	U+8146	U+8146
E442	6722	U+813E	U+813E
E443	6723	U+8153	U+8153
E444	6724	U+8151	U+8151
E445	6725	U+80FC	U+80FC
E446	6726	U+8171	U+8171
E447	6727	U+816E	U+816E
E448	6728	U+8165	U+8165
E449	6729	U+8166	U+8166
E44A	6730	U+8174	U+8174
E44B	6731	U+8183	U+8183
E44C	6732	U+8188	U+8188
E44D	6733	U+818A	U+818A
E44E	6734	U+8180	U+8180
E44F	6735	U+8182	U+8182
E450	6736	U+81A0	U+81A0
E451	6737	U+8195	U+8195
E452	6738	U+81A4	U+81A4
E453	6739	U+81A3	U+81A3
E454	6740	U+815F	U+815F
E455	6741	U+8193	U+8193
E456	6742	U+81A9	U+81A9
E457	6743	U+81B0	U+81B0
E458	6744	U+81B5	U+81B5
E459	6745	U+81BE	U+81BE
E45A	6746	U+81B8	U+81B8
E45B	6747	U+81BD	U+81BD
E45C	6748	U+81C0	U+81C0
E45D	6749	U+81C2	U+81C2
E45E	6750	U+81BA	U+81BA
E45F	6751	U+81C9	U+81C9
E460	6752	U+81CD	U+81CD
E461	6753	U+81D1	U+81D1
E462	6754	U+81D9	U+81D9
E463	6755	U+81D8	U+81D8
E464	6756	U+81C8	U+81C8
E465	6757	U+81DA	U+81DA
E466	6758	U+81DF	U+81DF
E467	6759	U+81E0	U+81E0
E468	6760	U+81E7	U+81E7
E469	6761	U+81FA	U+81FA
E46A	6762	U+81FB	U+81FB
E46B	6763	U+81FE	U+81FE
E46C	6764	U+8201	U+8201
E46D	6765	U+8202	U+8202
E46E	6766	U+8205	U+8205
E46F	6767	U+8207	U+8207
E470	6768	U+820A	U+820A
E471	6769	U+820D	U+820D
E472	6770	U+8210	U+8210
E473	6771	U+8216	U+8216
E474	6772	U+8229	U+8229
E475	6773	U+822B	U+822B
E476	6774	U+8238	U+8238
E477	6775	U+8233	U+8233
E478	6776	U+8240	U+8240
E479	6777	U+8259	U+8259
E47A	6778	U+8258	U+8258
E47B	6779	U+825D	U+825D
E47C	6780	U+825A	U+825A
E47D	6781	U+825F	U+825F
E47E	6782	U+8264	U+8264
E480	6784	U+8262	U+8262
E481	6785	U+8268	U+8268
E482	6786	U+826A	U+826A
E483	6787	U+826B	U+826B
E484	6788	U+822E	U+822E
E485	6789	U+8271	U+8271
E486	6790	U+8277	U+8277
E487	6791	U+8278	U+8278
E488	6792	U+827E	U+827E
E489	6793	U+828D	U+828D
E48A	6794	U+8292	U+8292
E48B	6795	U+82AB	U+82AB
E48C	6796	U+829F	U+829F
E48D	6797	U+82BB	U+82BB
E48E	6798	U+82AC	U+82AC
E48F	6799	U+82E1	U+82E1
E490	6800	U+82E3	U+82E3
E491	6801	U+82DF	U+82DF
E492	6802	U+82D2	U+82D2
E493	6803	U+82F4	U+82F4
E494	6804	U+82F3	U+82F3
E495	6805	U+82FA	U+82FA
E496	6806	U+8393	U+8393
E497	6807	U+8303	U+8303
E498	6808	U+82FB	U+82FB
E499	6809	U+82F9	U+82F9
E49A	6810	U+82DE	U+82DE
E49B	6811	U+8306	U+8306
E49C	6812	U+82DC	U+82DC
E49D	6813	U+8309	U+8309
E49E	6814	U+82D9	U+82D9
E49F	6815	U+8335	U+8335
E4A0	6816	U+8334	U+8334
E4A1	6817	U+8316	U+8316
E4A2	6818	U+8332	U+8332
E4A3	6819	U+8331	U+8331
E4A4	6820	U+8340	U+8340
E4A5	6821	U+8339	U+8339
E4A6	6822	U+8350	U+8350
E4A7	6823	U+8345	U+8345
E4A8	6824	U+832F	U+832F
E4A9	6825	U+832B	U+832B
E4AA	6826	U+8317	U+8317
E4AB	6827	U+8318	U+8318
E4AC	6828	U+8385	U+8385
E4AD	6829	U+839A	U+839A
E4AE	6830	U+83AA	U+83AA
E4AF	6831	U+839F	U+839F
E4B0	6832	U+83A2	U+83A2
E4B1	6833	U+8396	U+8396
E4B2	6834	U+8323	U+8323
E4B3	6835	U+838E	U+838E
E4B4	6836	U+8387	U+8387
E4B5	6837	U+838A	U+838A
E4B6	6838	U+837C	U+837C
E4B7	6839	U+83B5	U+83B5
E4B8	6840	U+8373	U+8373
E4B9	6841	U+8375	U+8375
E4BA	6842	U+83A0	U+83A0
E4BB	6843	U+8389	U+8389
E4BC	6844	U+83A8	U+83A8
E4BD	6845	U+83F4	U+83F4
E4BE	6846	U+8413	U+8413
E4BF	6847	U+83EB	U+83EB
E4C0	6848	U+83CE	U+83CE
E4C1	6849	U+83FD	U+83FD
E4C2	6850	U+8403	U+8403
E4C3	6851	U+83D8	U+83D8
E4C4	6852	U+840B	U+840B
E4C5	6853	U+83C1	U+83C1
E4C6	6854	U+83F7	U+83F7
E4C7	6855	U+8407	U+8407
E4C8	6856	U+83E0	U+83E0
E4C9	6857	U+83F2	U+83F2
E4CA	6858	U+840D	U+840D
E4CB	6859	U+8422	U+8422
E4CC	6860	U+8420	U+8420
E4CD	6861	U+83BD	U+83BD
E4CE	6862	U+8438	U+8438
E4CF	6863	U+8506	U+8506
E4D0	6864	U+83FB	U+83FB
E4D1	6865	U+846D	U+846D
E4D2	6866	U+842A	U+842A
E4D3	6867	U+843C	U+843C
E4D4	6868	U+855A	U+855A
E4D5	6869	U+8484	U+8484
E4D6	6870	U+8477	U+8477
E4D7	6871	U+846B	U+846B
E4D8	6872	U+84AD	U+84AD
E4D9	6873	U+846E	U+846E
E4DA	6874	U+8482	U+8482
E4DB	6875	U+8469	U+8469
E4DC	6876	U+8446	U+8446
E4DD	6877	U+842C	U+842C
E4DE	6878	U+846F	U+846F
E4DF	6879	U+8479	U+8479
E4E0	6880	U+8435	U+8435
E4E1	6881	U+84CA	U+84CA
E4E2	6882	U+8462	U+8462
E4E3	6883	U+84B9	U+84B9
E4E4	6884	U+84BF	U+84BF
E4E5	6885	U+849F	U+849F
E4E6	6886	U+84D9	U+84D9
E4E7	6887	U+84CD	U+84CD
E4E8	6888	U+84BB	U+84BB
E4E9	6889	U+84DA	U+84DA
E4EA	6890	U+84D0	U+84D0
E4EB	6891	U+84C1	U+84C1
E4EC	6892	U+84C6	U+84C6
E4ED	6893	U+84D6	U+84D6
E4EE	6894	U+84A1	U+84A1
E4EF	6895	U+8521	U+8521
E4F0	6896	U+84FF	U+84FF
E4F1	6897	U+84F4	U+84F4
E4F2	6898	U+8517	U+8517
E4F3	6899	U+8518	U+8518
E4F4	6900	U+852C	U+852C
E4F5	6901	U+851F	U+851F
E4F6	6902	U+8515	U+8515
E4F7	6903	U+8514	U+8514
E4F8	6904	U+84FC	U+84FC
E4F9	6905	U+8540	U+8540
E4FA	6906	U+8563	U+8563
E4FB	6907	U+8558	U+8558
E4FC	6908	U+8548	U+8548
E540	6912	U+8541	U+8541
E541	6913	U+8602	U+8602
E542	6914	U+854B	U+854B
E543	6915	U+8555	U+8555
E544	6916	U+8580	U+8580
E545	6917	U+85A4	U+85A4
E546	6918	U+8588	U+8588
E547	6919	U+8591	U+8591
E548	6920	U+858A	U+858A
E549	6921	U+85A8	U+85A8
E54A	6922	U+856D	U+856D
E54B	6923	U+8594	U+8594
E54C	6924	U+859B	U+859B
E54D	6925	U+85EA	U+85EA
E54E	6926	U+8587	U+8587
E54F	6927	U+859C	U+859C
E550	6928	U+8577	U+8577
E551	6929	U+857E	U+857E
E552	6930	U+8590	U+8590
E553	6931	U+85C9	U+85C9
E554	6932	U+85BA	U+85BA
E555	6933	U+85CF	U+85CF
E556	6934	U+85B9	U+85B9
E557	6935	U+85D0	U+85D0
E558	6936	U+85D5	U+85D5
E559	6937	U+85DD	U+85DD
E55A	6938	U+85E5	U+85E5
E55B	6939	U+85DC	U+85DC
E55C	6940	U+85F9	U+85F9
E55D	6941	U+860A	U+860A
E55E	6942	U+8613	U+8613
E55F	6943	U+860B	U+860B
E560	6944	U+85FE	U+85FE
E561	6945	U+85FA	U+85FA
E562	6946	U+8606	U+8606
E563	6947	U+8622	U+8622
E564	6948	U+861A	U+861A
E565	6949	U+8630	U+8630
E566	6950	U+863F	U+863F
E567	6951	U+864D	U+864D
E568	6952	U+4E55	U+4E55
E569	6953	U+8654	U+8654
E56A	6954	U+865F	U+865F
E56B	6955	U+8667	U+8667
E56C	6956	U+8671	U+8671
E56D	6957	U+8693	U+8693
E56E	6958	U+86A3	U+86A3
E56F	6959	U+86A9	U+86A9
E570	6960	U+86AA	U+86AA
E571	6961	U+868B	U+868B
E572	6962	U+868C	U+868C
E573	6963	U+86B6	U+86B6
E574	6964	U+86AF	U+86AF
E575	6965	U+86C4	U+86C4
E576	6966	U+86C6	U+86C6
E577	6967	U+86B0	U+86B0
E578	6968	U+86C9	U+86C9
E579	6969	U+8823	U+8823
E57A	6970	U+86AB	U+86AB
E57B	6971	U+86D4	U+86D4
E57C	6972	U+86DE	U+86DE
E57D	6973	U+86E9	U+86E9
E57E	6974	U+86EC	U+86EC
E580	6976	U+86DF	U+86DF
E581	6977	U+86DB	U+86DB
E582	6978	U+86EF	U+86EF
E583	6979	U+8712	U+8712
E584	6980	U+8706	U+8706
E585	6981	U+8708	U+8708
E586	6982	U+8700	U+8700
E587	6983	U+8703	U+8703
E588	6984	U+86FB	U+86FB
E589	6985	U+8711	U+8711
E58A	6986	U+8709	U+8709
E58B	6987	U+870D	U+870D
E58C	6988	U+86F9	U+86F9
E58D	6989	U+870A	U+870A
E58E	6990	U+8734	U+8734
E58F	6991	U+873F	U+873F
E590	6992	U+8737	U+8737
E591	6993	U+873B	U+873B
E592	6994	U+8725	U+8725
E593	6995	U+8729	U+8729
E594	6996	U+871A	U+871A
E595	6997	U+8760	U+8760
E596	6998	U+875F	U+875F
E597	6999	U+8778	U+8778
E598	7000	U+874C	U+874C
E599	7001	U+874E	U+874E
E59A	7002	U+8774	U+8774
E59B	7003	U+8757	U+8757
E59C	7004	U+8768	U+8768
E59D	7005	U+876E	U+876E
E59E	7006	U+8759	U+8759
E59F	7007	U+8753	U+8753
E5A0	7008	U+8763	U+8763
E5A1	7009	U+876A	U+876A
E5A2	7010	U+8805	U+8805
E5A3	7011	U+87A2	U+87A2
E5A4	7012	U+879F	U+879F
E5A5	7013	U+8782	U+8782
E5A6	7014	U+87AF	U+87AF
E5A7	7015	U+87CB	U+87CB
E5A8	7016	U+87BD	U+87BD
E5A9	7017	U+87C0	U+87C0
E5AA	7018	U+87D0	U+87D0
E5AB	7019	U+96D6	U+96D6
E5AC	7020	U+87AB	U+87AB
E5AD	7021	U+87C4	U+87C4
E5AE	7022	U+87B3	U+87B3
E5AF	7023	U+87C7	U+87C7
E5B0	7024	U+87C6	U+87C6
E5B1	7025	U+87BB	U+87BB
E5B2	7026	U+87EF	U+87EF
E5B3	7027	U+87F2	U+87F2
E5B4	7028	U+87E0	U+87E0
E5B5	7029	U+880F	U+880F
E5B6	7030	U+880D	U+880D
E5B7	7031	U+87FE	U+87FE
E5B8	7032	U+87F6	U+87F6
E5B9	7033	U+87F7	U+87F7
E5BA	7034	U+880E	U+880E
E5BB	7035	U+87D2	U+87D2
E5BC	7036	U+8811	U+8811
E5BD	7037	U+8816	U+8816
E5BE	7038	U+8815	U+8815
E5BF	7039	U+8822	U+8822
E5C0	7040	U+8821	U+8821
E5C1	7041	U+8831	U+8831
E5C2	7042	U+8836	U+8836
E5C3	7043	U+8839	U+8839
E5C4	7044	U+8827	U+8827
E5C5	7045	U+883B	U+883B
E5C6	7046	U+8844	U+8844
E5C7	7047	U+8842	U+8842
E5C8	7048	U+8852	U+8852
E5C9	7049	U+8859	U+8859
E5CA	7050	U+885E	U+885E
E5CB	7051	U+8862	U+8862
E5CC	7052	U+886B	U+886B
E5CD	7053	U+8881	U+8881
E5CE	7054	U+887E	U+887E
E5CF	7055	U+889E	U+889E
E5D0	7056	U+8875	U+8875
E5D1	7057	U+887D	U+887D
E5D2	7058	U+88B5	U+88B5
E5D3	7059	U+8872	U+8872
E5D4	7060	U+8882	U+8882
E5D5	7061	U+8897	U+8897
E5D6	7062	U+8892	U+8892
E5D7	7063	U+88AE	U+88AE
E5D8	7064	U+8899	U+8899
E5D9	7065	U+88A2	U+88A2
E5DA	7066	U+888D	U+888D
E5DB	7067	U+88A4	U+88A4
E5DC	7068	U+88B0	U+88B0
E5DD	7069	U+88BF	U+88BF
E5DE	7070	U+88B1	U+88B1
E5DF	7071	U+88C3	U+88C3
E5E0	7072	U+88C4	U+88C4
E5E1	7073	U+88D4	U+88D4
E5E2	7074	U+88D8	U+88D8
E5E3	7075	U+88D9	U+88D9
E5E4	7076	U+88DD	U+88DD
E5E5	7077	U+88F9	U+88F9
E5E6	7078	U+8902	U+8902
E5E7	7079	U+88FC	U+88FC
E5E8	7080	U+88F4	U+88F4
E5E9	7081	U+88E8	U+88E8
E5EA	7082	U+88F2	U+88F2
E5EB	7083	U+8904	U+8904
E5EC	7084	U+890C	U+890C
E5ED	7085	U+890A	U+890A
E5EE	7086	U+8913	U+8913
E5EF	7087	U+8943	U+8943
E5F0	7088	U+891E	U+891E
E5F1	7089	U+8925	U+8925
E5F2	7090	U+892A	U+892A
E5F3	7091	U+892B	U+892B
E5F4	7092	U+8941	U+8941
E5F5	7093	U+8944	U+8944
E5F6	7094	U+893B	U+893B
E5F7	7095	U+8936	U+8936
E5F8	7096	U+8938	U+8938
E5F9	7097	U+894C	U+894C
E5FA	7098	U+891D	U+891D
E5FB	7099	U+8960	U+8960
E5FC	7100	U+895E	U+895E
E640	7104	U+8966	U+8966
E641	7105	U+8964	U+8964
E642	7106	U+896D	U+896D
E643	7107	U+896A	U+896A
E644	7108	U+896F	U+896F
E645	7109	U+8974	U+8974
E646	7110	U+8977	U+8977
E647	7111	U+897E	U+897E
E648	7112	U+8983	U+8983
E649	7113	U+8988	U+8988
E64A	7114	U+898A	U+898A
E64B	7115	U+8993	U+8993
E64C	7116	U+8998	U+8998
E64D	7117	U+89A1	U+89A1
E64E	7118	U+89A9	U+89A9
E64F	7119	U+89A6	U+89A6
E650	7120	U+89AC	U+89AC
E651	7121	U+89AF	U+89AF
E652	7122	U+89B2	U+89B2
E653	7123	U+89BA	U+89BA
E654	7124	U+89BD	U+89BD
E655	7125	U+89BF	U+89BF
E656	7126	U+89C0	U+89C0
E657	7127	U+89DA	U+89DA
E658	7128	U+89DC	U+89DC
E659	7129	U+89DD	U+89DD
E65A	7130	U+89E7	U+89E7
E65B	7131	U+89F4	U+89F4
E65C	7132	U+89F8	U+89F8
E65D	7133	U+8A03	U+8A03
E65E	7134	U+8A16	U+8A16
E65F	7135	U+8A10	U+8A10
E660	7136	U+8A0C	U+8A0C
E661	7137	U+8A1B	U+8A1B
E662	7138	U+8A1D	U+8A1D
E663	7139	U+8A25	U+8A25
E664	7140	U+8A36	U+8A36
E665	7141	U+8A41	U+8A41
E666	7142	U+8A5B	U+8A5B
E667	7143	U+8A52	U+8A52
E668	7144	U+8A46	U+8A46
E669	7145	U+8A48	U+8A48
E66A	7146	U+8A7C	U+8A7C
E66B	7147	U+8A6D	U+8A6D
E66C	7148	U+8A6C	U+8A6C
E66D	7149	U+8A62	U+8A62
E66E	7150	U+8A85	U+8A85
E66F	7151	U+8A82	U+8A82
E670	7152	U+8A84	U+8A84
E671	7153	U+8AA8	U+8AA8
E672	7154	U+8AA1	U+8AA1
E673	7155	U+8A91	U+8A91
E674	7156	U+8AA5	U+8AA5
E675	7157	U+8AA6	U+8AA6
E676	7158	U+8A9A	U+8A9A
E677	7159	U+8AA3	U+8AA3
E678	7160	U+8AC4	U+8AC4
E679	7161	U+8ACD	U+8ACD
E67A	7162	U+8AC2	U+8AC2
E67B	7163	U+8ADA	U+8ADA
E67C	7164	U+8AEB	U+8AEB
E67D	7165	U+8AF3	U+8AF3
E67E	7166	U+8AE7	U+8AE7
E680	7168	U+8AE4	U+8AE4
E681	7169	U+8AF1	U+8AF1
E682	7170	U+8B14	U+8B14
E683	7171	U+8AE0	U+8AE0
E684	7172	U+8AE2	U+8AE2
E685	7173	U+8AF7	U+8AF7
E686	7174	U+8ADE	U+8ADE
E687	7175	U+8ADB	U+8ADB
E688	7176	U+8B0C	U+8B0C
E689	7177	U+8B07	U+8B07
E68A	7178	U+8B1A	U+8B1A
E68B	7179	U+8AE1	U+8AE1
E68C	7180	U+8B16	U+8B16
E68D	7181	U+8B10	U+8B10
E68E	7182	U+8B17	U+8B17
E68F	7183	U+8B20	U+8B20
E690	7184	U+8B33	U+8B33
E691	7185	U+97AB	U+97AB
E692	7186	U+8B26	U+8B26
E693	7187	U+8B2B	U+8B2B
E694	7188	U+8B3E	U+8B3E
E695	7189	U+8B28	U+8B28
E696	7190	U+8B41	U+8B41
E697	7191	U+8B4C	U+8B4C
E698	7192	U+8B4F	U+8B4F
E699	7193	U+8B4E	U+8B4E
E69A	7194	U+8B49	U+8B49
E69B	7195	U+8B56	U+8B56
E69C	7196	U+8B5B	U+8B5B
E69D	7197	U+8B5A	U+8B5A
E69E	7198	U+8B6B	U+8B6B
E69F	7199	U+8B5F	U+8B5F
E6A0	7200	U+8B6C	U+8B6C
E6A1	7201	U+8B6F	U+8B6F
E6A2	7202	U+8B74	U+8B74
E6A3	7203	U+8B7D	U+8B7D
E6A4	7204	U+8B80	U+8B80
E6A5	7205	U+8B8C	U+8B8C
E6A6	7206	U+8B8E	U+8B8E
E6A7	7207	U+8B92	U+8B92
E6A8	7208	U+8B93	U+8B93
E6A9	7209	U+8B96	U+8B96
E6AA	7210	U+8B99	U+8B99
E6AB	7211	U+8B9A	U+8B9A
E6AC	7212	U+8C3A	U+8C3A
E6AD	7213	U+8C41	U+8C41
E6AE	7214	U+8C3F	U+8C3F
E6AF	7215	U+8C48	U+8C48
E6B0	7216	U+8C4C	U+8C4C
E6B1	7217	U+8C4E	U+8C4E
E6B2	7218	U+8C50	U+8C50
E6B3	7219	U+8C55	U+8C55
E6B4	7220	U+8C62	U+8C62
E6B5	7221	U+8C6C	U+8C6C
E6B6	7222	U+8C78	U+8C78
E6B7	7223	U+8C7A	U+8C7A
E6B8	7224	U+8C82	U+8C82
E6B9	7225	U+8C89	U+8C89
E6BA	7226	U+8C85	U+8C85
E6BB	7227	U+8C8A	U+8C8A
E6BC	7228	U+8C8D	U+8C8D
E6BD	7229	U+8C8E	U+8C8E
E6BE	7230	U+8C94	U+8C94
E6BF	7231	U+8C7C	U+8C7C
E6C0	7232	U+8C98	U+8C98
E6C1	7233	U+621D	U+621D
E6C2	7234	U+8CAD	U+8CAD
E6C3	7235	U+8CAA	U+8CAA
E6C4	7236	U+8CBD	U+8CBD
E6C5	7237	U+8CB2	U+8CB2
E6C6	7238	U+8CB3	U+8CB3
E6C7	7239	U+8CAE	U+8CAE
E6C8	7240	U+8CB6	U+8CB6
E6C9	7241	U+8CC8	U+8CC8
E6CA	7242	U+8CC1	U+8CC1
E6CB	7243	U+8CE4	U+8CE4
E6CC	7244	U+8CE3	U+8CE3
E6CD	7245	U+8CDA	U+8CDA
E6CE	7246	U+8CFD	U+8CFD
E6CF	7247	U+8CFA	U+8CFA
E6D0	7248	U+8CFB	U+8CFB
E6D1	7249	U+8D04	U+8D04
E6D2	7250	U+8D05	U+8D05
E6D3	7251	U+8D0A	U+8D0A
E6D4	7252	U+8D07	U+8D07
E6D5	7253	U+8D0F	U+8D0F
E6D6	7254	U+8D0D	U+8D0D
E6D7	7255	U+8D10	U+8D10
E6D8	7256	U+9F4E	U+9F4E
E6D9	7257	U+8D13	U+8D13
E6DA	7258	U+8CCD	U+8CCD
E6DB	7259	U+8D14	U+8D14
E6DC	7260	U+8D16	U+8D16
E6DD	7261	U+8D67	U+8D67
E6DE	7262	U+8D6D	U+8D6D
E6DF	7263	U+8D71	U+8D71
E6E0	7264	U+8D73	U+8D73
E6E1	7265	U+8D81	U+8D81
E6E2	7266	U+8D99	U+8D99
E6E3	7267	U+8DC2	U+8DC2
E6E4	7268	U+8DBE	U+8DBE
E6E5	7269	U+8DBA	U+8DBA
E6E6	7270	U+8DCF	U+8DCF
E6E7	7271	U+8DDA	U+8DDA
E6E8	7272	U+8DD6	U+8DD6
E6E9	7273	U+8DCC	U+8DCC
E6EA	7274	U+8DDB	U+8DDB
E6EB	7275	U+8DCB	U+8DCB
E6EC	7276	U+8DEA	U+8DEA
E6ED	7277	U+8DEB	U+8DEB
E6EE	7278	U+8DDF	U+8DDF
E6EF	7279	U+8DE3	U+8DE3
E6F0	7280	U+8DFC	U+8DFC
E6F1	7281	U+8E08	U+8E08
E6F2	7282	U+8E09	U+8E09
E6F3	7283	U+8DFF	U+8DFF
E6F4	7284	U+8E1D	U+8E1D
E6F5	7285	U+8E1E	U+8E1E
E6F6	7286	U+8E10	U+8E10
E6F7	7287	U+8E1F	U+8E1F
E6F8	7288	U+8E42	U+8E42
E6F9	7289	U+8E35	U+8E35
E6FA	7290	U+8E30	U+8E30
E6FB	7291	U+8E34	U+8E34
E6FC	7292	U+8E4A	U+8E4A
E740	7296	U+8E47	U+8E47
E741	7297	U+8E49	U+8E49
E742	7298	U+8E4C	U+8E4C
E743	7299	U+8E50	U+8E50
E744	7300	U+8E48	U+8E48
E745	7301	U+8E59	U+8E59
E746	7302	U+8E64	U+8E64
E747	7303	U+8E60	U+8E60
E748	7304	U+8E2A	U+8E2A
E749	7305	U+8E63	U+8E63
E74A	7306	U+8E55	U+8E55
E74B	7307	U+8E76	U+8E76
E74C	7308	U+8E72	U+8E72
E74D	7309	U+8E7C	U+8E7C
E74E	7310	U+8E81	U+8E81
E74F	7311	U+8E87	U+8E87
E750	7312	U+8E85	U+8E85
E751	7313	U+8E84	U+8E84
E752	7314	U+8E8B	U+8E8B
E753	7315	U+8E8A	U+8E8A
E754	7316	U+8E93	U+8E93
E755	7317	U+8E91	U+8E91
E756	7318	U+8E94	U+8E94
E757	7319	U+8E99	U+8E99
E758	7320	U+8EAA	U+8EAA
E759	7321	U+8EA1	U+8EA1
E75A	7322	U+8EAC	U+8EAC
E75B	7323	U+8EB0	U+8EB0
E75C	7324	U+8EC6	U+8EC6
E75D	7325	U+8EB1	U+8EB1
E75E	7326	U+8EBE	U+8EBE
E75F	7327	U+8EC5	U+8EC5
E760	7328	U+8EC8	U+8EC8
E761	7329	U+8ECB	U+8ECB
E762	7330	U+8EDB	U+8EDB
E763	7331	U+8EE3	U+8EE3
E764	7332	U+8EFC	U+8EFC
E765	7333	U+8EFB	U+8EFB
E766	7334	U+8EEB	U+8EEB
E767	7335	U+8EFE	U+8EFE
E768	7336	U+8F0A	U+8F0A
E769	7337	U+8F05	U+8F05
E76A	7338	U+8F15	U+8F15
E76B	7339	U+8F12	U+8F12
E76C	7340	U+8F19	U+8F19
E76D	7341	U+8F13	U+8F13
E76E	7342	U+8F1C	U+8F1C
E76F	7343	U+8F1F	U+8F1F
E770	7344	U+8F1B	U+8F1B
E771	7345	U+8F0C	U+8F0C
E772	7346	U+8F26	U+8F26
E773	7347	U+8F33	U+8F33
E774	7348	U+8F3B	U+8F3B
E775	7349	U+8F39	U+8F39
E776	7350	U+8F45	U+8F45
E777	7351	U+8F42	U+8F42
E778	7352	U+8F3E	U+8F3E
E779	7353	U+8F4C	U+8F4C
E77A	7354	U+8F49	U+8F49
E77B	7355	U+8F46	U+8F46
E77C	7356	U+8F4E	U+8F4E
E77D	7357	U+8F57	U+8F57
E77E	7358	U+8F5C	U+8F5C
E780	7360	U+8F62	U+8F62
E781	7361	U+8F63	U+8F63
E782	7362	U+8F64	U+8F64
E783	7363	U+8F9C	U+8F9C
E784	7364	U+8F9F	U+8F9F
E785	7365	U+8FA3	U+8FA3
E786	7366	U+8FAD	U+8FAD
E787	7367	U+8FAF	U+8FAF
E788	7368	U+8FB7	U+8FB7
E789	7369	U+8FDA	U+8FDA
E78A	7370	U+8FE5	U+8FE5
E78B	7371	U+8FE2	U+8FE2
E78C	7372	U+8FEA	U+8FEA
E78D	7373	U+8FEF	U+8FEF
E78E	7374	U+9087	U+9087
E78F	7375	U+8FF4	U+8FF4
E790	7376	U+9005	U+9005
E791	7377	U+8FF9	U+8FF9
E792	7378	U+8FFA	U+8FFA
E793	7379	U+9011	U+9011
E794	7380	U+9015	U+9015
E795	7381	U+9021	U+9021
E796	7382	U+900D	U+900D
E797	7383	U+901E	U+901E
E798	7384	U+9016	U+9016
E799	7385	U+900B	U+900B
E79A	7386	U+9027	U+9027
E79B	7387	U+9036	U+9036
E79C	7388	U+9035	U+9035
E79D	7389	U+9039	U+9039
E79E	7390	U+8FF8	U+8FF8
E79F	7391	U+904F	U+904F
E7A0	7392	U+9050	U+9050
E7A1	7393	U+9051	U+9051
E7A2	7394	U+9052	U+9052
E7A3	7395	U+900E	U+900E
E7A4	7396	U+9049	U+9049
E7A5	7397	U+903E	U+903E
E7A6	7398	U+9056	U+9056
E7A7	7399	U+9058	U+9058
E7A8	7400	U+905E	U+905E
E7A9	7401	U+9068	U+9068
E7AA	7402	U+906F	U+906F
E7AB	7403	U+9076	U+9076
E7AC	7404	U+96A8	U+96A8
E7AD	7405	U+9072	U+9072
E7AE	7406	U+9082	U+9082
E7AF	7407	U+907D	U+907D
E7B0	7408	U+9081	U+9081
E7B1	7409	U+9080	U+9080
E7B2	7410	U+908A	U+908A
E7B3	7411	U+9089	U+9089
E7B4	7412	U+908F	U+908F
E7B5	7413	U+90A8	U+90A8
E7B6	7414	U+90AF	U+90AF
E7B7	7415	U+90B1	U+90B1
E7B8	7416	U+90B5	U+90B5
E7B9	7417	U+90E2	U+90E2
E7BA	7418	U+90E4	U+90E4
E7BB	7419	U+6248	U+6248
E7BC	7420	U+90DB	U+90DB
E7BD	7421	U+9102	U+9102
E7BE	7422	U+9112	U+9112
E7BF	7423	U+9119	U+9119
E7C0	7424	U+9132	U+9132
E7C1	7425	U+9130	U+9130
E7C2	7426	U+914A	U+914A
E7C3	7427	U+9156	U+9156
E7C4	7428	U+9158	U+9158
E7C5	7429	U+9163	U+9163
E7C6	7430	U+9165	U+9165
E7C7	7431	U+9169	U+9169
E7C8	7432	U+9173	U+9173
E7C9	7433	U+9172	U+9172
E7CA	7434	U+918B	U+918B
E7CB	7435	U+9189	U+9189
E7CC	7436	U+9182	U+9182
E7CD	7437	U+91A2	U+91A2
E7CE	7438	U+91AB	U+91AB
E7CF	7439	U+91AF	U+91AF
E7D0	7440	U+91AA	U+91AA
E7D1	7441	U+91B5	U+91B5
E7D2	7442	U+91B4	U+91B4
E7D3	7443	U+91BA	U+91BA
E7D4	7444	U+91C0	U+91C0
E7D5	7445	U+91C1	U+91C1
E7D6	7446	U+91C9	U+91C9
E7D7	7447	U+91CB	U+91CB
E7D8	7448	U+91D0	U+91D0
E7D9	7449	U+91D6	U+91D6
E7DA	7450	U+91DF	U+91DF
E7DB	7451	U+91E1	U+91E1
E7DC	7452	U+91DB	U+91DB
E7DD	7453	U+91FC	U+91FC
E7DE	7454	U+91F5	U+91F5
E7DF	7455	U+91F6	U+91F6
E7E0	7456	U+921E	U+921E
E7E1	7457	U+91FF	U+91FF
E7E2	7458	U+9214	U+9214
E7E3	7459	U+922C	U+922C
E7E4	7460	U+9215	U+9215
E7E5	7461	U+9211	U+9211
E7E6	7462	U+925E	U+925E
E7E7	7463	U+9257	U+9257
E7E8	7464	U+9245	U+9245
E7E9	7465	U+9249	U+9249
E7EA	7466	U+9264	U+9264
E7EB	7467	U+9248	U+9248
E7EC	7468	U+9295	U+9295
E7ED	7469	U+923F	U+923F
E7EE	7470	U+924B	U+924B
E7EF	7471	U+9250	U+9250
E7F0	7472	U+929C	U+929C
E7F1	7473	U+9296	U+9296
E7F2	7474	U+9293	U+9293
E7F3	7475	U+929B	U+929B
E7F4	7476	U+925A	U+925A
E7F5	7477	U+92CF	U+92CF
E7F6	7478	U+92B9	U+92B9
E7F7	7479	U+92B7	U+92B7
E7F8	7480	U+92E9	U+92E9
E7F9	7481	U+930F	U+930F
E7FA	7482	U+92FA	U+92FA
E7FB	7483	U+9344	U+9344
E7FC	7484	U+932E	U+932E
E840	7488	U+9319	U+9319
E841	7489	U+9322	U+9322
E842	7490	U+931A	U+931A
E843	7491	U+9323	U+9323
E844	7492	U+933A	U+933A
E845	7493	U+9335	U+9335
E846	7494	U+933B	U+933B
E847	7495	U+935C	U+935C
E848	7496	U+9360	U+9360
E849	7497	U+937C	U+937C
E84A	7498	U+936E	U+936E
E84B	7499	U+9356	U+9356
E84C	7500	U+93B0	U+93B0
E84D	7501	U+93AC	U+93AC
E84E	7502	U+93AD	U+93AD
E84F	7503	U+9394	U+9394
E850	7504	U+93B9	U+93B9
E851	7505	U+93D6	U+93D6
E852	7506	U+93D7	U+93D7
E853	7507	U+93E8	U+93E8
E854	7508	U+93E5	U+93E5
E855	7509	U+93D8	U+93D8
E856	7510	U+93C3	U+93C3
E857	7511	U+93DD	U+93DD
E858	7512	U+93D0	U+93D0
E859	7513	U+93C8	U+93C8
E85A	7514	U+93E4	U+93E4
E85B	7515	U+941A	U+941A
E85C	7516	U+9414	U+9414
E85D	7517	U+9413	U+9413
E85E	7518	U+9403	U+9403
E85F	7519	U+9407	U+9407
E860	7520	U+9410	U+9410
E861	7521	U+9436	U+9436
E862	7522	U+942B	U+942B
E863	7523	U+9435	U+9435
E864	7524	U+9421	U+9421
E865	7525	U+943A	U+943A
E866	7526	U+9441	U+9441
E867	7527	U+9452	U+9452
E868	7528	U+9444	U+9444
E869	7529	U+945B	U+945B
E86A	7530	U+9460	U+9460
E86B	7531	U+9462	U+9462
E86C	7532	U+945E	U+945E
E86D	7533	U+946A	U+946A
E86E	7534	U+9229	U+9229
E86F	7535	U+9470	U+9470
E870	7536	U+9475	U+9475
E871	7537	U+9477	U+9477
E872	7538	U+947D	U+947D
E873	7539	U+945A	U+945A
E874	7540	U+947C	U+947C
E875	7541	U+947E	U+947E
E876	7542	U+9481	U+9481
E877	7543	U+947F	U+947F
E878	7544	U+9582	U+9582
E879	7545	U+9587	U+9587
E87A	7546	U+958A	U+958A
E87B	7547	U+9594	U+9594
E87C	7548	U+9596	U+9596
E87D	7549	U+9598	U+9598
E87E	7550	U+9599	U+9599
E880	7552	U+95A0	U+95A0
E881	7553	U+95A8	U+95A8
E882	7554	U+95A7	U+95A7
E883	7555	U+95AD	U+95AD
E884	7556	U+95BC	U+95BC
E885	7557	U+95BB	U+95BB
E886	7558	U+95B9	U+95B9
E887	7559	U+95BE	U+95BE
E888	7560	U+95CA	U+95CA
E889	7561	U+6FF6	U+6FF6
E88A	7562	U+95C3	U+95C3
E88B	7563	U+95CD	U+95CD
E88C	7564	U+95CC	U+95CC
E88D	7565	U+95D5	U+95D5
E88E	7566	U+95D4	U+95D4
E88F	7567	U+95D6	U+95D6
E890	7568	U+95DC	U+95DC
E891	7569	U+95E1	U+95E1
E892	7570	U+95E5	U+95E5
E893	7571	U+95E2	U+95E2
E894	7572	U+9621	U+9621
E895	7573	U+9628	U+9628
E896	7574	U+962E	U+962E
E897	7575	U+962F	U+962F
E898	7576	U+9642	U+9642
E899	7577	U+964C	U+964C
E89A	7578	U+964F	U+964F
E89B	7579	U+964B	U+964B
E89C	7580	U+9677	U+9677
E89D	7581	U+965C	U+965C
E89E	7582	U+965E	U+965E
E89F	7583	U+965D	U+965D
E8A0	7584	U+965F	U+965F
E8A1	7585	U+9666	U+9666
E8A2	7586	U+9672	U+9672
E8A3	7587	U+966C	U+966C
E8A4	7588	U+968D	U+968D
E8A5	7589	U+9698	U+9698
E8A6	7590	U+9695	U+9695
E8A7	7591	U+9697	U+9697
E8A8	7592	U+96AA	U+96AA
E8A9	7593	U+96A7	U+96A7
E8AA	7594	U+96B1	U+96B1
E8AB	7595	U+96B2	U+96B2
E8AC	7596	U+96B0	U+96B0
E8AD	7597	U+96B4	U+96B4
E8AE	7598	U+96B6	U+96B6
E8AF	7599	U+96B8	U+96B8
E8B0	7600	U+96B9	U+96B9
E8B1	7601	U+96CE	U+96CE
E8B2	7602	U+96CB	U+96CB
E8B3	7603	U+96C9	U+96C9
E8B4	7604	U+96CD	U+96CD
E8B5	7605	U+894D	U+894D
E8B6	7606	U+96DC	U+96DC
E8B7	7607	U+970D	U+970D
E8B8	7608	U+96D5	U+96D5
E8B9	7609	U+96F9	U+96F9
E8BA	7610	U+9704	U+9704
E8BB	7611	U+9706	U+9706
E8BC	7612	U+9708	U+9708
E8BD	7613	U+9713	U+9713
E8BE	7614	U+970E	U+970E
E8BF	7615	U+9711	U+9711
E8C0	7616	U+970F	U+970F
E8C1	7617	U+9716	U+9716
E8C2	7618	U+9719	U+9719
E8C3	7619	U+9724	U+9724
E8C4	7620	U+972A	U+972A
E8C5	7621	U+9730	U+9730
E8C6	7622	U+9739	U+9739
E8C7	7623	U+973D	U+973D
E8C8	7624	U+973E	U+973E
E8C9	7625	U+9744	U+9744
E8CA	7626	U+9746	U+9746
E8CB	7627	U+9748	U+9748
E8CC	7628	U+9742	U+9742
E8CD	7629	U+9749	U+9749
E8CE	7630	U+975C	U+975C
E8CF	7631	U+9760	U+9760
E8D0	7632	U+9764	U+9764
E8D1	7633	U+9766	U+9766
E8D2	7634	U+9768	U+9768
E8D3	7635	U+52D2	U+52D2
E8D4	7636	U+976B	U+976B
E8D5	7637	U+9771	U+9771
E8D6	7638	U+9779	U+9779
E8D7	7639	U+9785	U+9785
E8D8	7640	U+977C	U+977C
E8D9	7641	U+9781	U+9781
E8DA	7642	U+977A	U+977A
E8DB	7643	U+9786	U+9786
E8DC	7644	U+978B	U+978B
E8DD	7645	U+978F	U+978F
E8DE	7646	U+9790	U+9790
E8DF	7647	U+979C	U+979C
E8E0	7648	U+97A8	U+97A8
E8E1	7649	U+97A6	U+97A6
E8E2	7650	U+97A3	U+97A3
E8E3	7651	U+97B3	U+97B3
E8E4	7652	U+97B4	U+97B4
E8E5	7653	U+97C3	U+97C3
E8E6	7654	U+97C6	U+97C6
E8E7	7655	U+97C8	U+97C8
E8E8	7656	U+97CB	U+97CB
E8E9	7657	U+97DC	U+97DC
E8EA	7658	U+97ED	U+97ED
E8EB	7659	U+9F4F	U+9F4F
E8EC	7660	U+97F2	U+97F2
E8ED	7661	U+7ADF	U+7ADF
E8EE	7662	U+97F6	U+97F6
E8EF	7663	U+97F5	U+97F5
E8F0	7664	U+980F	U+980F
E8F1	7665	U+980C	U+980C
E8F2	7666	U+9838	U+9838
E8F3	7667	U+9824	U+9824
E8F4	7668	U+9821	U+9821
E8F5	7669	U+9837	U+9837
E8F6	7670	U+983D	U+983D
E8F7	7671	U+9846	U+9846
E8F8	7672	U+984F	U+984F
E8F9	7673	U+984B	U+984B
E8FA	7674	U+986B	U+986B
E8FB	7675	U+986F	U+986F
E8FC	7676	U+9870	U+9870
E940	7680	U+9871	U+9871
E941	7681	U+9874	U+9874
E942	7682	U+9873	U+9873
E943	7683	U+98AA	U+98AA
E944	7684	U+98AF	U+98AF
E945	7685	U+98B1	U+98B1
E946	7686	U+98B6	U+98B6
E947	7687	U+98C4	U+98C4
E948	7688	U+98C3	U+98C3
E949	7689	U+98C6	U+98C6
E94A	7690	U+98E9	U+98E9
E94B	7691	U+98EB	U+98EB
E94C	7692	U+9903	U+9903
E94D	7693	U+9909	U+9909
E94E	7694	U+9912	U+9912
E94F	7695	U+9914	U+9914
E950	7696	U+9918	U+9918
E951	7697	U+9921	U+9921
E952	7698	U+991D	U+991D
E953	7699	U+991E	U+991E
E954	7700	U+9924	U+9924
E955	7701	U+9920	U+9920
E956	7702	U+992C	U+992C
E957	7703	U+992E	U+992E
E958	7704	U+993D	U+993D
E959	7705	U+993E	U+993E
E95A	7706	U+9942	U+9942
E95B	7707	U+9949	U+9949
E95C	7708	U+9945	U+9945
E95D	7709	U+9950	U+9950
E95E	7710	U+994B	U+994B
E95F	7711	U+9951	U+9951
E960	7712	U+9952	U+9952
E961	7713	U+994C	U+994C
E962	7714	U+9955	U+9955
E963	7715	U+9997	U+9997
E964	7716	U+9998	U+9998
E965	7717	U+99A5	U+99A5
E966	7718	U+99AD	U+99AD
E967	7719	U+99AE	U+99AE
E968	7720	U+99BC	U+99BC
E969	7721	U+99DF	U+99DF
E96A	7722	U+99DB	U+99DB
E96B	7723	U+99DD	U+99DD
E96C	7724	U+99D8	U+99D8
E96D	7725	U+99D1	U+99D1
E96E	7726	U+99ED	U+99ED
E96F	7727	U+99EE	U+99EE
E970	7728	U+99F1	U+99F1
E971	7729	U+99F2	U+99F2
E972	7730	U+99FB	U+99FB
E973	7731	U+99F8	U+99F8
E974	7732	U+9A01	U+9A01
E975	7733	U+9A0F	U+9A0F
E976	7734	U+9A05	U+9A05
E977	7735	U+99E2	U+99E2
E978	7736	U+9A19	U+9A19
E979	7737	U+9A2B	U+9A2B
E97A	7738	U+9A37	U+9A37
E97B	7739	U+9A45	U+9A45
E97C	7740	U+9A42	U+9A42
E97D	7741	U+9A40	U+9A40
E97E	7742	U+9A43	U+9A43
E980	7744	U+9A3E	U+9A3E
E981	7745	U+9A55	U+9A55
E982	7746	U+9A4D	U+9A4D
E983	7747	U+9A5B	U+9A5B
E984	7748	U+9A57	U+9A57
E985	7749	U+9A5F	U+9A5F
E986	7750	U+9A62	U+9A62
E987	7751	U+9A65	U+9A65
E988	7752	U+9A64	U+9A64
E989	7753	U+9A69	U+9A69
E98A	7754	U+9A6B	U+9A6B
E98B	7755	U+9A6A	U+9A6A
E98C	7756	U+9AAD	U+9AAD
E98D	7757	U+9AB0	U+9AB0
E98E	7758	U+9ABC	U+9ABC
E98F	7759	U+9AC0	U+9AC0
E990	7760	U+9ACF	U+9ACF
E991	7761	U+9AD1	U+9AD1
E992	7762	U+9AD3	U+9AD3
E993	7763	U+9AD4	U+9AD4
E994	7764	U+9ADE	U+9ADE
E995	7765	U+9ADF	U+9ADF
E996	7766	U+9AE2	U+9AE2
E997	7767	U+9AE3	U+9AE3
E998	7768	U+9AE6	U+9AE6
E999	7769	U+9AEF	U+9AEF
E99A	7770	U+9AEB	U+9AEB
E99B	7771	U+9AEE	U+9AEE
E99C	7772	U+9AF4	U+9AF4
E99D	7773	U+9AF1	U+9AF1
E99E	7774	U+9AF7	U+9AF7
E99F	7775	U+9AFB	U+9AFB
E9A0	7776	U+9B06	U+9B06
E9A1	7777	U+9B18	U+9B18
E9A2	7778	U+9B1A	U+9B1A
E9A3	7779	U+9B1F	U+9B1F
E9A4	7780	U+9B22	U+9B22
E9A5	7781	U+9B23	U+9B23
E9A6	7782	U+9B25	U+9B25
E9A7	7783	U+9B27	U+9B27
E9A8	7784	U+9B28	U+9B28
E9A9	7785	U+9B29	U+9B29
E9AA	7786	U+9B2A	U+9B2A
E9AB	7787	U+9B2E	U+9B2E
E9AC	7788	U+9B2F	U+9B2F
E9AD	7789	U+9B32	U+9B32
E9AE	7790	U+9B44	U+9B44
E9AF	7791	U+9B43	U+9B43
E9B0	7792	U+9B4F	U+9B4F
E9B1	7793	U+9B4D	U+9B4D
E9B2	7794	U+9B4E	U+9B4E
E9B3	7795	U+9B51	U+9B51
E9B4	7796	U+9B58	U+9B58
E9B5	7797	U+9B74	U+9B74
E9B6	7798	U+9B93	U+9B93
E9B7	7799	U+9B83	U+9B83
E9B8	7800	U+9B91	U+9B91
E9B9	7801	U+9B96	U+9B96
E9BA	7802	U+9B97	U+9B97
E9BB	7803	U+9B9F	U+9B9F
E9BC	7804	U+9BA0	U+9BA0
E9BD	7805	U+9BA8	U+9BA8
E9BE	7806	U+9BB4	U+9BB4
E9BF	7807	U+9BC0	U+9BC0
E9C0	7808	U+9BCA	U+9BCA
E9C1	7809	U+9BB9	U+9BB9
E9C2	7810	U+9BC6	U+9BC6
E9C3	7811	U+9BCF	U+9BCF
E9C4	7812	U+9BD1	U+9BD1
E9C5	7813	U+9BD2	U+9BD2
E9C6	7814	U+9BE3	U+9BE3
E9C7	7815	U+9BE2	U+9BE2
E9C8	7816	U+9BE4	U+9BE4
E9C9	7817	U+9BD4	U+9BD4
E9CA	7818	U+9BE1	U+9BE1
E9CB	7819	U+9C3A	U+9C3A
E9CC	7820	U+9BF2	U+9BF2
E9CD	7821	U+9BF1	U+9BF1
E9CE	7822	U+9BF0	U+9BF0
E9CF	7823	U+9C15	U+9C15
E9D0	7824	U+9C14	U+9C14
E9D1	7825	U+9C09	U+9C09
E9D2	7826	U+9C13	U+9C13
E9D3	7827	U+9C0C	U+9C0C
E9D4	7828	U+9C06	U+9C06
E9D5	7829	U+9C08	U+9C08
E9D6	7830	U+9C12	U+9C12
E9D7	7831	U+9C0A	U+9C0A
E9D8	7832	U+9C04	U+9C04
E9D9	7833	U+9C2E	U+9C2E
E9DA	7834	U+9C1B	U+9C1B
E9DB	7835	U+9C25	U+9C25
E9DC	7836	U+9C24	U+9C24
E9DD	7837	U+9C21	U+9C21
E9DE	7838	U+9C30	U+9C30
E9DF	7839	U+9C47	U+9C47
E9E0	7840	U+9C32	U+9C32
E9E1	7841	U+9C46	U+9C46
E9E2	7842	U+9C3E	U+9C3E
E9E3	7843	U+9C5A	U+9C5A
E9E4	7844	U+9C60	U+9C60
E9E5	7845	U+9C67	U+9C67
E9E6	7846	U+9C76	U+9C76
E9E7	7847	U+9C78	U+9C78
E9E8	7848	U+9CE7	U+9CE7
E9E9	7849	U+9CEC	U+9CEC
E9EA	7850	U+9CF0	U+9CF0
E9EB	7851	U+9D09	U+9D09
E9EC	7852	U+9D08	U+9D08
E9ED	7853	U+9CEB	U+9CEB
E9EE	7854	U+9D03	U+9D03
E9EF	7855	U+9D06	U+9D06
E9F0	7856	U+9D2A	U+9D2A
E9F1	7857	U+9D26	U+9D26
E9F2	7858	U+9DAF	U+9DAF
E9F3	7859	U+9D23	U+9D23
E9F4	7860	U+9D1F	U+9D1F
E9F5	7861	U+9D44	U+9D44
E9F6	7862	U+9D15	U+9D15
E9F7	7863	U+9D12	U+9D12
E9F8	7864	U+9D41	U+9D41
E9F9	7865	U+9D3F	U+9D3F
E9FA	7866	U+9D3E	U+9D3E
E9FB	7867	U+9D46	U+9D46
E9FC	7868	U+9D48	U+9D48
EA40	7872	U+9D5D	U+9D5D
EA41	7873	U+9D5E	U+9D5E
EA42	7874	U+9D64	U+9D64
EA43	7875	U+9D51	U+9D51
EA44	7876	U+9D50	U+9D50
EA45	7877	U+9D59	U+9D59
EA46	7878	U+9D72	U+9D72
EA47	7879	U+9D89	U+9D89
EA48	7880	U+9D87	U+9D87
EA49	7881	U+9DAB	U+9DAB
EA4A	7882	U+9D6F	U+9D6F
EA4B	7883	U+9D7A	U+9D7A
EA4C	7884	U+9D9A	U+9D9A
EA4D	7885	U+9DA4	U+9DA4
EA4E	7886	U+9DA9	U+9DA9
EA4F	7887	U+9DB2	U+9DB2
EA50	7888	U+9DC4	U+9DC4
EA51	7889	U+9DC1	U+9DC1
EA52	7890	U+9DBB	U+9DBB
EA53	7891	U+9DB8	U+9DB8
EA54	7892	U+9DBA	U+9DBA
EA55	7893	U+9DC6	U+9DC6
EA56	7894	U+9DCF	U+9DCF
EA57	7895	U+9DC2	U+9DC2
EA58	7896	U+9DD9	U+9DD9
EA59	7897	U+9DD3	U+9DD3
EA5A	7898	U+9DF8	U+9DF8
EA5B	7899	U+9DE6	U+9DE6
EA5C	7900	U+9DED	U+9DED
EA5D	7901	U+9DEF	U+9DEF
EA5E	7902	U+9DFD	U+9DFD
EA5F	7903	U+9E1A	U+9E1A
EA60	7904	U+9E1B	U+9E1B
EA61	7905	U+9E1E	U+9E1E
EA62	7906	U+9E75	U+9E75
EA63	7907	U+9E79	U+9E79
EA64	7908	U+9E7D	U+9E7D
EA65	7909	U+9E81	U+9E81
EA66	7910	U+9E88	U+9E88
EA67	7911	U+9E8B	U+9E8B
EA68	7912	U+9E8C	U+9E8C
EA69	7913	U+9E92	U+9E92
EA6A	7914	U+9E95	U+9E95
EA6B	7915	U+9E91	U+9E91
EA6C	7916	U+9E9D	U+9E9D
EA6D	7917	U+9EA5	U+9EA5
EA6E	7918	U+9EA9	U+9EA9
EA6F	7919	U+9EB8	U+9EB8
EA70	7920	U+9EAA	U+9EAA
EA71	7921	U+9EAD	U+9EAD
EA72	7922	U+9761	U+9761
EA73	7923	U+9ECC	U+9ECC
EA74	7924	U+9ECE	U+9ECE
EA75	7925	U+9ECF	U+9ECF
EA76	7926	U+9ED0	U+9ED0
EA77	7927	U+9ED4	U+9ED4
EA78	7928	U+9EDC	U+9EDC
EA79	7929	U+9EDE	U+9EDE
EA7A	7930	U+9EDD	U+9EDD
EA7B	7931	U+9EE0	U+9EE0
EA7C	7932	U+9EE5	U+9EE5
EA7D	7933	U+9EE8	U+9EE8
EA7E	7934	U+9EEF	U+9EEF
EA80	7936	U+9EF4	U+9EF4
EA81	7937	U+9EF6	U+9EF6
EA82	7938	U+9EF7	U+9EF7
EA83	7939	U+9EF9	U+9EF9
EA84	7940	U+9EFB	U+9EFB
EA85	7941	U+9EFC	U+9EFC
EA86	7942	U+9EFD	U+9EFD
EA87	7943	U+9F07	U+9F07
EA88	7944	U+9F08	U+9F08
EA89	7945	U+76B7	U+76B7
EA8A	7946	U+9F15	U+9F15
EA8B	7947	U+9F21	U+9F21
EA8C	7948	U+9F2C	U+9F2C
EA8D	7949	U+9F3E	U+9F3E
EA8E	7950	U+9F4A	U+9F4A
EA8F	7951	U+9F52	U+9F52
EA90	7952	U+9F54	U+9F54
EA91	7953	U+9F63	U+9F63
EA92	7954	U+9F5F	U+9F5F
EA93	7955	U+9F60	U+9F60
EA94	7956	U+9F61	U+9F61
EA95	7957	U+9F66	U+9F66
EA96	7958	U+9F67	U+9F67
EA97	7959	U+9F6C	U+9F6C
EA98	7960	U+9F6A	U+9F6A
EA99	7961	U+9F77	U+9F77
EA9A	7962	U+9F72	U+9F72
EA9B	7963	U+9F76	U+9F76
EA9C	7964	U+9F95	U+9F95
EA9D	7965	U+9F9C	U+9F9C
EA9E	7966	U+9FA0	U+9FA0
EA9F	7967	U+582F	U+582F
EAA0	7968	U+69C7	U+69C7
EAA1	7969	U+9059	U+9059
EAA2	7970	U+7464	U+7464
EAA3	7971	U+51DC	U+51DC
EAA4	7972	U+7199	U+7199
EAA5	7973		U+30FB
EAA6	7974		U+30FB
EAA7	7975		U+30FB
EAA8	7976		U+30FB
EAA9	7977		U+30FB
EAAA	7978		U+30FB
EAAB	7979		U+30FB
EAAC	7980		U+30FB
EAAD	7981		U+30FB
EAAE	7982		U+30FB
EAAF	7983		U+30FB
EAB0	7984		U+30FB
EAB1	7985		U+30FB
EAB2	7986		U+30FB
EAB3	7987		U+30FB
EAB4	7988		U+30FB
EAB5	7989		U+30FB
EAB6	7990		U+30FB
EAB7	7991		U+30FB
EAB8	7992		U+30FB
EAB9	7993		U+30FB
EABA	7994		U+30FB
EABB	7995		U+30FB
EABC	7996		U+30FB
EABD	7997		U+30FB
EABE	7998		U+30FB
EABF	7999		U+30FB
EAC0	8000		U+30FB
EAC1	8001		U+30FB
EAC2	8002		U+30FB
EAC3	8003		U+30FB
EAC4	8004		U+30FB
EAC5	8005		U+30FB
EAC6	8006		U+30FB
EAC7	8007		U+30FB
EAC8	8008		U+30FB
EAC9	8009		U+30FB
EACA	8010		U+30FB
EACB	8011		U+30FB
EACC	8012		U+30FB
EACD	8013		U+30FB
EACE	8014		U+30FB
EACF	8015		U+30FB
EAD0	8016		U+30FB
EAD1	8017		U+30FB
EAD2	8018		U+30FB
EAD3	8019		U+30FB
EAD4	8020		U+30FB
EAD5	8021		U+30FB
EAD6	8022		U+30FB
EAD7	8023		U+30FB
EAD8	8024		U+30FB
EAD9	8025		U+30FB
EADA	8026		U+30FB
EADB	8027		U+30FB
EADC	8028		U+30FB
EADD	8029		U+30FB
EADE	8030		U+30FB
EADF	8031		U+30FB
EAE0	8032		U+30FB
EAE1	8033		U+30FB
EAE2	8034		U+30FB
EAE3	8035		U+30FB
EAE4	8036		U+30FB
EAE5	8037		U+30FB
EAE6	8038		U+30FB
EAE7	8039		U+30FB
EAE8	8040		U+30FB
EAE9	8041		U+30FB
EAEA	8042		U+30FB
EAEB	8043		U+30FB
EAEC	8044		U+30FB
EAED	8045		U+30FB
EAEE	8046		U+30FB
EAEF	8047		U+30FB
EAF0	8048		U+30FB
EAF1	8049		U+30FB
EAF2	8050		U+30FB
EAF3	8051		U+30FB
EAF4	8052		U+30FB
EAF5	8053		U+30FB
EAF6	8054		U+30FB
EAF7	8055		U+30FB
EAF8	8056		U+30FB
EAF9	8057		U+30FB
EAFA	8058		U+30FB
EAFB	8059		U+30FB
EAFC	8060		U+30FB
EB40	8064		U+30FB
EB41	8065		U+30FB
EB42	8066		U+30FB
EB43	8067		U+30FB
EB44	8068		U+30FB
EB45	8069		U+30FB
EB46	8070		U+30FB
EB47	8071		U+30FB
EB48	8072		U+30FB
EB49	8073		U+30FB
EB4A	8074		U+30FB
EB4B	8075		U+30FB
EB4C	8076		U+30FB
EB4D	8077		U+30FB
EB4E	8078		U+30FB
EB4F	8079		U+30FB
EB50	8080		U+30FB
EB51	8081		U+30FB
EB52	8082		U+30FB
EB53	8083		U+30FB
EB54	8084		U+30FB
EB55	8085		U+30FB
EB56	8086		U+30FB
EB57	8087		U+30FB
EB58	8088		U+30FB
EB59	8089		U+30FB
EB5A	8090		U+30FB
EB5B	8091		U+30FB
EB5C	8092		U+30FB
EB5D	8093		U+30FB
EB5E	8094		U+30FB
EB5F	8095		U+30FB
EB60	8096		U+30FB
EB61	8097		U+30FB
EB62	8098		U+30FB
EB63	8099		U+30FB
EB64	8100		U+30FB
EB65	8101		U+30FB
EB66	8102		U+30FB
EB67	8103		U+30FB
EB68	8104		U+30FB
EB69	8105		U+30FB
EB6A	8106		U+30FB
EB6B	8107		U+30FB
EB6C	8108		U+30FB
EB6D	8109		U+30FB
EB6E	8110		U+30FB
EB6F	8111		U+30FB
EB70	8112		U+30FB
EB71	8113		U+30FB
EB72	8114		U+30FB
EB73	8115		U+30FB
EB74	8116		U+30FB
EB75	8117		U+30FB
EB76	8118		U+30FB
EB77	8119		U+30FB
EB78	8120		U+30FB
EB79	8121		U+30FB
EB7A	8122		U+30FB
EB7B	8123		U+30FB
EB7C	8124		U+30FB
EB7D	8125		U+30FB
EB7E	8126		U+30FB
EB80	8128		U+30FB
EB81	8129		U+30FB
EB82	8130		U+30FB
EB83	8131		U+30FB
EB84	8132		U+30FB
EB85	8133		U+30FB
EB86	8134		U+30FB
EB87	8135		U+30FB
EB88	8136		U+30FB
EB89	8137		U+30FB
EB8A	8138		U+30FB
EB8B	8139		U+30FB
EB8C	8140		U+30FB
EB8D	8141		U+30FB
EB8E	8142		U+30FB
EB8F	8143		U+30FB
EB90	8144		U+30FB
EB91	8145		U+30FB
EB92	8146		U+30FB
EB93	8147		U+30FB
EB94	8148		U+30FB
EB95	8149		U+30FB
EB96	8150		U+30FB
EB97	8151		U+30FB
EB98	8152		U+30FB
EB99	8153		U+30FB
EB9A	8154		U+30FB
EB9B	8155		U+30FB
EB9C	8156		U+30FB
EB9D	8157		U+30FB
EB9E	8158		U+30FB
EB9F	8159		U+30FB
EBA0	8160		U+30FB
EBA1	8161		U+30FB
EBA2	8162		U+30FB
EBA3	8163		U+30FB
EBA4	8164		U+30FB
EBA5	8165		U+30FB
EBA6	8166		U+30FB
EBA7	8167		U+30FB
EBA8	8168		U+30FB
EBA9	8169		U+30FB
EBAA	8170		U+30FB
EBAB	8171		U+30FB
EBAC	8172		U+30FB
EBAD	8173		U+30FB
EBAE	8174		U+30FB
EBAF	8175		U+30FB
EBB0	8176		U+30FB
EBB1	8177		U+30FB
EBB2	8178		U+30FB
EBB3	8179		U+30FB
EBB4	8180		U+30FB
EBB5	8181		U+30FB
EBB6	8182		U+30FB
EBB7	8183		U+30FB
EBB8	8184		U+30FB
EBB9	8185		U+30FB
EBBA	8186		U+30FB
EBBB	8187		U+30FB
EBBC	8188		U+30FB
EBBD	8189		U+30FB
EBBE	8190		U+30FB
EBBF	8191		U+30FB
